ISO-10303-21;
HEADER;
/* Generated by software containing ST-Developer
 * from STEP Tools, Inc. (www.steptools.com) 
 */

FILE_DESCRIPTION(
/* description */ (''),
/* implementation_level */ '2;1');

FILE_NAME(
/* name */ 'Case.step',
/* time_stamp */ '2026-07-25T14:14:08-04:00',
/* author */ (''),
/* organization */ (''),
/* preprocessor_version */ 'ST-DEVELOPER v20.1',
/* originating_system */ 'Autodesk Translation Framework v15.8.0.0',
/* authorisation */ '');

FILE_SCHEMA (('AUTOMOTIVE_DESIGN { 1 0 10303 214 3 1 1 }'));
ENDSEC;

DATA;
#10=MECHANICAL_DESIGN_GEOMETRIC_PRESENTATION_REPRESENTATION('',(#13,#14),
#6771);
#11=SHAPE_REPRESENTATION_RELATIONSHIP('SRR','None',#6778,#12);
#12=ADVANCED_BREP_SHAPE_REPRESENTATION('',(#15,#16),#6770);
#13=STYLED_ITEM('',(#6788),#15);
#14=STYLED_ITEM('',(#6788),#16);
#15=MANIFOLD_SOLID_BREP('Case_Lower',#4045);
#16=MANIFOLD_SOLID_BREP('Case_Upper',#4046);
#17=FACE_BOUND('',#545,.T.);
#18=FACE_BOUND('',#546,.T.);
#19=FACE_BOUND('',#547,.T.);
#20=FACE_BOUND('',#579,.T.);
#21=FACE_BOUND('',#580,.T.);
#22=FACE_BOUND('',#581,.T.);
#23=CYLINDRICAL_SURFACE('',#4099,1.45);
#24=CYLINDRICAL_SURFACE('',#4102,1.45);
#25=CYLINDRICAL_SURFACE('',#4118,3.99990000000001);
#26=CYLINDRICAL_SURFACE('',#4120,4.00010000046102);
#27=CYLINDRICAL_SURFACE('',#4123,4.00010000046102);
#28=CYLINDRICAL_SURFACE('',#4125,3.99990000001594);
#29=CYLINDRICAL_SURFACE('',#4127,4.00010000000101);
#30=CYLINDRICAL_SURFACE('',#4129,4.00010000000001);
#31=CYLINDRICAL_SURFACE('',#4134,6.00000000001582);
#32=CYLINDRICAL_SURFACE('',#4136,2.00000000000002);
#33=CYLINDRICAL_SURFACE('',#4138,6.00000000000837);
#34=CYLINDRICAL_SURFACE('',#4152,6.00000000001582);
#35=CYLINDRICAL_SURFACE('',#4154,2.00000000000004);
#36=CYLINDRICAL_SURFACE('',#4156,6.00000000000001);
#37=CYLINDRICAL_SURFACE('',#4226,1.143);
#38=CYLINDRICAL_SURFACE('',#4230,1.143);
#39=CYLINDRICAL_SURFACE('',#4234,1.143);
#40=CYLINDRICAL_SURFACE('',#4240,6.00000000000837);
#41=CYLINDRICAL_SURFACE('',#4241,2.00000000000002);
#42=CYLINDRICAL_SURFACE('',#4242,6.00000000001581);
#43=CYLINDRICAL_SURFACE('',#4244,6.00000000000001);
#44=CYLINDRICAL_SURFACE('',#4245,2.00000000000004);
#45=CYLINDRICAL_SURFACE('',#4246,6.00000000001582);
#46=CYLINDRICAL_SURFACE('',#4251,4.00010000000101);
#47=CYLINDRICAL_SURFACE('',#4252,3.99990000001594);
#48=CYLINDRICAL_SURFACE('',#4253,4.00010000046102);
#49=CYLINDRICAL_SURFACE('',#4255,4.00010000046102);
#50=CYLINDRICAL_SURFACE('',#4256,3.99990000000002);
#51=CYLINDRICAL_SURFACE('',#4257,4.00010000000001);
#52=CYLINDRICAL_SURFACE('',#4266,1.99000000000748);
#53=CYLINDRICAL_SURFACE('',#4271,1.99000000001583);
#54=CYLINDRICAL_SURFACE('',#4276,1.99000000001583);
#55=CYLINDRICAL_SURFACE('',#4283,1.99000000000748);
#56=CYLINDRICAL_SURFACE('',#4341,1.);
#57=CYLINDRICAL_SURFACE('',#4342,1.);
#58=CYLINDRICAL_SURFACE('',#4346,0.999999999999996);
#59=CYLINDRICAL_SURFACE('',#4347,1.);
#60=CYLINDRICAL_SURFACE('',#4348,1.);
#61=CYLINDRICAL_SURFACE('',#4350,0.999999999999996);
#62=CYLINDRICAL_SURFACE('',#4352,1.);
#63=CYLINDRICAL_SURFACE('',#4353,1.);
#64=CYLINDRICAL_SURFACE('',#4394,4.00010000046102);
#65=CYLINDRICAL_SURFACE('',#4395,3.99990000001594);
#66=CYLINDRICAL_SURFACE('',#4396,4.00010000000101);
#67=CYLINDRICAL_SURFACE('',#4400,4.00010000000001);
#68=CYLINDRICAL_SURFACE('',#4401,3.99990000000002);
#69=CYLINDRICAL_SURFACE('',#4402,4.00010000046102);
#70=CYLINDRICAL_SURFACE('',#4412,1.45);
#71=CYLINDRICAL_SURFACE('',#4414,1.45);
#72=CYLINDRICAL_SURFACE('',#4417,4.00010000046102);
#73=CYLINDRICAL_SURFACE('',#4418,3.99990000001594);
#74=CYLINDRICAL_SURFACE('',#4419,4.00010000000101);
#75=CYLINDRICAL_SURFACE('',#4420,4.00010000000001);
#76=CYLINDRICAL_SURFACE('',#4421,3.99990000000001);
#77=CYLINDRICAL_SURFACE('',#4422,4.00010000046102);
#78=CONICAL_SURFACE('',#4089,1.7,0.55859931534356);
#79=CONICAL_SURFACE('',#4094,1.7,0.55859931534356);
#80=CONICAL_SURFACE('',#4193,4.50010000046102,0.785398163397446);
#81=CONICAL_SURFACE('',#4196,3.49990000000003,0.785398163397446);
#82=CONICAL_SURFACE('',#4199,4.50010000001669,0.785398163397227);
#83=CONICAL_SURFACE('',#4203,4.50010000001595,0.785398163397446);
#84=CONICAL_SURFACE('',#4205,3.49990000000132,0.785398163397083);
#85=CONICAL_SURFACE('',#4207,4.50010000046004,0.785398163397446);
#86=CONICAL_SURFACE('',#4210,4.50010000046005,0.785398163397446);
#87=CONICAL_SURFACE('',#4212,3.499900000001,0.785398163397446);
#88=CONICAL_SURFACE('',#4214,4.50010000001576,0.785398163397226);
#89=CONICAL_SURFACE('',#4217,4.50010000001496,0.785398163397446);
#90=CONICAL_SURFACE('',#4220,3.49990000000229,0.785398163397082);
#91=CONICAL_SURFACE('',#4223,4.50010000045907,0.785398163397446);
#92=CONICAL_SURFACE('',#4228,1.343,0.380506377112365);
#93=CONICAL_SURFACE('',#4232,1.343,0.380506377112365);
#94=CONICAL_SURFACE('',#4238,1.343,0.380506377112365);
#95=CONICAL_SURFACE('',#4354,4.50010000046317,0.785398163397448);
#96=CONICAL_SURFACE('',#4357,3.49989999999823,0.785398163397083);
#97=CONICAL_SURFACE('',#4360,4.50010000001909,0.785398163397448);
#98=CONICAL_SURFACE('',#4364,4.50010000001833,0.785398163397227);
#99=CONICAL_SURFACE('',#4367,3.49989999999891,0.785398163397448);
#100=CONICAL_SURFACE('',#4370,4.50010000046218,0.785398163397448);
#101=CONICAL_SURFACE('',#4374,4.50010000046208,0.785398163397448);
#102=CONICAL_SURFACE('',#4377,3.49989999999928,0.785398163397083);
#103=CONICAL_SURFACE('',#4380,4.500100000018,0.785398163397448);
#104=CONICAL_SURFACE('',#4384,4.50010000001672,0.785398163397227);
#105=CONICAL_SURFACE('',#4387,3.49990000000001,0.785398163397448);
#106=CONICAL_SURFACE('',#4390,4.50010000046102,0.785398163397448);
#107=CONICAL_SURFACE('',#4404,1.7,0.558599315343559);
#108=CONICAL_SURFACE('',#4408,1.7,0.558599315343561);
#109=CIRCLE('',#4077,6.00000000000001);
#110=CIRCLE('',#4078,2.00000000000004);
#111=CIRCLE('',#4079,6.00000000001582);
#112=CIRCLE('',#4080,4.00010000000101);
#113=CIRCLE('',#4081,3.99990000001594);
#114=CIRCLE('',#4082,4.00010000046102);
#115=CIRCLE('',#4083,4.00010000046102);
#116=CIRCLE('',#4084,3.99990000000001);
#117=CIRCLE('',#4085,4.00010000000001);
#118=CIRCLE('',#4086,6.00000000000837);
#119=CIRCLE('',#4087,2.00000000000002);
#120=CIRCLE('',#4088,6.00000000001582);
#121=CIRCLE('',#4090,1.45);
#122=CIRCLE('',#4091,1.95);
#123=CIRCLE('',#4095,1.45);
#124=CIRCLE('',#4096,1.95);
#125=CIRCLE('',#4100,1.45);
#126=CIRCLE('',#4103,1.45);
#127=CIRCLE('',#4106,6.00000000000001);
#128=CIRCLE('',#4107,2.00000000000004);
#129=CIRCLE('',#4108,6.00000000001582);
#130=CIRCLE('',#4109,4.00010000000101);
#131=CIRCLE('',#4110,3.99990000001594);
#132=CIRCLE('',#4111,4.00010000046102);
#133=CIRCLE('',#4112,4.00010000046102);
#134=CIRCLE('',#4113,3.99990000000002);
#135=CIRCLE('',#4114,4.00010000000001);
#136=CIRCLE('',#4115,6.00000000000837);
#137=CIRCLE('',#4116,2.00000000000002);
#138=CIRCLE('',#4117,6.00000000001581);
#139=CIRCLE('',#4119,3.99990000000001);
#140=CIRCLE('',#4121,4.00010000046102);
#141=CIRCLE('',#4124,4.00010000046102);
#142=CIRCLE('',#4126,3.99990000001594);
#143=CIRCLE('',#4128,4.00010000000101);
#144=CIRCLE('',#4130,4.00010000000001);
#145=CIRCLE('',#4135,6.00000000001582);
#146=CIRCLE('',#4137,2.00000000000002);
#147=CIRCLE('',#4139,6.00000000000837);
#148=CIRCLE('',#4153,6.00000000001582);
#149=CIRCLE('',#4155,2.00000000000004);
#150=CIRCLE('',#4157,6.00000000000001);
#151=CIRCLE('',#4174,6.00000000001582);
#152=CIRCLE('',#4175,2.00000000000004);
#153=CIRCLE('',#4176,6.00000000000001);
#154=CIRCLE('',#4177,6.00000000001581);
#155=CIRCLE('',#4178,2.00000000000002);
#156=CIRCLE('',#4179,6.00000000000837);
#157=CIRCLE('',#4180,1.143);
#158=CIRCLE('',#4181,1.143);
#159=CIRCLE('',#4182,1.143);
#160=CIRCLE('',#4194,4.00010000046102);
#161=CIRCLE('',#4195,5.00010000046102);
#162=CIRCLE('',#4197,3.99990000001594);
#163=CIRCLE('',#4198,2.99990000000003);
#164=CIRCLE('',#4200,4.00010000000101);
#165=CIRCLE('',#4201,5.00010000001658);
#166=CIRCLE('',#4204,5.00010000001595);
#167=CIRCLE('',#4206,2.9999000000015);
#168=CIRCLE('',#4208,5.00010000046004);
#169=CIRCLE('',#4211,5.00010000046005);
#170=CIRCLE('',#4213,2.999900000001);
#171=CIRCLE('',#4215,5.00010000001565);
#172=CIRCLE('',#4218,4.00010000000001);
#173=CIRCLE('',#4219,5.00010000001496);
#174=CIRCLE('',#4221,3.99990000000002);
#175=CIRCLE('',#4222,2.99990000000248);
#176=CIRCLE('',#4224,4.00010000046102);
#177=CIRCLE('',#4225,5.00010000045907);
#178=CIRCLE('',#4227,1.143);
#179=CIRCLE('',#4229,1.543);
#180=CIRCLE('',#4231,1.143);
#181=CIRCLE('',#4233,1.543);
#182=CIRCLE('',#4235,1.143);
#183=CIRCLE('',#4237,1.543);
#184=CIRCLE('',#4267,1.99000000000748);
#185=CIRCLE('',#4268,1.99000000001583);
#186=CIRCLE('',#4269,1.99000000000748);
#187=CIRCLE('',#4270,1.99000000000748);
#188=CIRCLE('',#4272,1.99000000001583);
#189=CIRCLE('',#4273,1.99000000001583);
#190=CIRCLE('',#4274,1.99000000001583);
#191=CIRCLE('',#4275,1.99000000001583);
#192=CIRCLE('',#4277,1.99000000001583);
#193=CIRCLE('',#4278,1.99000000001583);
#194=CIRCLE('',#4279,1.99000000001583);
#195=CIRCLE('',#4280,1.99000000001583);
#196=CIRCLE('',#4282,1.99000000000748);
#197=CIRCLE('',#4284,1.99000000000748);
#198=CIRCLE('',#4285,1.99000000001583);
#199=CIRCLE('',#4286,1.99000000000748);
#200=CIRCLE('',#4294,4.00010000000001);
#201=CIRCLE('',#4295,3.99990000000001);
#202=CIRCLE('',#4296,4.00010000046102);
#203=CIRCLE('',#4297,4.00010000046102);
#204=CIRCLE('',#4298,3.99990000001594);
#205=CIRCLE('',#4299,4.00010000000101);
#206=CIRCLE('',#4300,1.);
#207=CIRCLE('',#4301,1.);
#208=CIRCLE('',#4302,1.);
#209=CIRCLE('',#4303,0.999999999999996);
#210=CIRCLE('',#4306,0.999999999999996);
#211=CIRCLE('',#4307,1.);
#212=CIRCLE('',#4308,1.);
#213=CIRCLE('',#4309,1.);
#214=CIRCLE('',#4310,4.00010000000001);
#215=CIRCLE('',#4311,3.99990000000002);
#216=CIRCLE('',#4312,4.00010000046102);
#217=CIRCLE('',#4313,4.00010000046102);
#218=CIRCLE('',#4314,3.99990000001594);
#219=CIRCLE('',#4315,4.00010000000101);
#220=CIRCLE('',#4320,1.);
#221=CIRCLE('',#4321,0.999999999999996);
#222=CIRCLE('',#4322,0.999999999999996);
#223=CIRCLE('',#4323,1.);
#224=CIRCLE('',#4324,1.);
#225=CIRCLE('',#4325,1.);
#226=CIRCLE('',#4326,1.);
#227=CIRCLE('',#4327,1.);
#228=CIRCLE('',#4344,1.45);
#229=CIRCLE('',#4345,1.45);
#230=CIRCLE('',#4355,4.00010000046102);
#231=CIRCLE('',#4356,5.00010000046317);
#232=CIRCLE('',#4358,3.99990000001594);
#233=CIRCLE('',#4359,2.99989999999842);
#234=CIRCLE('',#4361,4.00010000000101);
#235=CIRCLE('',#4362,5.00010000001909);
#236=CIRCLE('',#4365,4.00010000000001);
#237=CIRCLE('',#4366,5.00010000001822);
#238=CIRCLE('',#4368,3.99990000000001);
#239=CIRCLE('',#4369,2.99989999999891);
#240=CIRCLE('',#4371,4.00010000046102);
#241=CIRCLE('',#4372,5.00010000046219);
#242=CIRCLE('',#4375,4.00010000046102);
#243=CIRCLE('',#4376,5.00010000046208);
#244=CIRCLE('',#4378,3.99990000001594);
#245=CIRCLE('',#4379,2.99989999999946);
#246=CIRCLE('',#4381,4.00010000000101);
#247=CIRCLE('',#4382,5.000100000018);
#248=CIRCLE('',#4385,4.00010000000001);
#249=CIRCLE('',#4386,5.00010000001661);
#250=CIRCLE('',#4388,3.99990000000002);
#251=CIRCLE('',#4389,2.99990000000001);
#252=CIRCLE('',#4391,4.00010000046102);
#253=CIRCLE('',#4392,5.00010000046102);
#254=CIRCLE('',#4398,1.95);
#255=CIRCLE('',#4399,1.95);
#256=CIRCLE('',#4405,1.45);
#257=CIRCLE('',#4409,1.45);
#258=FACE_OUTER_BOUND('',#473,.T.);
#259=FACE_OUTER_BOUND('',#474,.T.);
#260=FACE_OUTER_BOUND('',#475,.T.);
#261=FACE_OUTER_BOUND('',#476,.T.);
#262=FACE_OUTER_BOUND('',#477,.T.);
#263=FACE_OUTER_BOUND('',#478,.T.);
#264=FACE_OUTER_BOUND('',#479,.T.);
#265=FACE_OUTER_BOUND('',#480,.T.);
#266=FACE_OUTER_BOUND('',#481,.T.);
#267=FACE_OUTER_BOUND('',#482,.T.);
#268=FACE_OUTER_BOUND('',#483,.T.);
#269=FACE_OUTER_BOUND('',#484,.T.);
#270=FACE_OUTER_BOUND('',#485,.T.);
#271=FACE_OUTER_BOUND('',#486,.T.);
#272=FACE_OUTER_BOUND('',#487,.T.);
#273=FACE_OUTER_BOUND('',#488,.T.);
#274=FACE_OUTER_BOUND('',#489,.T.);
#275=FACE_OUTER_BOUND('',#490,.T.);
#276=FACE_OUTER_BOUND('',#491,.T.);
#277=FACE_OUTER_BOUND('',#492,.T.);
#278=FACE_OUTER_BOUND('',#493,.T.);
#279=FACE_OUTER_BOUND('',#494,.T.);
#280=FACE_OUTER_BOUND('',#495,.T.);
#281=FACE_OUTER_BOUND('',#496,.T.);
#282=FACE_OUTER_BOUND('',#497,.T.);
#283=FACE_OUTER_BOUND('',#498,.T.);
#284=FACE_OUTER_BOUND('',#499,.T.);
#285=FACE_OUTER_BOUND('',#500,.T.);
#286=FACE_OUTER_BOUND('',#501,.T.);
#287=FACE_OUTER_BOUND('',#502,.T.);
#288=FACE_OUTER_BOUND('',#503,.T.);
#289=FACE_OUTER_BOUND('',#504,.T.);
#290=FACE_OUTER_BOUND('',#505,.T.);
#291=FACE_OUTER_BOUND('',#506,.T.);
#292=FACE_OUTER_BOUND('',#507,.T.);
#293=FACE_OUTER_BOUND('',#508,.T.);
#294=FACE_OUTER_BOUND('',#509,.T.);
#295=FACE_OUTER_BOUND('',#510,.T.);
#296=FACE_OUTER_BOUND('',#511,.T.);
#297=FACE_OUTER_BOUND('',#512,.T.);
#298=FACE_OUTER_BOUND('',#513,.T.);
#299=FACE_OUTER_BOUND('',#514,.T.);
#300=FACE_OUTER_BOUND('',#515,.T.);
#301=FACE_OUTER_BOUND('',#516,.T.);
#302=FACE_OUTER_BOUND('',#517,.T.);
#303=FACE_OUTER_BOUND('',#518,.T.);
#304=FACE_OUTER_BOUND('',#519,.T.);
#305=FACE_OUTER_BOUND('',#520,.T.);
#306=FACE_OUTER_BOUND('',#521,.T.);
#307=FACE_OUTER_BOUND('',#522,.T.);
#308=FACE_OUTER_BOUND('',#523,.T.);
#309=FACE_OUTER_BOUND('',#524,.T.);
#310=FACE_OUTER_BOUND('',#525,.T.);
#311=FACE_OUTER_BOUND('',#526,.T.);
#312=FACE_OUTER_BOUND('',#527,.T.);
#313=FACE_OUTER_BOUND('',#528,.T.);
#314=FACE_OUTER_BOUND('',#529,.T.);
#315=FACE_OUTER_BOUND('',#530,.T.);
#316=FACE_OUTER_BOUND('',#531,.T.);
#317=FACE_OUTER_BOUND('',#532,.T.);
#318=FACE_OUTER_BOUND('',#533,.T.);
#319=FACE_OUTER_BOUND('',#534,.T.);
#320=FACE_OUTER_BOUND('',#535,.T.);
#321=FACE_OUTER_BOUND('',#536,.T.);
#322=FACE_OUTER_BOUND('',#537,.T.);
#323=FACE_OUTER_BOUND('',#538,.T.);
#324=FACE_OUTER_BOUND('',#539,.T.);
#325=FACE_OUTER_BOUND('',#540,.T.);
#326=FACE_OUTER_BOUND('',#541,.T.);
#327=FACE_OUTER_BOUND('',#542,.T.);
#328=FACE_OUTER_BOUND('',#543,.T.);
#329=FACE_OUTER_BOUND('',#544,.T.);
#330=FACE_OUTER_BOUND('',#548,.T.);
#331=FACE_OUTER_BOUND('',#549,.T.);
#332=FACE_OUTER_BOUND('',#550,.T.);
#333=FACE_OUTER_BOUND('',#551,.T.);
#334=FACE_OUTER_BOUND('',#552,.T.);
#335=FACE_OUTER_BOUND('',#553,.T.);
#336=FACE_OUTER_BOUND('',#554,.T.);
#337=FACE_OUTER_BOUND('',#555,.T.);
#338=FACE_OUTER_BOUND('',#556,.T.);
#339=FACE_OUTER_BOUND('',#557,.T.);
#340=FACE_OUTER_BOUND('',#558,.T.);
#341=FACE_OUTER_BOUND('',#559,.T.);
#342=FACE_OUTER_BOUND('',#560,.T.);
#343=FACE_OUTER_BOUND('',#561,.T.);
#344=FACE_OUTER_BOUND('',#562,.T.);
#345=FACE_OUTER_BOUND('',#563,.T.);
#346=FACE_OUTER_BOUND('',#564,.T.);
#347=FACE_OUTER_BOUND('',#565,.T.);
#348=FACE_OUTER_BOUND('',#566,.T.);
#349=FACE_OUTER_BOUND('',#567,.T.);
#350=FACE_OUTER_BOUND('',#568,.T.);
#351=FACE_OUTER_BOUND('',#569,.T.);
#352=FACE_OUTER_BOUND('',#570,.T.);
#353=FACE_OUTER_BOUND('',#571,.T.);
#354=FACE_OUTER_BOUND('',#572,.T.);
#355=FACE_OUTER_BOUND('',#573,.T.);
#356=FACE_OUTER_BOUND('',#574,.T.);
#357=FACE_OUTER_BOUND('',#575,.T.);
#358=FACE_OUTER_BOUND('',#576,.T.);
#359=FACE_OUTER_BOUND('',#577,.T.);
#360=FACE_OUTER_BOUND('',#578,.T.);
#361=FACE_OUTER_BOUND('',#582,.T.);
#362=FACE_OUTER_BOUND('',#583,.T.);
#363=FACE_OUTER_BOUND('',#584,.T.);
#364=FACE_OUTER_BOUND('',#585,.T.);
#365=FACE_OUTER_BOUND('',#586,.T.);
#366=FACE_OUTER_BOUND('',#587,.T.);
#367=FACE_OUTER_BOUND('',#588,.T.);
#368=FACE_OUTER_BOUND('',#589,.T.);
#369=FACE_OUTER_BOUND('',#590,.T.);
#370=FACE_OUTER_BOUND('',#591,.T.);
#371=FACE_OUTER_BOUND('',#592,.T.);
#372=FACE_OUTER_BOUND('',#593,.T.);
#373=FACE_OUTER_BOUND('',#594,.T.);
#374=FACE_OUTER_BOUND('',#595,.T.);
#375=FACE_OUTER_BOUND('',#596,.T.);
#376=FACE_OUTER_BOUND('',#597,.T.);
#377=FACE_OUTER_BOUND('',#598,.T.);
#378=FACE_OUTER_BOUND('',#599,.T.);
#379=FACE_OUTER_BOUND('',#600,.T.);
#380=FACE_OUTER_BOUND('',#601,.T.);
#381=FACE_OUTER_BOUND('',#602,.T.);
#382=FACE_OUTER_BOUND('',#603,.T.);
#383=FACE_OUTER_BOUND('',#604,.T.);
#384=FACE_OUTER_BOUND('',#605,.T.);
#385=FACE_OUTER_BOUND('',#606,.T.);
#386=FACE_OUTER_BOUND('',#607,.T.);
#387=FACE_OUTER_BOUND('',#608,.T.);
#388=FACE_OUTER_BOUND('',#609,.T.);
#389=FACE_OUTER_BOUND('',#610,.T.);
#390=FACE_OUTER_BOUND('',#611,.T.);
#391=FACE_OUTER_BOUND('',#612,.T.);
#392=FACE_OUTER_BOUND('',#613,.T.);
#393=FACE_OUTER_BOUND('',#614,.T.);
#394=FACE_OUTER_BOUND('',#615,.T.);
#395=FACE_OUTER_BOUND('',#616,.T.);
#396=FACE_OUTER_BOUND('',#617,.T.);
#397=FACE_OUTER_BOUND('',#618,.T.);
#398=FACE_OUTER_BOUND('',#619,.T.);
#399=FACE_OUTER_BOUND('',#620,.T.);
#400=FACE_OUTER_BOUND('',#621,.T.);
#401=FACE_OUTER_BOUND('',#622,.T.);
#402=FACE_OUTER_BOUND('',#623,.T.);
#403=FACE_OUTER_BOUND('',#624,.T.);
#404=FACE_OUTER_BOUND('',#625,.T.);
#405=FACE_OUTER_BOUND('',#626,.T.);
#406=FACE_OUTER_BOUND('',#627,.T.);
#407=FACE_OUTER_BOUND('',#628,.T.);
#408=FACE_OUTER_BOUND('',#629,.T.);
#409=FACE_OUTER_BOUND('',#630,.T.);
#410=FACE_OUTER_BOUND('',#631,.T.);
#411=FACE_OUTER_BOUND('',#632,.T.);
#412=FACE_OUTER_BOUND('',#633,.T.);
#413=FACE_OUTER_BOUND('',#634,.T.);
#414=FACE_OUTER_BOUND('',#635,.T.);
#415=FACE_OUTER_BOUND('',#636,.T.);
#416=FACE_OUTER_BOUND('',#637,.T.);
#417=FACE_OUTER_BOUND('',#638,.T.);
#418=FACE_OUTER_BOUND('',#639,.T.);
#419=FACE_OUTER_BOUND('',#640,.T.);
#420=FACE_OUTER_BOUND('',#641,.T.);
#421=FACE_OUTER_BOUND('',#642,.T.);
#422=FACE_OUTER_BOUND('',#643,.T.);
#423=FACE_OUTER_BOUND('',#644,.T.);
#424=FACE_OUTER_BOUND('',#645,.T.);
#425=FACE_OUTER_BOUND('',#646,.T.);
#426=FACE_OUTER_BOUND('',#647,.T.);
#427=FACE_OUTER_BOUND('',#648,.T.);
#428=FACE_OUTER_BOUND('',#649,.T.);
#429=FACE_OUTER_BOUND('',#650,.T.);
#430=FACE_OUTER_BOUND('',#651,.T.);
#431=FACE_OUTER_BOUND('',#652,.T.);
#432=FACE_OUTER_BOUND('',#653,.T.);
#433=FACE_OUTER_BOUND('',#654,.T.);
#434=FACE_OUTER_BOUND('',#655,.T.);
#435=FACE_OUTER_BOUND('',#656,.T.);
#436=FACE_OUTER_BOUND('',#657,.T.);
#437=FACE_OUTER_BOUND('',#658,.T.);
#438=FACE_OUTER_BOUND('',#659,.T.);
#439=FACE_OUTER_BOUND('',#660,.T.);
#440=FACE_OUTER_BOUND('',#661,.T.);
#441=FACE_OUTER_BOUND('',#662,.T.);
#442=FACE_OUTER_BOUND('',#663,.T.);
#443=FACE_OUTER_BOUND('',#664,.T.);
#444=FACE_OUTER_BOUND('',#665,.T.);
#445=FACE_OUTER_BOUND('',#666,.T.);
#446=FACE_OUTER_BOUND('',#667,.T.);
#447=FACE_OUTER_BOUND('',#668,.T.);
#448=FACE_OUTER_BOUND('',#669,.T.);
#449=FACE_OUTER_BOUND('',#670,.T.);
#450=FACE_OUTER_BOUND('',#671,.T.);
#451=FACE_OUTER_BOUND('',#672,.T.);
#452=FACE_OUTER_BOUND('',#673,.T.);
#453=FACE_OUTER_BOUND('',#674,.T.);
#454=FACE_OUTER_BOUND('',#675,.T.);
#455=FACE_OUTER_BOUND('',#676,.T.);
#456=FACE_OUTER_BOUND('',#677,.T.);
#457=FACE_OUTER_BOUND('',#678,.T.);
#458=FACE_OUTER_BOUND('',#679,.T.);
#459=FACE_OUTER_BOUND('',#680,.T.);
#460=FACE_OUTER_BOUND('',#681,.T.);
#461=FACE_OUTER_BOUND('',#682,.T.);
#462=FACE_OUTER_BOUND('',#683,.T.);
#463=FACE_OUTER_BOUND('',#684,.T.);
#464=FACE_OUTER_BOUND('',#685,.T.);
#465=FACE_OUTER_BOUND('',#686,.T.);
#466=FACE_OUTER_BOUND('',#687,.T.);
#467=FACE_OUTER_BOUND('',#688,.T.);
#468=FACE_OUTER_BOUND('',#689,.T.);
#469=FACE_OUTER_BOUND('',#690,.T.);
#470=FACE_OUTER_BOUND('',#691,.T.);
#471=FACE_OUTER_BOUND('',#692,.T.);
#472=FACE_OUTER_BOUND('',#693,.T.);
#473=EDGE_LOOP('',(#2529,#2530,#2531,#2532,#2533,#2534,#2535,#2536));
#474=EDGE_LOOP('',(#2537,#2538,#2539,#2540));
#475=EDGE_LOOP('',(#2541,#2542,#2543,#2544));
#476=EDGE_LOOP('',(#2545,#2546,#2547,#2548));
#477=EDGE_LOOP('',(#2549,#2550,#2551,#2552));
#478=EDGE_LOOP('',(#2553,#2554,#2555,#2556));
#479=EDGE_LOOP('',(#2557,#2558,#2559,#2560));
#480=EDGE_LOOP('',(#2561,#2562,#2563,#2564,#2565,#2566,#2567,#2568));
#481=EDGE_LOOP('',(#2569,#2570,#2571,#2572,#2573,#2574,#2575,#2576));
#482=EDGE_LOOP('',(#2577,#2578,#2579,#2580));
#483=EDGE_LOOP('',(#2581,#2582,#2583,#2584));
#484=EDGE_LOOP('',(#2585,#2586,#2587,#2588));
#485=EDGE_LOOP('',(#2589,#2590,#2591,#2592));
#486=EDGE_LOOP('',(#2593,#2594,#2595,#2596));
#487=EDGE_LOOP('',(#2597,#2598,#2599,#2600));
#488=EDGE_LOOP('',(#2601,#2602,#2603,#2604,#2605,#2606,#2607,#2608));
#489=EDGE_LOOP('',(#2609,#2610,#2611,#2612,#2613,#2614,#2615,#2616,#2617,
#2618,#2619,#2620,#2621,#2622,#2623,#2624,#2625,#2626,#2627,#2628,#2629,
#2630,#2631,#2632,#2633,#2634));
#490=EDGE_LOOP('',(#2635,#2636,#2637,#2638));
#491=EDGE_LOOP('',(#2639,#2640,#2641,#2642));
#492=EDGE_LOOP('',(#2643,#2644,#2645,#2646));
#493=EDGE_LOOP('',(#2647,#2648,#2649,#2650));
#494=EDGE_LOOP('',(#2651,#2652,#2653,#2654));
#495=EDGE_LOOP('',(#2655,#2656,#2657,#2658));
#496=EDGE_LOOP('',(#2659,#2660,#2661,#2662));
#497=EDGE_LOOP('',(#2663,#2664,#2665,#2666));
#498=EDGE_LOOP('',(#2667,#2668,#2669,#2670));
#499=EDGE_LOOP('',(#2671,#2672,#2673,#2674));
#500=EDGE_LOOP('',(#2675,#2676,#2677,#2678,#2679,#2680,#2681,#2682,#2683,
#2684,#2685,#2686,#2687,#2688,#2689,#2690,#2691,#2692,#2693,#2694,#2695,
#2696,#2697,#2698,#2699,#2700));
#501=EDGE_LOOP('',(#2701,#2702,#2703,#2704));
#502=EDGE_LOOP('',(#2705,#2706,#2707,#2708));
#503=EDGE_LOOP('',(#2709,#2710,#2711,#2712));
#504=EDGE_LOOP('',(#2713,#2714,#2715,#2716));
#505=EDGE_LOOP('',(#2717,#2718,#2719,#2720));
#506=EDGE_LOOP('',(#2721,#2722,#2723,#2724));
#507=EDGE_LOOP('',(#2725,#2726,#2727,#2728));
#508=EDGE_LOOP('',(#2729,#2730,#2731,#2732,#2733));
#509=EDGE_LOOP('',(#2734,#2735,#2736,#2737));
#510=EDGE_LOOP('',(#2738,#2739,#2740,#2741,#2742));
#511=EDGE_LOOP('',(#2743,#2744,#2745,#2746));
#512=EDGE_LOOP('',(#2747,#2748,#2749,#2750));
#513=EDGE_LOOP('',(#2751,#2752,#2753,#2754));
#514=EDGE_LOOP('',(#2755,#2756,#2757,#2758,#2759));
#515=EDGE_LOOP('',(#2760,#2761,#2762,#2763));
#516=EDGE_LOOP('',(#2764,#2765,#2766,#2767,#2768));
#517=EDGE_LOOP('',(#2769,#2770,#2771,#2772,#2773));
#518=EDGE_LOOP('',(#2774,#2775,#2776,#2777));
#519=EDGE_LOOP('',(#2778,#2779,#2780,#2781,#2782));
#520=EDGE_LOOP('',(#2783,#2784,#2785,#2786,#2787));
#521=EDGE_LOOP('',(#2788,#2789,#2790,#2791));
#522=EDGE_LOOP('',(#2792,#2793,#2794,#2795,#2796));
#523=EDGE_LOOP('',(#2797,#2798,#2799,#2800,#2801));
#524=EDGE_LOOP('',(#2802,#2803,#2804,#2805));
#525=EDGE_LOOP('',(#2806,#2807,#2808,#2809,#2810));
#526=EDGE_LOOP('',(#2811,#2812,#2813,#2814));
#527=EDGE_LOOP('',(#2815,#2816,#2817,#2818));
#528=EDGE_LOOP('',(#2819,#2820,#2821,#2822));
#529=EDGE_LOOP('',(#2823,#2824,#2825,#2826));
#530=EDGE_LOOP('',(#2827,#2828,#2829,#2830));
#531=EDGE_LOOP('',(#2831,#2832,#2833,#2834));
#532=EDGE_LOOP('',(#2835,#2836,#2837,#2838));
#533=EDGE_LOOP('',(#2839,#2840,#2841,#2842));
#534=EDGE_LOOP('',(#2843,#2844,#2845,#2846,#2847,#2848,#2849,#2850,#2851,
#2852));
#535=EDGE_LOOP('',(#2853,#2854,#2855,#2856));
#536=EDGE_LOOP('',(#2857,#2858,#2859,#2860));
#537=EDGE_LOOP('',(#2861,#2862,#2863,#2864));
#538=EDGE_LOOP('',(#2865,#2866,#2867,#2868));
#539=EDGE_LOOP('',(#2869,#2870,#2871,#2872));
#540=EDGE_LOOP('',(#2873,#2874,#2875,#2876));
#541=EDGE_LOOP('',(#2877,#2878,#2879,#2880));
#542=EDGE_LOOP('',(#2881,#2882,#2883,#2884));
#543=EDGE_LOOP('',(#2885,#2886,#2887,#2888));
#544=EDGE_LOOP('',(#2889,#2890,#2891,#2892,#2893,#2894,#2895,#2896,#2897,
#2898,#2899,#2900,#2901,#2902,#2903,#2904,#2905,#2906,#2907,#2908,#2909,
#2910,#2911,#2912,#2913,#2914,#2915,#2916,#2917,#2918,#2919,#2920,#2921,
#2922,#2923,#2924,#2925,#2926,#2927,#2928,#2929,#2930,#2931,#2932));
#545=EDGE_LOOP('',(#2933));
#546=EDGE_LOOP('',(#2934));
#547=EDGE_LOOP('',(#2935));
#548=EDGE_LOOP('',(#2936,#2937,#2938,#2939));
#549=EDGE_LOOP('',(#2940,#2941,#2942,#2943));
#550=EDGE_LOOP('',(#2944,#2945,#2946,#2947));
#551=EDGE_LOOP('',(#2948,#2949,#2950,#2951));
#552=EDGE_LOOP('',(#2952,#2953,#2954,#2955,#2956,#2957,#2958,#2959,#2960,
#2961,#2962,#2963,#2964,#2965,#2966,#2967,#2968,#2969,#2970,#2971));
#553=EDGE_LOOP('',(#2972,#2973,#2974,#2975));
#554=EDGE_LOOP('',(#2976,#2977,#2978,#2979));
#555=EDGE_LOOP('',(#2980,#2981,#2982,#2983));
#556=EDGE_LOOP('',(#2984,#2985,#2986,#2987));
#557=EDGE_LOOP('',(#2988,#2989,#2990,#2991));
#558=EDGE_LOOP('',(#2992,#2993,#2994,#2995));
#559=EDGE_LOOP('',(#2996,#2997,#2998,#2999));
#560=EDGE_LOOP('',(#3000,#3001,#3002,#3003));
#561=EDGE_LOOP('',(#3004,#3005,#3006,#3007));
#562=EDGE_LOOP('',(#3008,#3009,#3010,#3011));
#563=EDGE_LOOP('',(#3012,#3013,#3014,#3015));
#564=EDGE_LOOP('',(#3016,#3017,#3018,#3019));
#565=EDGE_LOOP('',(#3020,#3021,#3022,#3023));
#566=EDGE_LOOP('',(#3024,#3025,#3026,#3027));
#567=EDGE_LOOP('',(#3028,#3029,#3030,#3031));
#568=EDGE_LOOP('',(#3032,#3033,#3034,#3035));
#569=EDGE_LOOP('',(#3036,#3037,#3038,#3039));
#570=EDGE_LOOP('',(#3040,#3041,#3042,#3043));
#571=EDGE_LOOP('',(#3044,#3045,#3046,#3047));
#572=EDGE_LOOP('',(#3048,#3049,#3050,#3051));
#573=EDGE_LOOP('',(#3052,#3053,#3054,#3055));
#574=EDGE_LOOP('',(#3056,#3057,#3058,#3059));
#575=EDGE_LOOP('',(#3060,#3061,#3062,#3063));
#576=EDGE_LOOP('',(#3064,#3065,#3066,#3067));
#577=EDGE_LOOP('',(#3068,#3069,#3070,#3071));
#578=EDGE_LOOP('',(#3072,#3073,#3074,#3075,#3076,#3077,#3078,#3079,#3080,
#3081,#3082,#3083,#3084,#3085,#3086,#3087));
#579=EDGE_LOOP('',(#3088));
#580=EDGE_LOOP('',(#3089));
#581=EDGE_LOOP('',(#3090));
#582=EDGE_LOOP('',(#3091,#3092,#3093,#3094));
#583=EDGE_LOOP('',(#3095,#3096,#3097,#3098,#3099,#3100,#3101,#3102,#3103,
#3104,#3105,#3106,#3107,#3108));
#584=EDGE_LOOP('',(#3109,#3110,#3111,#3112));
#585=EDGE_LOOP('',(#3113,#3114,#3115,#3116));
#586=EDGE_LOOP('',(#3117,#3118,#3119,#3120));
#587=EDGE_LOOP('',(#3121,#3122,#3123,#3124,#3125,#3126,#3127,#3128,#3129,
#3130,#3131,#3132));
#588=EDGE_LOOP('',(#3133,#3134,#3135,#3136));
#589=EDGE_LOOP('',(#3137,#3138,#3139,#3140));
#590=EDGE_LOOP('',(#3141,#3142,#3143,#3144));
#591=EDGE_LOOP('',(#3145,#3146,#3147,#3148,#3149,#3150,#3151,#3152,#3153,
#3154,#3155,#3156,#3157,#3158,#3159,#3160));
#592=EDGE_LOOP('',(#3161,#3162,#3163,#3164));
#593=EDGE_LOOP('',(#3165,#3166,#3167,#3168));
#594=EDGE_LOOP('',(#3169,#3170,#3171,#3172,#3173,#3174,#3175,#3176));
#595=EDGE_LOOP('',(#3177,#3178,#3179,#3180));
#596=EDGE_LOOP('',(#3181,#3182,#3183,#3184));
#597=EDGE_LOOP('',(#3185,#3186,#3187,#3188));
#598=EDGE_LOOP('',(#3189,#3190,#3191,#3192));
#599=EDGE_LOOP('',(#3193,#3194,#3195,#3196));
#600=EDGE_LOOP('',(#3197,#3198,#3199,#3200));
#601=EDGE_LOOP('',(#3201,#3202,#3203,#3204));
#602=EDGE_LOOP('',(#3205,#3206,#3207,#3208));
#603=EDGE_LOOP('',(#3209,#3210,#3211,#3212));
#604=EDGE_LOOP('',(#3213,#3214,#3215,#3216));
#605=EDGE_LOOP('',(#3217,#3218,#3219,#3220));
#606=EDGE_LOOP('',(#3221,#3222,#3223,#3224));
#607=EDGE_LOOP('',(#3225,#3226,#3227,#3228));
#608=EDGE_LOOP('',(#3229,#3230,#3231,#3232));
#609=EDGE_LOOP('',(#3233,#3234,#3235,#3236));
#610=EDGE_LOOP('',(#3237,#3238,#3239,#3240,#3241,#3242,#3243,#3244));
#611=EDGE_LOOP('',(#3245,#3246,#3247,#3248,#3249,#3250,#3251,#3252));
#612=EDGE_LOOP('',(#3253,#3254,#3255,#3256,#3257,#3258,#3259,#3260));
#613=EDGE_LOOP('',(#3261,#3262,#3263));
#614=EDGE_LOOP('',(#3264,#3265,#3266,#3267,#3268,#3269,#3270,#3271));
#615=EDGE_LOOP('',(#3272,#3273,#3274,#3275));
#616=EDGE_LOOP('',(#3276,#3277,#3278,#3279));
#617=EDGE_LOOP('',(#3280,#3281,#3282,#3283,#3284,#3285,#3286,#3287));
#618=EDGE_LOOP('',(#3288,#3289,#3290,#3291));
#619=EDGE_LOOP('',(#3292,#3293,#3294,#3295));
#620=EDGE_LOOP('',(#3296,#3297,#3298,#3299));
#621=EDGE_LOOP('',(#3300,#3301,#3302,#3303,#3304,#3305,#3306,#3307,#3308,
#3309,#3310,#3311,#3312,#3313,#3314,#3315,#3316,#3317,#3318,#3319,#3320,
#3321,#3322,#3323,#3324,#3325,#3326,#3327,#3328,#3329,#3330,#3331));
#622=EDGE_LOOP('',(#3332,#3333,#3334,#3335));
#623=EDGE_LOOP('',(#3336,#3337,#3338,#3339,#3340,#3341,#3342,#3343,#3344,
#3345,#3346,#3347,#3348,#3349,#3350,#3351,#3352,#3353,#3354,#3355,#3356,
#3357,#3358,#3359,#3360,#3361,#3362,#3363,#3364,#3365,#3366,#3367));
#624=EDGE_LOOP('',(#3368,#3369,#3370,#3371));
#625=EDGE_LOOP('',(#3372,#3373,#3374,#3375));
#626=EDGE_LOOP('',(#3376,#3377,#3378,#3379,#3380,#3381));
#627=EDGE_LOOP('',(#3382,#3383,#3384,#3385,#3386,#3387,#3388,#3389,#3390,
#3391,#3392,#3393,#3394,#3395,#3396,#3397,#3398,#3399,#3400,#3401,#3402,
#3403,#3404,#3405));
#628=EDGE_LOOP('',(#3406,#3407,#3408,#3409,#3410,#3411));
#629=EDGE_LOOP('',(#3412,#3413,#3414,#3415));
#630=EDGE_LOOP('',(#3416,#3417,#3418,#3419));
#631=EDGE_LOOP('',(#3420,#3421,#3422,#3423));
#632=EDGE_LOOP('',(#3424,#3425,#3426,#3427,#3428,#3429));
#633=EDGE_LOOP('',(#3430,#3431,#3432,#3433));
#634=EDGE_LOOP('',(#3434,#3435,#3436,#3437));
#635=EDGE_LOOP('',(#3438,#3439,#3440,#3441));
#636=EDGE_LOOP('',(#3442,#3443,#3444,#3445,#3446,#3447));
#637=EDGE_LOOP('',(#3448,#3449,#3450,#3451));
#638=EDGE_LOOP('',(#3452,#3453,#3454));
#639=EDGE_LOOP('',(#3455,#3456,#3457));
#640=EDGE_LOOP('',(#3458,#3459,#3460));
#641=EDGE_LOOP('',(#3461,#3462,#3463,#3464));
#642=EDGE_LOOP('',(#3465,#3466,#3467,#3468));
#643=EDGE_LOOP('',(#3469,#3470,#3471,#3472,#3473,#3474,#3475,#3476,#3477,
#3478));
#644=EDGE_LOOP('',(#3479,#3480,#3481,#3482));
#645=EDGE_LOOP('',(#3483,#3484,#3485,#3486));
#646=EDGE_LOOP('',(#3487,#3488,#3489,#3490));
#647=EDGE_LOOP('',(#3491,#3492,#3493,#3494));
#648=EDGE_LOOP('',(#3495,#3496,#3497,#3498));
#649=EDGE_LOOP('',(#3499,#3500,#3501,#3502,#3503,#3504,#3505,#3506));
#650=EDGE_LOOP('',(#3507,#3508,#3509,#3510));
#651=EDGE_LOOP('',(#3511,#3512,#3513,#3514));
#652=EDGE_LOOP('',(#3515,#3516,#3517,#3518));
#653=EDGE_LOOP('',(#3519,#3520,#3521,#3522));
#654=EDGE_LOOP('',(#3523,#3524,#3525,#3526));
#655=EDGE_LOOP('',(#3527,#3528,#3529,#3530));
#656=EDGE_LOOP('',(#3531,#3532,#3533,#3534));
#657=EDGE_LOOP('',(#3535,#3536,#3537,#3538));
#658=EDGE_LOOP('',(#3539,#3540,#3541,#3542));
#659=EDGE_LOOP('',(#3543,#3544,#3545,#3546));
#660=EDGE_LOOP('',(#3547,#3548,#3549,#3550));
#661=EDGE_LOOP('',(#3551,#3552,#3553,#3554));
#662=EDGE_LOOP('',(#3555,#3556,#3557,#3558));
#663=EDGE_LOOP('',(#3559,#3560,#3561,#3562));
#664=EDGE_LOOP('',(#3563,#3564,#3565,#3566));
#665=EDGE_LOOP('',(#3567,#3568,#3569,#3570));
#666=EDGE_LOOP('',(#3571,#3572,#3573,#3574));
#667=EDGE_LOOP('',(#3575,#3576,#3577,#3578));
#668=EDGE_LOOP('',(#3579,#3580,#3581,#3582));
#669=EDGE_LOOP('',(#3583,#3584,#3585,#3586));
#670=EDGE_LOOP('',(#3587,#3588,#3589,#3590));
#671=EDGE_LOOP('',(#3591,#3592,#3593,#3594,#3595,#3596,#3597,#3598,#3599,
#3600));
#672=EDGE_LOOP('',(#3601,#3602,#3603,#3604));
#673=EDGE_LOOP('',(#3605,#3606,#3607,#3608));
#674=EDGE_LOOP('',(#3609,#3610,#3611,#3612));
#675=EDGE_LOOP('',(#3613,#3614,#3615,#3616));
#676=EDGE_LOOP('',(#3617,#3618,#3619,#3620));
#677=EDGE_LOOP('',(#3621,#3622,#3623,#3624));
#678=EDGE_LOOP('',(#3625,#3626,#3627,#3628));
#679=EDGE_LOOP('',(#3629,#3630,#3631,#3632));
#680=EDGE_LOOP('',(#3633,#3634,#3635,#3636));
#681=EDGE_LOOP('',(#3637,#3638,#3639,#3640));
#682=EDGE_LOOP('',(#3641,#3642,#3643,#3644));
#683=EDGE_LOOP('',(#3645,#3646,#3647,#3648));
#684=EDGE_LOOP('',(#3649,#3650,#3651,#3652));
#685=EDGE_LOOP('',(#3653,#3654,#3655,#3656));
#686=EDGE_LOOP('',(#3657,#3658,#3659,#3660,#3661,#3662,#3663,#3664,#3665,
#3666,#3667,#3668,#3669,#3670,#3671,#3672));
#687=EDGE_LOOP('',(#3673,#3674,#3675,#3676));
#688=EDGE_LOOP('',(#3677,#3678,#3679,#3680));
#689=EDGE_LOOP('',(#3681,#3682,#3683,#3684));
#690=EDGE_LOOP('',(#3685,#3686,#3687,#3688));
#691=EDGE_LOOP('',(#3689,#3690,#3691,#3692));
#692=EDGE_LOOP('',(#3693,#3694,#3695,#3696));
#693=EDGE_LOOP('',(#3697,#3698,#3699,#3700));
#694=LINE('',#5595,#1131);
#695=LINE('',#5597,#1132);
#696=LINE('',#5599,#1133);
#697=LINE('',#5601,#1134);
#698=LINE('',#5603,#1135);
#699=LINE('',#5605,#1136);
#700=LINE('',#5607,#1137);
#701=LINE('',#5608,#1138);
#702=LINE('',#5611,#1139);
#703=LINE('',#5613,#1140);
#704=LINE('',#5614,#1141);
#705=LINE('',#5617,#1142);
#706=LINE('',#5618,#1143);
#707=LINE('',#5621,#1144);
#708=LINE('',#5622,#1145);
#709=LINE('',#5625,#1146);
#710=LINE('',#5626,#1147);
#711=LINE('',#5629,#1148);
#712=LINE('',#5630,#1149);
#713=LINE('',#5633,#1150);
#714=LINE('',#5634,#1151);
#715=LINE('',#5637,#1152);
#716=LINE('',#5638,#1153);
#717=LINE('',#5642,#1154);
#718=LINE('',#5644,#1155);
#719=LINE('',#5646,#1156);
#720=LINE('',#5648,#1157);
#721=LINE('',#5650,#1158);
#722=LINE('',#5652,#1159);
#723=LINE('',#5654,#1160);
#724=LINE('',#5655,#1161);
#725=LINE('',#5658,#1162);
#726=LINE('',#5660,#1163);
#727=LINE('',#5661,#1164);
#728=LINE('',#5664,#1165);
#729=LINE('',#5665,#1166);
#730=LINE('',#5668,#1167);
#731=LINE('',#5669,#1168);
#732=LINE('',#5672,#1169);
#733=LINE('',#5673,#1170);
#734=LINE('',#5676,#1171);
#735=LINE('',#5677,#1172);
#736=LINE('',#5680,#1173);
#737=LINE('',#5681,#1174);
#738=LINE('',#5684,#1175);
#739=LINE('',#5685,#1176);
#740=LINE('',#5688,#1177);
#741=LINE('',#5696,#1178);
#742=LINE('',#5698,#1179);
#743=LINE('',#5700,#1180);
#744=LINE('',#5702,#1181);
#745=LINE('',#5710,#1182);
#746=LINE('',#5718,#1183);
#747=LINE('',#5720,#1184);
#748=LINE('',#5722,#1185);
#749=LINE('',#5724,#1186);
#750=LINE('',#5731,#1187);
#751=LINE('',#5735,#1188);
#752=LINE('',#5739,#1189);
#753=LINE('',#5744,#1190);
#754=LINE('',#5745,#1191);
#755=LINE('',#5746,#1192);
#756=LINE('',#5749,#1193);
#757=LINE('',#5751,#1194);
#758=LINE('',#5752,#1195);
#759=LINE('',#5756,#1196);
#760=LINE('',#5760,#1197);
#761=LINE('',#5761,#1198);
#762=LINE('',#5764,#1199);
#763=LINE('',#5766,#1200);
#764=LINE('',#5767,#1201);
#765=LINE('',#5770,#1202);
#766=LINE('',#5774,#1203);
#767=LINE('',#5775,#1204);
#768=LINE('',#5778,#1205);
#769=LINE('',#5781,#1206);
#770=LINE('',#5784,#1207);
#771=LINE('',#5792,#1208);
#772=LINE('',#5794,#1209);
#773=LINE('',#5796,#1210);
#774=LINE('',#5798,#1211);
#775=LINE('',#5806,#1212);
#776=LINE('',#5813,#1213);
#777=LINE('',#5815,#1214);
#778=LINE('',#5822,#1215);
#779=LINE('',#5825,#1216);
#780=LINE('',#5828,#1217);
#781=LINE('',#5831,#1218);
#782=LINE('',#5835,#1219);
#783=LINE('',#5836,#1220);
#784=LINE('',#5839,#1221);
#785=LINE('',#5843,#1222);
#786=LINE('',#5847,#1223);
#787=LINE('',#5852,#1224);
#788=LINE('',#5856,#1225);
#789=LINE('',#5858,#1226);
#790=LINE('',#5860,#1227);
#791=LINE('',#5862,#1228);
#792=LINE('',#5863,#1229);
#793=LINE('',#5866,#1230);
#794=LINE('',#5868,#1231);
#795=LINE('',#5869,#1232);
#796=LINE('',#5873,#1233);
#797=LINE('',#5874,#1234);
#798=LINE('',#5876,#1235);
#799=LINE('',#5877,#1236);
#800=LINE('',#5880,#1237);
#801=LINE('',#5883,#1238);
#802=LINE('',#5886,#1239);
#803=LINE('',#5890,#1240);
#804=LINE('',#5895,#1241);
#805=LINE('',#5897,#1242);
#806=LINE('',#5899,#1243);
#807=LINE('',#5901,#1244);
#808=LINE('',#5902,#1245);
#809=LINE('',#5905,#1246);
#810=LINE('',#5907,#1247);
#811=LINE('',#5908,#1248);
#812=LINE('',#5912,#1249);
#813=LINE('',#5913,#1250);
#814=LINE('',#5915,#1251);
#815=LINE('',#5916,#1252);
#816=LINE('',#5920,#1253);
#817=LINE('',#5922,#1254);
#818=LINE('',#5924,#1255);
#819=LINE('',#5926,#1256);
#820=LINE('',#5927,#1257);
#821=LINE('',#5930,#1258);
#822=LINE('',#5932,#1259);
#823=LINE('',#5933,#1260);
#824=LINE('',#5937,#1261);
#825=LINE('',#5938,#1262);
#826=LINE('',#5940,#1263);
#827=LINE('',#5941,#1264);
#828=LINE('',#5945,#1265);
#829=LINE('',#5947,#1266);
#830=LINE('',#5949,#1267);
#831=LINE('',#5951,#1268);
#832=LINE('',#5952,#1269);
#833=LINE('',#5955,#1270);
#834=LINE('',#5957,#1271);
#835=LINE('',#5958,#1272);
#836=LINE('',#5962,#1273);
#837=LINE('',#5963,#1274);
#838=LINE('',#5965,#1275);
#839=LINE('',#5966,#1276);
#840=LINE('',#5970,#1277);
#841=LINE('',#5972,#1278);
#842=LINE('',#5974,#1279);
#843=LINE('',#5976,#1280);
#844=LINE('',#5977,#1281);
#845=LINE('',#5980,#1282);
#846=LINE('',#5982,#1283);
#847=LINE('',#5983,#1284);
#848=LINE('',#5987,#1285);
#849=LINE('',#5988,#1286);
#850=LINE('',#5990,#1287);
#851=LINE('',#5991,#1288);
#852=LINE('',#5994,#1289);
#853=LINE('',#5997,#1290);
#854=LINE('',#6000,#1291);
#855=LINE('',#6004,#1292);
#856=LINE('',#6007,#1293);
#857=LINE('',#6009,#1294);
#858=LINE('',#6011,#1295);
#859=LINE('',#6013,#1296);
#860=LINE('',#6015,#1297);
#861=LINE('',#6018,#1298);
#862=LINE('',#6019,#1299);
#863=LINE('',#6021,#1300);
#864=LINE('',#6023,#1301);
#865=LINE('',#6025,#1302);
#866=LINE('',#6027,#1303);
#867=LINE('',#6029,#1304);
#868=LINE('',#6033,#1305);
#869=LINE('',#6035,#1306);
#870=LINE('',#6037,#1307);
#871=LINE('',#6038,#1308);
#872=LINE('',#6040,#1309);
#873=LINE('',#6041,#1310);
#874=LINE('',#6045,#1311);
#875=LINE('',#6046,#1312);
#876=LINE('',#6047,#1313);
#877=LINE('',#6049,#1314);
#878=LINE('',#6053,#1315);
#879=LINE('',#6055,#1316);
#880=LINE('',#6057,#1317);
#881=LINE('',#6059,#1318);
#882=LINE('',#6061,#1319);
#883=LINE('',#6062,#1320);
#884=LINE('',#6063,#1321);
#885=LINE('',#6064,#1322);
#886=LINE('',#6065,#1323);
#887=LINE('',#6067,#1324);
#888=LINE('',#6074,#1325);
#889=LINE('',#6076,#1326);
#890=LINE('',#6083,#1327);
#891=LINE('',#6084,#1328);
#892=LINE('',#6086,#1329);
#893=LINE('',#6088,#1330);
#894=LINE('',#6089,#1331);
#895=LINE('',#6099,#1332);
#896=LINE('',#6101,#1333);
#897=LINE('',#6103,#1334);
#898=LINE('',#6104,#1335);
#899=LINE('',#6106,#1336);
#900=LINE('',#6107,#1337);
#901=LINE('',#6109,#1338);
#902=LINE('',#6110,#1339);
#903=LINE('',#6114,#1340);
#904=LINE('',#6116,#1341);
#905=LINE('',#6117,#1342);
#906=LINE('',#6120,#1343);
#907=LINE('',#6122,#1344);
#908=LINE('',#6123,#1345);
#909=LINE('',#6125,#1346);
#910=LINE('',#6127,#1347);
#911=LINE('',#6132,#1348);
#912=LINE('',#6134,#1349);
#913=LINE('',#6136,#1350);
#914=LINE('',#6137,#1351);
#915=LINE('',#6142,#1352);
#916=LINE('',#6148,#1353);
#917=LINE('',#6154,#1354);
#918=LINE('',#6157,#1355);
#919=LINE('',#6159,#1356);
#920=LINE('',#6160,#1357);
#921=LINE('',#6163,#1358);
#922=LINE('',#6167,#1359);
#923=LINE('',#6171,#1360);
#924=LINE('',#6175,#1361);
#925=LINE('',#6176,#1362);
#926=LINE('',#6179,#1363);
#927=LINE('',#6183,#1364);
#928=LINE('',#6187,#1365);
#929=LINE('',#6191,#1366);
#930=LINE('',#6192,#1367);
#931=LINE('',#6197,#1368);
#932=LINE('',#6203,#1369);
#933=LINE('',#6211,#1370);
#934=LINE('',#6215,#1371);
#935=LINE('',#6219,#1372);
#936=LINE('',#6223,#1373);
#937=LINE('',#6227,#1374);
#938=LINE('',#6232,#1375);
#939=LINE('',#6234,#1376);
#940=LINE('',#6236,#1377);
#941=LINE('',#6238,#1378);
#942=LINE('',#6240,#1379);
#943=LINE('',#6242,#1380);
#944=LINE('',#6244,#1381);
#945=LINE('',#6246,#1382);
#946=LINE('',#6248,#1383);
#947=LINE('',#6250,#1384);
#948=LINE('',#6252,#1385);
#949=LINE('',#6254,#1386);
#950=LINE('',#6256,#1387);
#951=LINE('',#6258,#1388);
#952=LINE('',#6260,#1389);
#953=LINE('',#6262,#1390);
#954=LINE('',#6264,#1391);
#955=LINE('',#6266,#1392);
#956=LINE('',#6268,#1393);
#957=LINE('',#6273,#1394);
#958=LINE('',#6275,#1395);
#959=LINE('',#6277,#1396);
#960=LINE('',#6278,#1397);
#961=LINE('',#6281,#1398);
#962=LINE('',#6283,#1399);
#963=LINE('',#6284,#1400);
#964=LINE('',#6288,#1401);
#965=LINE('',#6290,#1402);
#966=LINE('',#6292,#1403);
#967=LINE('',#6293,#1404);
#968=LINE('',#6296,#1405);
#969=LINE('',#6298,#1406);
#970=LINE('',#6299,#1407);
#971=LINE('',#6303,#1408);
#972=LINE('',#6305,#1409);
#973=LINE('',#6307,#1410);
#974=LINE('',#6308,#1411);
#975=LINE('',#6311,#1412);
#976=LINE('',#6313,#1413);
#977=LINE('',#6314,#1414);
#978=LINE('',#6318,#1415);
#979=LINE('',#6320,#1416);
#980=LINE('',#6322,#1417);
#981=LINE('',#6323,#1418);
#982=LINE('',#6326,#1419);
#983=LINE('',#6328,#1420);
#984=LINE('',#6329,#1421);
#985=LINE('',#6334,#1422);
#986=LINE('',#6338,#1423);
#987=LINE('',#6345,#1424);
#988=LINE('',#6349,#1425);
#989=LINE('',#6356,#1426);
#990=LINE('',#6360,#1427);
#991=LINE('',#6369,#1428);
#992=LINE('',#6373,#1429);
#993=LINE('',#6378,#1430);
#994=LINE('',#6380,#1431);
#995=LINE('',#6382,#1432);
#996=LINE('',#6383,#1433);
#997=LINE('',#6386,#1434);
#998=LINE('',#6388,#1435);
#999=LINE('',#6389,#1436);
#1000=LINE('',#6392,#1437);
#1001=LINE('',#6394,#1438);
#1002=LINE('',#6396,#1439);
#1003=LINE('',#6398,#1440);
#1004=LINE('',#6400,#1441);
#1005=LINE('',#6401,#1442);
#1006=LINE('',#6404,#1443);
#1007=LINE('',#6405,#1444);
#1008=LINE('',#6408,#1445);
#1009=LINE('',#6410,#1446);
#1010=LINE('',#6411,#1447);
#1011=LINE('',#6414,#1448);
#1012=LINE('',#6416,#1449);
#1013=LINE('',#6417,#1450);
#1014=LINE('',#6426,#1451);
#1015=LINE('',#6434,#1452);
#1016=LINE('',#6436,#1453);
#1017=LINE('',#6438,#1454);
#1018=LINE('',#6440,#1455);
#1019=LINE('',#6445,#1456);
#1020=LINE('',#6447,#1457);
#1021=LINE('',#6449,#1458);
#1022=LINE('',#6451,#1459);
#1023=LINE('',#6453,#1460);
#1024=LINE('',#6457,#1461);
#1025=LINE('',#6459,#1462);
#1026=LINE('',#6462,#1463);
#1027=LINE('',#6467,#1464);
#1028=LINE('',#6469,#1465);
#1029=LINE('',#6471,#1466);
#1030=LINE('',#6473,#1467);
#1031=LINE('',#6475,#1468);
#1032=LINE('',#6480,#1469);
#1033=LINE('',#6482,#1470);
#1034=LINE('',#6484,#1471);
#1035=LINE('',#6486,#1472);
#1036=LINE('',#6494,#1473);
#1037=LINE('',#6502,#1474);
#1038=LINE('',#6504,#1475);
#1039=LINE('',#6505,#1476);
#1040=LINE('',#6509,#1477);
#1041=LINE('',#6510,#1478);
#1042=LINE('',#6511,#1479);
#1043=LINE('',#6514,#1480);
#1044=LINE('',#6516,#1481);
#1045=LINE('',#6518,#1482);
#1046=LINE('',#6520,#1483);
#1047=LINE('',#6521,#1484);
#1048=LINE('',#6524,#1485);
#1049=LINE('',#6525,#1486);
#1050=LINE('',#6530,#1487);
#1051=LINE('',#6534,#1488);
#1052=LINE('',#6536,#1489);
#1053=LINE('',#6538,#1490);
#1054=LINE('',#6540,#1491);
#1055=LINE('',#6545,#1492);
#1056=LINE('',#6549,#1493);
#1057=LINE('',#6552,#1494);
#1058=LINE('',#6554,#1495);
#1059=LINE('',#6555,#1496);
#1060=LINE('',#6557,#1497);
#1061=LINE('',#6559,#1498);
#1062=LINE('',#6562,#1499);
#1063=LINE('',#6564,#1500);
#1064=LINE('',#6566,#1501);
#1065=LINE('',#6567,#1502);
#1066=LINE('',#6570,#1503);
#1067=LINE('',#6571,#1504);
#1068=LINE('',#6574,#1505);
#1069=LINE('',#6575,#1506);
#1070=LINE('',#6577,#1507);
#1071=LINE('',#6580,#1508);
#1072=LINE('',#6586,#1509);
#1073=LINE('',#6588,#1510);
#1074=LINE('',#6590,#1511);
#1075=LINE('',#6594,#1512);
#1076=LINE('',#6597,#1513);
#1077=LINE('',#6599,#1514);
#1078=LINE('',#6603,#1515);
#1079=LINE('',#6605,#1516);
#1080=LINE('',#6612,#1517);
#1081=LINE('',#6616,#1518);
#1082=LINE('',#6621,#1519);
#1083=LINE('',#6626,#1520);
#1084=LINE('',#6631,#1521);
#1085=LINE('',#6632,#1522);
#1086=LINE('',#6636,#1523);
#1087=LINE('',#6642,#1524);
#1088=LINE('',#6648,#1525);
#1089=LINE('',#6654,#1526);
#1090=LINE('',#6655,#1527);
#1091=LINE('',#6656,#1528);
#1092=LINE('',#6660,#1529);
#1093=LINE('',#6666,#1530);
#1094=LINE('',#6672,#1531);
#1095=LINE('',#6678,#1532);
#1096=LINE('',#6679,#1533);
#1097=LINE('',#6680,#1534);
#1098=LINE('',#6684,#1535);
#1099=LINE('',#6690,#1536);
#1100=LINE('',#6696,#1537);
#1101=LINE('',#6700,#1538);
#1102=LINE('',#6701,#1539);
#1103=LINE('',#6703,#1540);
#1104=LINE('',#6704,#1541);
#1105=LINE('',#6706,#1542);
#1106=LINE('',#6708,#1543);
#1107=LINE('',#6710,#1544);
#1108=LINE('',#6712,#1545);
#1109=LINE('',#6716,#1546);
#1110=LINE('',#6719,#1547);
#1111=LINE('',#6721,#1548);
#1112=LINE('',#6723,#1549);
#1113=LINE('',#6725,#1550);
#1114=LINE('',#6727,#1551);
#1115=LINE('',#6730,#1552);
#1116=LINE('',#6733,#1553);
#1117=LINE('',#6736,#1554);
#1118=LINE('',#6737,#1555);
#1119=LINE('',#6739,#1556);
#1120=LINE('',#6743,#1557);
#1121=LINE('',#6745,#1558);
#1122=LINE('',#6747,#1559);
#1123=LINE('',#6749,#1560);
#1124=LINE('',#6751,#1561);
#1125=LINE('',#6753,#1562);
#1126=LINE('',#6757,#1563);
#1127=LINE('',#6759,#1564);
#1128=LINE('',#6762,#1565);
#1129=LINE('',#6764,#1566);
#1130=LINE('',#6766,#1567);
#1131=VECTOR('',#4428,10.);
#1132=VECTOR('',#4429,10.);
#1133=VECTOR('',#4430,10.);
#1134=VECTOR('',#4431,10.);
#1135=VECTOR('',#4432,10.);
#1136=VECTOR('',#4433,10.);
#1137=VECTOR('',#4434,10.);
#1138=VECTOR('',#4435,10.);
#1139=VECTOR('',#4438,10.);
#1140=VECTOR('',#4439,10.);
#1141=VECTOR('',#4440,10.);
#1142=VECTOR('',#4443,10.);
#1143=VECTOR('',#4444,10.);
#1144=VECTOR('',#4447,10.);
#1145=VECTOR('',#4448,10.);
#1146=VECTOR('',#4451,10.);
#1147=VECTOR('',#4452,10.);
#1148=VECTOR('',#4455,10.);
#1149=VECTOR('',#4456,10.);
#1150=VECTOR('',#4459,10.);
#1151=VECTOR('',#4460,10.);
#1152=VECTOR('',#4463,10.);
#1153=VECTOR('',#4464,10.);
#1154=VECTOR('',#4467,10.);
#1155=VECTOR('',#4468,10.);
#1156=VECTOR('',#4469,10.);
#1157=VECTOR('',#4470,10.);
#1158=VECTOR('',#4471,10.);
#1159=VECTOR('',#4472,10.);
#1160=VECTOR('',#4473,10.);
#1161=VECTOR('',#4474,10.);
#1162=VECTOR('',#4477,10.);
#1163=VECTOR('',#4478,10.);
#1164=VECTOR('',#4479,10.);
#1165=VECTOR('',#4482,10.);
#1166=VECTOR('',#4483,10.);
#1167=VECTOR('',#4486,10.);
#1168=VECTOR('',#4487,10.);
#1169=VECTOR('',#4490,10.);
#1170=VECTOR('',#4491,10.);
#1171=VECTOR('',#4494,10.);
#1172=VECTOR('',#4495,10.);
#1173=VECTOR('',#4498,10.);
#1174=VECTOR('',#4499,10.);
#1175=VECTOR('',#4502,10.);
#1176=VECTOR('',#4503,10.);
#1177=VECTOR('',#4506,10.);
#1178=VECTOR('',#4513,10.);
#1179=VECTOR('',#4514,10.);
#1180=VECTOR('',#4515,10.);
#1181=VECTOR('',#4516,10.);
#1182=VECTOR('',#4523,10.);
#1183=VECTOR('',#4530,10.);
#1184=VECTOR('',#4531,10.);
#1185=VECTOR('',#4532,10.);
#1186=VECTOR('',#4533,10.);
#1187=VECTOR('',#4540,10.);
#1188=VECTOR('',#4543,10.);
#1189=VECTOR('',#4546,10.);
#1190=VECTOR('',#4551,10.);
#1191=VECTOR('',#4552,10.);
#1192=VECTOR('',#4553,10.);
#1193=VECTOR('',#4556,10.);
#1194=VECTOR('',#4557,10.);
#1195=VECTOR('',#4558,10.);
#1196=VECTOR('',#4561,10.);
#1197=VECTOR('',#4568,10.);
#1198=VECTOR('',#4569,10.);
#1199=VECTOR('',#4572,10.);
#1200=VECTOR('',#4573,10.);
#1201=VECTOR('',#4574,10.);
#1202=VECTOR('',#4577,10.);
#1203=VECTOR('',#4582,10.);
#1204=VECTOR('',#4583,10.);
#1205=VECTOR('',#4586,10.);
#1206=VECTOR('',#4591,10.);
#1207=VECTOR('',#4594,10.);
#1208=VECTOR('',#4601,10.);
#1209=VECTOR('',#4602,10.);
#1210=VECTOR('',#4603,10.);
#1211=VECTOR('',#4604,10.);
#1212=VECTOR('',#4611,10.);
#1213=VECTOR('',#4618,10.);
#1214=VECTOR('',#4619,10.);
#1215=VECTOR('',#4626,10.);
#1216=VECTOR('',#4629,10.);
#1217=VECTOR('',#4632,10.);
#1218=VECTOR('',#4635,10.);
#1219=VECTOR('',#4640,10.);
#1220=VECTOR('',#4641,10.);
#1221=VECTOR('',#4644,10.);
#1222=VECTOR('',#4649,10.);
#1223=VECTOR('',#4654,10.);
#1224=VECTOR('',#4661,10.);
#1225=VECTOR('',#4664,10.);
#1226=VECTOR('',#4665,10.);
#1227=VECTOR('',#4666,10.);
#1228=VECTOR('',#4667,10.);
#1229=VECTOR('',#4668,10.);
#1230=VECTOR('',#4671,10.);
#1231=VECTOR('',#4672,10.);
#1232=VECTOR('',#4673,10.);
#1233=VECTOR('',#4676,10.);
#1234=VECTOR('',#4677,10.);
#1235=VECTOR('',#4678,10.);
#1236=VECTOR('',#4679,10.);
#1237=VECTOR('',#4682,10.);
#1238=VECTOR('',#4685,10.);
#1239=VECTOR('',#4688,10.);
#1240=VECTOR('',#4693,10.);
#1241=VECTOR('',#4698,10.);
#1242=VECTOR('',#4699,10.);
#1243=VECTOR('',#4700,10.);
#1244=VECTOR('',#4701,10.);
#1245=VECTOR('',#4702,10.);
#1246=VECTOR('',#4705,10.);
#1247=VECTOR('',#4706,10.);
#1248=VECTOR('',#4707,10.);
#1249=VECTOR('',#4710,10.);
#1250=VECTOR('',#4711,10.);
#1251=VECTOR('',#4712,10.);
#1252=VECTOR('',#4713,10.);
#1253=VECTOR('',#4716,10.);
#1254=VECTOR('',#4717,10.);
#1255=VECTOR('',#4718,10.);
#1256=VECTOR('',#4719,10.);
#1257=VECTOR('',#4720,10.);
#1258=VECTOR('',#4723,10.);
#1259=VECTOR('',#4724,10.);
#1260=VECTOR('',#4725,10.);
#1261=VECTOR('',#4728,10.);
#1262=VECTOR('',#4729,10.);
#1263=VECTOR('',#4730,10.);
#1264=VECTOR('',#4731,10.);
#1265=VECTOR('',#4734,10.);
#1266=VECTOR('',#4735,10.);
#1267=VECTOR('',#4736,10.);
#1268=VECTOR('',#4737,10.);
#1269=VECTOR('',#4738,10.);
#1270=VECTOR('',#4741,10.);
#1271=VECTOR('',#4742,10.);
#1272=VECTOR('',#4743,10.);
#1273=VECTOR('',#4746,10.);
#1274=VECTOR('',#4747,10.);
#1275=VECTOR('',#4748,10.);
#1276=VECTOR('',#4749,10.);
#1277=VECTOR('',#4752,10.);
#1278=VECTOR('',#4753,10.);
#1279=VECTOR('',#4754,10.);
#1280=VECTOR('',#4755,10.);
#1281=VECTOR('',#4756,10.);
#1282=VECTOR('',#4759,10.);
#1283=VECTOR('',#4760,10.);
#1284=VECTOR('',#4761,10.);
#1285=VECTOR('',#4764,10.);
#1286=VECTOR('',#4765,10.);
#1287=VECTOR('',#4766,10.);
#1288=VECTOR('',#4767,10.);
#1289=VECTOR('',#4770,10.);
#1290=VECTOR('',#4773,10.);
#1291=VECTOR('',#4776,10.);
#1292=VECTOR('',#4781,10.);
#1293=VECTOR('',#4786,10.);
#1294=VECTOR('',#4789,10.);
#1295=VECTOR('',#4792,10.);
#1296=VECTOR('',#4795,10.);
#1297=VECTOR('',#4798,10.);
#1298=VECTOR('',#4801,10.);
#1299=VECTOR('',#4802,10.);
#1300=VECTOR('',#4805,10.);
#1301=VECTOR('',#4808,10.);
#1302=VECTOR('',#4811,10.);
#1303=VECTOR('',#4814,10.);
#1304=VECTOR('',#4817,10.);
#1305=VECTOR('',#4820,10.);
#1306=VECTOR('',#4821,10.);
#1307=VECTOR('',#4822,10.);
#1308=VECTOR('',#4823,10.);
#1309=VECTOR('',#4826,10.);
#1310=VECTOR('',#4827,10.);
#1311=VECTOR('',#4830,10.);
#1312=VECTOR('',#4831,10.);
#1313=VECTOR('',#4832,10.);
#1314=VECTOR('',#4835,10.);
#1315=VECTOR('',#4838,10.);
#1316=VECTOR('',#4839,10.);
#1317=VECTOR('',#4840,10.);
#1318=VECTOR('',#4841,10.);
#1319=VECTOR('',#4842,10.);
#1320=VECTOR('',#4843,10.);
#1321=VECTOR('',#4844,10.);
#1322=VECTOR('',#4845,10.);
#1323=VECTOR('',#4846,10.);
#1324=VECTOR('',#4847,10.);
#1325=VECTOR('',#4854,10.);
#1326=VECTOR('',#4855,10.);
#1327=VECTOR('',#4862,10.);
#1328=VECTOR('',#4863,10.);
#1329=VECTOR('',#4864,10.);
#1330=VECTOR('',#4865,10.);
#1331=VECTOR('',#4866,10.);
#1332=VECTOR('',#4875,10.);
#1333=VECTOR('',#4876,10.);
#1334=VECTOR('',#4877,10.);
#1335=VECTOR('',#4878,10.);
#1336=VECTOR('',#4881,10.);
#1337=VECTOR('',#4882,10.);
#1338=VECTOR('',#4885,10.);
#1339=VECTOR('',#4886,10.);
#1340=VECTOR('',#4891,10.);
#1341=VECTOR('',#4892,10.);
#1342=VECTOR('',#4893,10.);
#1343=VECTOR('',#4896,10.);
#1344=VECTOR('',#4897,10.);
#1345=VECTOR('',#4898,10.);
#1346=VECTOR('',#4901,10.);
#1347=VECTOR('',#4904,10.);
#1348=VECTOR('',#4909,10.);
#1349=VECTOR('',#4910,10.);
#1350=VECTOR('',#4911,10.);
#1351=VECTOR('',#4912,10.);
#1352=VECTOR('',#4917,10.);
#1353=VECTOR('',#4924,10.);
#1354=VECTOR('',#4931,10.);
#1355=VECTOR('',#4936,10.);
#1356=VECTOR('',#4937,10.);
#1357=VECTOR('',#4938,10.);
#1358=VECTOR('',#4941,10.);
#1359=VECTOR('',#4946,10.);
#1360=VECTOR('',#4951,10.);
#1361=VECTOR('',#4956,10.);
#1362=VECTOR('',#4957,10.);
#1363=VECTOR('',#4960,10.);
#1364=VECTOR('',#4965,10.);
#1365=VECTOR('',#4970,10.);
#1366=VECTOR('',#4975,10.);
#1367=VECTOR('',#4976,10.);
#1368=VECTOR('',#4981,10.);
#1369=VECTOR('',#4988,10.);
#1370=VECTOR('',#5001,1.143);
#1371=VECTOR('',#5006,1.343);
#1372=VECTOR('',#5011,1.143);
#1373=VECTOR('',#5016,1.343);
#1374=VECTOR('',#5021,1.143);
#1375=VECTOR('',#5028,1.343);
#1376=VECTOR('',#5031,10.);
#1377=VECTOR('',#5034,10.);
#1378=VECTOR('',#5037,10.);
#1379=VECTOR('',#5040,10.);
#1380=VECTOR('',#5043,10.);
#1381=VECTOR('',#5046,10.);
#1382=VECTOR('',#5049,10.);
#1383=VECTOR('',#5052,10.);
#1384=VECTOR('',#5055,10.);
#1385=VECTOR('',#5058,10.);
#1386=VECTOR('',#5061,10.);
#1387=VECTOR('',#5064,10.);
#1388=VECTOR('',#5067,10.);
#1389=VECTOR('',#5070,10.);
#1390=VECTOR('',#5073,10.);
#1391=VECTOR('',#5076,10.);
#1392=VECTOR('',#5079,10.);
#1393=VECTOR('',#5082,10.);
#1394=VECTOR('',#5087,10.);
#1395=VECTOR('',#5088,10.);
#1396=VECTOR('',#5089,10.);
#1397=VECTOR('',#5090,10.);
#1398=VECTOR('',#5093,10.);
#1399=VECTOR('',#5094,10.);
#1400=VECTOR('',#5095,10.);
#1401=VECTOR('',#5098,10.);
#1402=VECTOR('',#5099,10.);
#1403=VECTOR('',#5100,10.);
#1404=VECTOR('',#5101,10.);
#1405=VECTOR('',#5104,10.);
#1406=VECTOR('',#5105,10.);
#1407=VECTOR('',#5106,10.);
#1408=VECTOR('',#5109,10.);
#1409=VECTOR('',#5110,10.);
#1410=VECTOR('',#5111,10.);
#1411=VECTOR('',#5112,10.);
#1412=VECTOR('',#5115,10.);
#1413=VECTOR('',#5116,10.);
#1414=VECTOR('',#5117,10.);
#1415=VECTOR('',#5120,10.);
#1416=VECTOR('',#5121,10.);
#1417=VECTOR('',#5122,10.);
#1418=VECTOR('',#5123,10.);
#1419=VECTOR('',#5126,10.);
#1420=VECTOR('',#5127,10.);
#1421=VECTOR('',#5128,10.);
#1422=VECTOR('',#5133,1.);
#1423=VECTOR('',#5136,1.);
#1424=VECTOR('',#5145,1.);
#1425=VECTOR('',#5148,1.);
#1426=VECTOR('',#5157,0.999999999999996);
#1427=VECTOR('',#5160,1.);
#1428=VECTOR('',#5173,1.);
#1429=VECTOR('',#5176,0.999999999999996);
#1430=VECTOR('',#5181,10.);
#1431=VECTOR('',#5182,10.);
#1432=VECTOR('',#5183,10.);
#1433=VECTOR('',#5184,10.);
#1434=VECTOR('',#5187,10.);
#1435=VECTOR('',#5188,10.);
#1436=VECTOR('',#5189,10.);
#1437=VECTOR('',#5192,10.);
#1438=VECTOR('',#5193,10.);
#1439=VECTOR('',#5194,10.);
#1440=VECTOR('',#5195,10.);
#1441=VECTOR('',#5196,10.);
#1442=VECTOR('',#5197,10.);
#1443=VECTOR('',#5200,10.);
#1444=VECTOR('',#5201,10.);
#1445=VECTOR('',#5204,10.);
#1446=VECTOR('',#5205,10.);
#1447=VECTOR('',#5206,10.);
#1448=VECTOR('',#5209,10.);
#1449=VECTOR('',#5210,10.);
#1450=VECTOR('',#5211,10.);
#1451=VECTOR('',#5220,10.);
#1452=VECTOR('',#5227,10.);
#1453=VECTOR('',#5228,10.);
#1454=VECTOR('',#5229,10.);
#1455=VECTOR('',#5230,10.);
#1456=VECTOR('',#5235,10.);
#1457=VECTOR('',#5236,10.);
#1458=VECTOR('',#5237,10.);
#1459=VECTOR('',#5238,10.);
#1460=VECTOR('',#5239,10.);
#1461=VECTOR('',#5244,10.);
#1462=VECTOR('',#5247,10.);
#1463=VECTOR('',#5250,10.);
#1464=VECTOR('',#5255,10.);
#1465=VECTOR('',#5256,10.);
#1466=VECTOR('',#5257,10.);
#1467=VECTOR('',#5258,10.);
#1468=VECTOR('',#5259,10.);
#1469=VECTOR('',#5264,10.);
#1470=VECTOR('',#5265,10.);
#1471=VECTOR('',#5266,10.);
#1472=VECTOR('',#5267,10.);
#1473=VECTOR('',#5274,10.);
#1474=VECTOR('',#5283,10.);
#1475=VECTOR('',#5284,10.);
#1476=VECTOR('',#5285,1.);
#1477=VECTOR('',#5288,10.);
#1478=VECTOR('',#5289,10.);
#1479=VECTOR('',#5290,1.);
#1480=VECTOR('',#5293,10.);
#1481=VECTOR('',#5294,10.);
#1482=VECTOR('',#5295,10.);
#1483=VECTOR('',#5296,10.);
#1484=VECTOR('',#5297,10.);
#1485=VECTOR('',#5300,10.);
#1486=VECTOR('',#5301,10.);
#1487=VECTOR('',#5306,10.);
#1488=VECTOR('',#5311,10.);
#1489=VECTOR('',#5312,10.);
#1490=VECTOR('',#5313,10.);
#1491=VECTOR('',#5314,10.);
#1492=VECTOR('',#5319,10.);
#1493=VECTOR('',#5324,10.);
#1494=VECTOR('',#5327,10.);
#1495=VECTOR('',#5328,10.);
#1496=VECTOR('',#5329,10.);
#1497=VECTOR('',#5332,10.);
#1498=VECTOR('',#5335,10.);
#1499=VECTOR('',#5340,10.);
#1500=VECTOR('',#5341,10.);
#1501=VECTOR('',#5342,10.);
#1502=VECTOR('',#5343,10.);
#1503=VECTOR('',#5346,10.);
#1504=VECTOR('',#5347,10.);
#1505=VECTOR('',#5350,10.);
#1506=VECTOR('',#5351,10.);
#1507=VECTOR('',#5354,10.);
#1508=VECTOR('',#5359,1.);
#1509=VECTOR('',#5370,1.);
#1510=VECTOR('',#5373,1.);
#1511=VECTOR('',#5374,10.);
#1512=VECTOR('',#5377,10.);
#1513=VECTOR('',#5380,10.);
#1514=VECTOR('',#5383,0.999999999999996);
#1515=VECTOR('',#5390,1.);
#1516=VECTOR('',#5393,0.999999999999996);
#1517=VECTOR('',#5402,10.);
#1518=VECTOR('',#5405,10.);
#1519=VECTOR('',#5410,10.);
#1520=VECTOR('',#5417,10.);
#1521=VECTOR('',#5424,10.);
#1522=VECTOR('',#5425,10.);
#1523=VECTOR('',#5428,10.);
#1524=VECTOR('',#5435,10.);
#1525=VECTOR('',#5442,10.);
#1526=VECTOR('',#5449,10.);
#1527=VECTOR('',#5450,10.);
#1528=VECTOR('',#5451,10.);
#1529=VECTOR('',#5454,10.);
#1530=VECTOR('',#5461,10.);
#1531=VECTOR('',#5468,10.);
#1532=VECTOR('',#5475,10.);
#1533=VECTOR('',#5476,10.);
#1534=VECTOR('',#5477,10.);
#1535=VECTOR('',#5480,10.);
#1536=VECTOR('',#5487,10.);
#1537=VECTOR('',#5494,10.);
#1538=VECTOR('',#5501,10.);
#1539=VECTOR('',#5502,10.);
#1540=VECTOR('',#5505,10.);
#1541=VECTOR('',#5506,10.);
#1542=VECTOR('',#5509,10.);
#1543=VECTOR('',#5512,10.);
#1544=VECTOR('',#5515,10.);
#1545=VECTOR('',#5516,10.);
#1546=VECTOR('',#5519,10.);
#1547=VECTOR('',#5522,10.);
#1548=VECTOR('',#5525,10.);
#1549=VECTOR('',#5528,10.);
#1550=VECTOR('',#5531,10.);
#1551=VECTOR('',#5534,10.);
#1552=VECTOR('',#5537,10.);
#1553=VECTOR('',#5540,10.);
#1554=VECTOR('',#5543,10.);
#1555=VECTOR('',#5544,10.);
#1556=VECTOR('',#5547,10.);
#1557=VECTOR('',#5552,10.);
#1558=VECTOR('',#5555,10.);
#1559=VECTOR('',#5558,10.);
#1560=VECTOR('',#5561,10.);
#1561=VECTOR('',#5564,10.);
#1562=VECTOR('',#5567,10.);
#1563=VECTOR('',#5574,10.);
#1564=VECTOR('',#5577,10.);
#1565=VECTOR('',#5582,10.);
#1566=VECTOR('',#5585,10.);
#1567=VECTOR('',#5588,10.);
#1568=VERTEX_POINT('',#5593);
#1569=VERTEX_POINT('',#5594);
#1570=VERTEX_POINT('',#5596);
#1571=VERTEX_POINT('',#5598);
#1572=VERTEX_POINT('',#5600);
#1573=VERTEX_POINT('',#5602);
#1574=VERTEX_POINT('',#5604);
#1575=VERTEX_POINT('',#5606);
#1576=VERTEX_POINT('',#5610);
#1577=VERTEX_POINT('',#5612);
#1578=VERTEX_POINT('',#5616);
#1579=VERTEX_POINT('',#5620);
#1580=VERTEX_POINT('',#5624);
#1581=VERTEX_POINT('',#5628);
#1582=VERTEX_POINT('',#5632);
#1583=VERTEX_POINT('',#5636);
#1584=VERTEX_POINT('',#5640);
#1585=VERTEX_POINT('',#5641);
#1586=VERTEX_POINT('',#5643);
#1587=VERTEX_POINT('',#5645);
#1588=VERTEX_POINT('',#5647);
#1589=VERTEX_POINT('',#5649);
#1590=VERTEX_POINT('',#5651);
#1591=VERTEX_POINT('',#5653);
#1592=VERTEX_POINT('',#5657);
#1593=VERTEX_POINT('',#5659);
#1594=VERTEX_POINT('',#5663);
#1595=VERTEX_POINT('',#5667);
#1596=VERTEX_POINT('',#5671);
#1597=VERTEX_POINT('',#5675);
#1598=VERTEX_POINT('',#5679);
#1599=VERTEX_POINT('',#5683);
#1600=VERTEX_POINT('',#5687);
#1601=VERTEX_POINT('',#5689);
#1602=VERTEX_POINT('',#5691);
#1603=VERTEX_POINT('',#5693);
#1604=VERTEX_POINT('',#5695);
#1605=VERTEX_POINT('',#5697);
#1606=VERTEX_POINT('',#5699);
#1607=VERTEX_POINT('',#5701);
#1608=VERTEX_POINT('',#5703);
#1609=VERTEX_POINT('',#5705);
#1610=VERTEX_POINT('',#5707);
#1611=VERTEX_POINT('',#5709);
#1612=VERTEX_POINT('',#5711);
#1613=VERTEX_POINT('',#5713);
#1614=VERTEX_POINT('',#5715);
#1615=VERTEX_POINT('',#5717);
#1616=VERTEX_POINT('',#5719);
#1617=VERTEX_POINT('',#5721);
#1618=VERTEX_POINT('',#5723);
#1619=VERTEX_POINT('',#5725);
#1620=VERTEX_POINT('',#5727);
#1621=VERTEX_POINT('',#5729);
#1622=VERTEX_POINT('',#5733);
#1623=VERTEX_POINT('',#5734);
#1624=VERTEX_POINT('',#5736);
#1625=VERTEX_POINT('',#5738);
#1626=VERTEX_POINT('',#5742);
#1627=VERTEX_POINT('',#5743);
#1628=VERTEX_POINT('',#5748);
#1629=VERTEX_POINT('',#5750);
#1630=VERTEX_POINT('',#5754);
#1631=VERTEX_POINT('',#5755);
#1632=VERTEX_POINT('',#5763);
#1633=VERTEX_POINT('',#5765);
#1634=VERTEX_POINT('',#5769);
#1635=VERTEX_POINT('',#5773);
#1636=VERTEX_POINT('',#5777);
#1637=VERTEX_POINT('',#5783);
#1638=VERTEX_POINT('',#5785);
#1639=VERTEX_POINT('',#5787);
#1640=VERTEX_POINT('',#5789);
#1641=VERTEX_POINT('',#5791);
#1642=VERTEX_POINT('',#5793);
#1643=VERTEX_POINT('',#5795);
#1644=VERTEX_POINT('',#5797);
#1645=VERTEX_POINT('',#5799);
#1646=VERTEX_POINT('',#5801);
#1647=VERTEX_POINT('',#5803);
#1648=VERTEX_POINT('',#5805);
#1649=VERTEX_POINT('',#5807);
#1650=VERTEX_POINT('',#5809);
#1651=VERTEX_POINT('',#5811);
#1652=VERTEX_POINT('',#5814);
#1653=VERTEX_POINT('',#5816);
#1654=VERTEX_POINT('',#5818);
#1655=VERTEX_POINT('',#5820);
#1656=VERTEX_POINT('',#5824);
#1657=VERTEX_POINT('',#5826);
#1658=VERTEX_POINT('',#5830);
#1659=VERTEX_POINT('',#5834);
#1660=VERTEX_POINT('',#5838);
#1661=VERTEX_POINT('',#5842);
#1662=VERTEX_POINT('',#5846);
#1663=VERTEX_POINT('',#5850);
#1664=VERTEX_POINT('',#5854);
#1665=VERTEX_POINT('',#5855);
#1666=VERTEX_POINT('',#5857);
#1667=VERTEX_POINT('',#5859);
#1668=VERTEX_POINT('',#5861);
#1669=VERTEX_POINT('',#5865);
#1670=VERTEX_POINT('',#5867);
#1671=VERTEX_POINT('',#5871);
#1672=VERTEX_POINT('',#5872);
#1673=VERTEX_POINT('',#5875);
#1674=VERTEX_POINT('',#5879);
#1675=VERTEX_POINT('',#5881);
#1676=VERTEX_POINT('',#5885);
#1677=VERTEX_POINT('',#5889);
#1678=VERTEX_POINT('',#5893);
#1679=VERTEX_POINT('',#5894);
#1680=VERTEX_POINT('',#5896);
#1681=VERTEX_POINT('',#5898);
#1682=VERTEX_POINT('',#5900);
#1683=VERTEX_POINT('',#5904);
#1684=VERTEX_POINT('',#5906);
#1685=VERTEX_POINT('',#5910);
#1686=VERTEX_POINT('',#5911);
#1687=VERTEX_POINT('',#5914);
#1688=VERTEX_POINT('',#5918);
#1689=VERTEX_POINT('',#5919);
#1690=VERTEX_POINT('',#5921);
#1691=VERTEX_POINT('',#5923);
#1692=VERTEX_POINT('',#5925);
#1693=VERTEX_POINT('',#5929);
#1694=VERTEX_POINT('',#5931);
#1695=VERTEX_POINT('',#5935);
#1696=VERTEX_POINT('',#5936);
#1697=VERTEX_POINT('',#5939);
#1698=VERTEX_POINT('',#5943);
#1699=VERTEX_POINT('',#5944);
#1700=VERTEX_POINT('',#5946);
#1701=VERTEX_POINT('',#5948);
#1702=VERTEX_POINT('',#5950);
#1703=VERTEX_POINT('',#5954);
#1704=VERTEX_POINT('',#5956);
#1705=VERTEX_POINT('',#5960);
#1706=VERTEX_POINT('',#5961);
#1707=VERTEX_POINT('',#5964);
#1708=VERTEX_POINT('',#5968);
#1709=VERTEX_POINT('',#5969);
#1710=VERTEX_POINT('',#5971);
#1711=VERTEX_POINT('',#5973);
#1712=VERTEX_POINT('',#5975);
#1713=VERTEX_POINT('',#5979);
#1714=VERTEX_POINT('',#5981);
#1715=VERTEX_POINT('',#5985);
#1716=VERTEX_POINT('',#5986);
#1717=VERTEX_POINT('',#5989);
#1718=VERTEX_POINT('',#5993);
#1719=VERTEX_POINT('',#5995);
#1720=VERTEX_POINT('',#5999);
#1721=VERTEX_POINT('',#6003);
#1722=VERTEX_POINT('',#6017);
#1723=VERTEX_POINT('',#6031);
#1724=VERTEX_POINT('',#6032);
#1725=VERTEX_POINT('',#6034);
#1726=VERTEX_POINT('',#6036);
#1727=VERTEX_POINT('',#6043);
#1728=VERTEX_POINT('',#6044);
#1729=VERTEX_POINT('',#6051);
#1730=VERTEX_POINT('',#6052);
#1731=VERTEX_POINT('',#6054);
#1732=VERTEX_POINT('',#6056);
#1733=VERTEX_POINT('',#6058);
#1734=VERTEX_POINT('',#6060);
#1735=VERTEX_POINT('',#6066);
#1736=VERTEX_POINT('',#6068);
#1737=VERTEX_POINT('',#6070);
#1738=VERTEX_POINT('',#6072);
#1739=VERTEX_POINT('',#6075);
#1740=VERTEX_POINT('',#6077);
#1741=VERTEX_POINT('',#6079);
#1742=VERTEX_POINT('',#6081);
#1743=VERTEX_POINT('',#6085);
#1744=VERTEX_POINT('',#6087);
#1745=VERTEX_POINT('',#6090);
#1746=VERTEX_POINT('',#6092);
#1747=VERTEX_POINT('',#6094);
#1748=VERTEX_POINT('',#6097);
#1749=VERTEX_POINT('',#6098);
#1750=VERTEX_POINT('',#6100);
#1751=VERTEX_POINT('',#6102);
#1752=VERTEX_POINT('',#6113);
#1753=VERTEX_POINT('',#6115);
#1754=VERTEX_POINT('',#6119);
#1755=VERTEX_POINT('',#6121);
#1756=VERTEX_POINT('',#6130);
#1757=VERTEX_POINT('',#6131);
#1758=VERTEX_POINT('',#6133);
#1759=VERTEX_POINT('',#6135);
#1760=VERTEX_POINT('',#6139);
#1761=VERTEX_POINT('',#6141);
#1762=VERTEX_POINT('',#6145);
#1763=VERTEX_POINT('',#6147);
#1764=VERTEX_POINT('',#6151);
#1765=VERTEX_POINT('',#6153);
#1766=VERTEX_POINT('',#6158);
#1767=VERTEX_POINT('',#6162);
#1768=VERTEX_POINT('',#6166);
#1769=VERTEX_POINT('',#6170);
#1770=VERTEX_POINT('',#6174);
#1771=VERTEX_POINT('',#6178);
#1772=VERTEX_POINT('',#6182);
#1773=VERTEX_POINT('',#6186);
#1774=VERTEX_POINT('',#6190);
#1775=VERTEX_POINT('',#6194);
#1776=VERTEX_POINT('',#6196);
#1777=VERTEX_POINT('',#6200);
#1778=VERTEX_POINT('',#6202);
#1779=VERTEX_POINT('',#6209);
#1780=VERTEX_POINT('',#6213);
#1781=VERTEX_POINT('',#6217);
#1782=VERTEX_POINT('',#6221);
#1783=VERTEX_POINT('',#6225);
#1784=VERTEX_POINT('',#6229);
#1785=VERTEX_POINT('',#6271);
#1786=VERTEX_POINT('',#6272);
#1787=VERTEX_POINT('',#6274);
#1788=VERTEX_POINT('',#6276);
#1789=VERTEX_POINT('',#6280);
#1790=VERTEX_POINT('',#6282);
#1791=VERTEX_POINT('',#6286);
#1792=VERTEX_POINT('',#6287);
#1793=VERTEX_POINT('',#6289);
#1794=VERTEX_POINT('',#6291);
#1795=VERTEX_POINT('',#6295);
#1796=VERTEX_POINT('',#6297);
#1797=VERTEX_POINT('',#6301);
#1798=VERTEX_POINT('',#6302);
#1799=VERTEX_POINT('',#6304);
#1800=VERTEX_POINT('',#6306);
#1801=VERTEX_POINT('',#6310);
#1802=VERTEX_POINT('',#6312);
#1803=VERTEX_POINT('',#6316);
#1804=VERTEX_POINT('',#6317);
#1805=VERTEX_POINT('',#6319);
#1806=VERTEX_POINT('',#6321);
#1807=VERTEX_POINT('',#6325);
#1808=VERTEX_POINT('',#6327);
#1809=VERTEX_POINT('',#6331);
#1810=VERTEX_POINT('',#6333);
#1811=VERTEX_POINT('',#6335);
#1812=VERTEX_POINT('',#6337);
#1813=VERTEX_POINT('',#6342);
#1814=VERTEX_POINT('',#6344);
#1815=VERTEX_POINT('',#6346);
#1816=VERTEX_POINT('',#6348);
#1817=VERTEX_POINT('',#6353);
#1818=VERTEX_POINT('',#6355);
#1819=VERTEX_POINT('',#6357);
#1820=VERTEX_POINT('',#6359);
#1821=VERTEX_POINT('',#6366);
#1822=VERTEX_POINT('',#6368);
#1823=VERTEX_POINT('',#6370);
#1824=VERTEX_POINT('',#6372);
#1825=VERTEX_POINT('',#6376);
#1826=VERTEX_POINT('',#6377);
#1827=VERTEX_POINT('',#6379);
#1828=VERTEX_POINT('',#6381);
#1829=VERTEX_POINT('',#6385);
#1830=VERTEX_POINT('',#6387);
#1831=VERTEX_POINT('',#6391);
#1832=VERTEX_POINT('',#6393);
#1833=VERTEX_POINT('',#6395);
#1834=VERTEX_POINT('',#6397);
#1835=VERTEX_POINT('',#6399);
#1836=VERTEX_POINT('',#6403);
#1837=VERTEX_POINT('',#6407);
#1838=VERTEX_POINT('',#6409);
#1839=VERTEX_POINT('',#6413);
#1840=VERTEX_POINT('',#6415);
#1841=VERTEX_POINT('',#6419);
#1842=VERTEX_POINT('',#6421);
#1843=VERTEX_POINT('',#6423);
#1844=VERTEX_POINT('',#6425);
#1845=VERTEX_POINT('',#6427);
#1846=VERTEX_POINT('',#6429);
#1847=VERTEX_POINT('',#6431);
#1848=VERTEX_POINT('',#6433);
#1849=VERTEX_POINT('',#6435);
#1850=VERTEX_POINT('',#6437);
#1851=VERTEX_POINT('',#6439);
#1852=VERTEX_POINT('',#6442);
#1853=VERTEX_POINT('',#6444);
#1854=VERTEX_POINT('',#6446);
#1855=VERTEX_POINT('',#6448);
#1856=VERTEX_POINT('',#6450);
#1857=VERTEX_POINT('',#6452);
#1858=VERTEX_POINT('',#6455);
#1859=VERTEX_POINT('',#6461);
#1860=VERTEX_POINT('',#6464);
#1861=VERTEX_POINT('',#6466);
#1862=VERTEX_POINT('',#6468);
#1863=VERTEX_POINT('',#6470);
#1864=VERTEX_POINT('',#6472);
#1865=VERTEX_POINT('',#6474);
#1866=VERTEX_POINT('',#6477);
#1867=VERTEX_POINT('',#6479);
#1868=VERTEX_POINT('',#6481);
#1869=VERTEX_POINT('',#6483);
#1870=VERTEX_POINT('',#6485);
#1871=VERTEX_POINT('',#6487);
#1872=VERTEX_POINT('',#6489);
#1873=VERTEX_POINT('',#6491);
#1874=VERTEX_POINT('',#6493);
#1875=VERTEX_POINT('',#6495);
#1876=VERTEX_POINT('',#6497);
#1877=VERTEX_POINT('',#6501);
#1878=VERTEX_POINT('',#6503);
#1879=VERTEX_POINT('',#6507);
#1880=VERTEX_POINT('',#6508);
#1881=VERTEX_POINT('',#6513);
#1882=VERTEX_POINT('',#6515);
#1883=VERTEX_POINT('',#6517);
#1884=VERTEX_POINT('',#6519);
#1885=VERTEX_POINT('',#6523);
#1886=VERTEX_POINT('',#6527);
#1887=VERTEX_POINT('',#6529);
#1888=VERTEX_POINT('',#6533);
#1889=VERTEX_POINT('',#6535);
#1890=VERTEX_POINT('',#6537);
#1891=VERTEX_POINT('',#6539);
#1892=VERTEX_POINT('',#6542);
#1893=VERTEX_POINT('',#6544);
#1894=VERTEX_POINT('',#6547);
#1895=VERTEX_POINT('',#6551);
#1896=VERTEX_POINT('',#6553);
#1897=VERTEX_POINT('',#6563);
#1898=VERTEX_POINT('',#6565);
#1899=VERTEX_POINT('',#6569);
#1900=VERTEX_POINT('',#6573);
#1901=VERTEX_POINT('',#6589);
#1902=VERTEX_POINT('',#6591);
#1903=VERTEX_POINT('',#6593);
#1904=VERTEX_POINT('',#6595);
#1905=VERTEX_POINT('',#6610);
#1906=VERTEX_POINT('',#6611);
#1907=VERTEX_POINT('',#6613);
#1908=VERTEX_POINT('',#6615);
#1909=VERTEX_POINT('',#6619);
#1910=VERTEX_POINT('',#6620);
#1911=VERTEX_POINT('',#6625);
#1912=VERTEX_POINT('',#6630);
#1913=VERTEX_POINT('',#6634);
#1914=VERTEX_POINT('',#6635);
#1915=VERTEX_POINT('',#6640);
#1916=VERTEX_POINT('',#6641);
#1917=VERTEX_POINT('',#6646);
#1918=VERTEX_POINT('',#6647);
#1919=VERTEX_POINT('',#6652);
#1920=VERTEX_POINT('',#6653);
#1921=VERTEX_POINT('',#6658);
#1922=VERTEX_POINT('',#6659);
#1923=VERTEX_POINT('',#6664);
#1924=VERTEX_POINT('',#6665);
#1925=VERTEX_POINT('',#6670);
#1926=VERTEX_POINT('',#6671);
#1927=VERTEX_POINT('',#6676);
#1928=VERTEX_POINT('',#6677);
#1929=VERTEX_POINT('',#6682);
#1930=VERTEX_POINT('',#6683);
#1931=VERTEX_POINT('',#6688);
#1932=VERTEX_POINT('',#6689);
#1933=VERTEX_POINT('',#6694);
#1934=VERTEX_POINT('',#6695);
#1935=VERTEX_POINT('',#6711);
#1936=VERTEX_POINT('',#6713);
#1937=VERTEX_POINT('',#6715);
#1938=VERTEX_POINT('',#6717);
#1939=VERTEX_POINT('',#6729);
#1940=VERTEX_POINT('',#6731);
#1941=VERTEX_POINT('',#6735);
#1942=VERTEX_POINT('',#6741);
#1943=EDGE_CURVE('',#1568,#1569,#694,.T.);
#1944=EDGE_CURVE('',#1570,#1568,#695,.T.);
#1945=EDGE_CURVE('',#1571,#1570,#696,.T.);
#1946=EDGE_CURVE('',#1572,#1571,#697,.T.);
#1947=EDGE_CURVE('',#1573,#1572,#698,.T.);
#1948=EDGE_CURVE('',#1574,#1573,#699,.T.);
#1949=EDGE_CURVE('',#1575,#1574,#700,.T.);
#1950=EDGE_CURVE('',#1569,#1575,#701,.T.);
#1951=EDGE_CURVE('',#1575,#1576,#702,.T.);
#1952=EDGE_CURVE('',#1574,#1577,#703,.T.);
#1953=EDGE_CURVE('',#1577,#1576,#704,.T.);
#1954=EDGE_CURVE('',#1573,#1578,#705,.T.);
#1955=EDGE_CURVE('',#1578,#1577,#706,.T.);
#1956=EDGE_CURVE('',#1579,#1572,#707,.T.);
#1957=EDGE_CURVE('',#1579,#1578,#708,.T.);
#1958=EDGE_CURVE('',#1571,#1580,#709,.T.);
#1959=EDGE_CURVE('',#1580,#1579,#710,.T.);
#1960=EDGE_CURVE('',#1581,#1570,#711,.T.);
#1961=EDGE_CURVE('',#1581,#1580,#712,.T.);
#1962=EDGE_CURVE('',#1582,#1568,#713,.T.);
#1963=EDGE_CURVE('',#1582,#1581,#714,.T.);
#1964=EDGE_CURVE('',#1583,#1582,#715,.T.);
#1965=EDGE_CURVE('',#1576,#1583,#716,.T.);
#1966=EDGE_CURVE('',#1584,#1585,#717,.T.);
#1967=EDGE_CURVE('',#1586,#1584,#718,.T.);
#1968=EDGE_CURVE('',#1586,#1587,#719,.T.);
#1969=EDGE_CURVE('',#1587,#1588,#720,.T.);
#1970=EDGE_CURVE('',#1588,#1589,#721,.T.);
#1971=EDGE_CURVE('',#1589,#1590,#722,.T.);
#1972=EDGE_CURVE('',#1590,#1591,#723,.T.);
#1973=EDGE_CURVE('',#1591,#1585,#724,.T.);
#1974=EDGE_CURVE('',#1592,#1586,#725,.T.);
#1975=EDGE_CURVE('',#1593,#1592,#726,.T.);
#1976=EDGE_CURVE('',#1587,#1593,#727,.T.);
#1977=EDGE_CURVE('',#1594,#1593,#728,.T.);
#1978=EDGE_CURVE('',#1588,#1594,#729,.T.);
#1979=EDGE_CURVE('',#1595,#1594,#730,.T.);
#1980=EDGE_CURVE('',#1595,#1589,#731,.T.);
#1981=EDGE_CURVE('',#1596,#1595,#732,.T.);
#1982=EDGE_CURVE('',#1590,#1596,#733,.T.);
#1983=EDGE_CURVE('',#1597,#1596,#734,.T.);
#1984=EDGE_CURVE('',#1597,#1591,#735,.T.);
#1985=EDGE_CURVE('',#1598,#1597,#736,.T.);
#1986=EDGE_CURVE('',#1585,#1598,#737,.T.);
#1987=EDGE_CURVE('',#1598,#1599,#738,.T.);
#1988=EDGE_CURVE('',#1599,#1592,#739,.T.);
#1989=EDGE_CURVE('',#1584,#1600,#740,.T.);
#1990=EDGE_CURVE('',#1600,#1601,#109,.T.);
#1991=EDGE_CURVE('',#1601,#1602,#110,.T.);
#1992=EDGE_CURVE('',#1602,#1603,#111,.T.);
#1993=EDGE_CURVE('',#1603,#1604,#741,.T.);
#1994=EDGE_CURVE('',#1604,#1605,#742,.T.);
#1995=EDGE_CURVE('',#1606,#1605,#743,.T.);
#1996=EDGE_CURVE('',#1606,#1607,#744,.T.);
#1997=EDGE_CURVE('',#1607,#1608,#112,.T.);
#1998=EDGE_CURVE('',#1608,#1609,#113,.T.);
#1999=EDGE_CURVE('',#1609,#1610,#114,.T.);
#2000=EDGE_CURVE('',#1610,#1611,#745,.T.);
#2001=EDGE_CURVE('',#1611,#1612,#115,.T.);
#2002=EDGE_CURVE('',#1612,#1613,#116,.T.);
#2003=EDGE_CURVE('',#1613,#1614,#117,.T.);
#2004=EDGE_CURVE('',#1614,#1615,#746,.T.);
#2005=EDGE_CURVE('',#1616,#1615,#747,.T.);
#2006=EDGE_CURVE('',#1616,#1617,#748,.T.);
#2007=EDGE_CURVE('',#1617,#1618,#749,.T.);
#2008=EDGE_CURVE('',#1618,#1619,#118,.T.);
#2009=EDGE_CURVE('',#1619,#1620,#119,.T.);
#2010=EDGE_CURVE('',#1620,#1621,#120,.T.);
#2011=EDGE_CURVE('',#1621,#1599,#750,.T.);
#2012=EDGE_CURVE('',#1622,#1623,#751,.T.);
#2013=EDGE_CURVE('',#1623,#1624,#121,.T.);
#2014=EDGE_CURVE('',#1624,#1625,#752,.T.);
#2015=EDGE_CURVE('',#1625,#1622,#122,.T.);
#2016=EDGE_CURVE('',#1626,#1627,#753,.T.);
#2017=EDGE_CURVE('',#1627,#1625,#754,.T.);
#2018=EDGE_CURVE('',#1624,#1626,#755,.T.);
#2019=EDGE_CURVE('',#1622,#1628,#756,.T.);
#2020=EDGE_CURVE('',#1628,#1629,#757,.T.);
#2021=EDGE_CURVE('',#1629,#1623,#758,.T.);
#2022=EDGE_CURVE('',#1630,#1631,#759,.T.);
#2023=EDGE_CURVE('',#1631,#1629,#123,.T.);
#2024=EDGE_CURVE('',#1628,#1630,#124,.T.);
#2025=EDGE_CURVE('',#1605,#1631,#760,.T.);
#2026=EDGE_CURVE('',#1630,#1606,#761,.T.);
#2027=EDGE_CURVE('',#1632,#1624,#762,.T.);
#2028=EDGE_CURVE('',#1633,#1632,#763,.T.);
#2029=EDGE_CURVE('',#1626,#1633,#764,.T.);
#2030=EDGE_CURVE('',#1623,#1634,#765,.T.);
#2031=EDGE_CURVE('',#1634,#1632,#125,.T.);
#2032=EDGE_CURVE('',#1635,#1629,#766,.T.);
#2033=EDGE_CURVE('',#1634,#1635,#767,.T.);
#2034=EDGE_CURVE('',#1631,#1636,#768,.T.);
#2035=EDGE_CURVE('',#1636,#1635,#126,.T.);
#2036=EDGE_CURVE('',#1636,#1604,#769,.T.);
#2037=EDGE_CURVE('',#1583,#1637,#770,.T.);
#2038=EDGE_CURVE('',#1637,#1638,#127,.T.);
#2039=EDGE_CURVE('',#1638,#1639,#128,.T.);
#2040=EDGE_CURVE('',#1639,#1640,#129,.T.);
#2041=EDGE_CURVE('',#1640,#1641,#771,.T.);
#2042=EDGE_CURVE('',#1641,#1642,#772,.T.);
#2043=EDGE_CURVE('',#1643,#1642,#773,.T.);
#2044=EDGE_CURVE('',#1643,#1644,#774,.T.);
#2045=EDGE_CURVE('',#1644,#1645,#130,.T.);
#2046=EDGE_CURVE('',#1645,#1646,#131,.T.);
#2047=EDGE_CURVE('',#1646,#1647,#132,.T.);
#2048=EDGE_CURVE('',#1647,#1648,#775,.T.);
#2049=EDGE_CURVE('',#1648,#1649,#133,.T.);
#2050=EDGE_CURVE('',#1649,#1650,#134,.T.);
#2051=EDGE_CURVE('',#1650,#1651,#135,.T.);
#2052=EDGE_CURVE('',#1651,#1627,#776,.T.);
#2053=EDGE_CURVE('',#1633,#1652,#777,.T.);
#2054=EDGE_CURVE('',#1652,#1653,#136,.T.);
#2055=EDGE_CURVE('',#1653,#1654,#137,.T.);
#2056=EDGE_CURVE('',#1654,#1655,#138,.T.);
#2057=EDGE_CURVE('',#1655,#1569,#778,.T.);
#2058=EDGE_CURVE('',#1612,#1656,#779,.T.);
#2059=EDGE_CURVE('',#1656,#1657,#139,.T.);
#2060=EDGE_CURVE('',#1657,#1613,#780,.T.);
#2061=EDGE_CURVE('',#1658,#1611,#781,.T.);
#2062=EDGE_CURVE('',#1658,#1656,#140,.T.);
#2063=EDGE_CURVE('',#1659,#1610,#782,.T.);
#2064=EDGE_CURVE('',#1659,#1658,#783,.T.);
#2065=EDGE_CURVE('',#1660,#1609,#784,.T.);
#2066=EDGE_CURVE('',#1660,#1659,#141,.T.);
#2067=EDGE_CURVE('',#1661,#1608,#785,.T.);
#2068=EDGE_CURVE('',#1661,#1660,#142,.T.);
#2069=EDGE_CURVE('',#1662,#1607,#786,.T.);
#2070=EDGE_CURVE('',#1662,#1661,#143,.T.);
#2071=EDGE_CURVE('',#1657,#1663,#144,.T.);
#2072=EDGE_CURVE('',#1663,#1614,#787,.T.);
#2073=EDGE_CURVE('',#1664,#1665,#788,.T.);
#2074=EDGE_CURVE('',#1664,#1666,#789,.T.);
#2075=EDGE_CURVE('',#1667,#1666,#790,.T.);
#2076=EDGE_CURVE('',#1668,#1667,#791,.T.);
#2077=EDGE_CURVE('',#1665,#1668,#792,.T.);
#2078=EDGE_CURVE('',#1669,#1664,#793,.T.);
#2079=EDGE_CURVE('',#1669,#1670,#794,.T.);
#2080=EDGE_CURVE('',#1666,#1670,#795,.T.);
#2081=EDGE_CURVE('',#1671,#1672,#796,.T.);
#2082=EDGE_CURVE('',#1670,#1672,#797,.T.);
#2083=EDGE_CURVE('',#1673,#1669,#798,.T.);
#2084=EDGE_CURVE('',#1671,#1673,#799,.T.);
#2085=EDGE_CURVE('',#1674,#1620,#800,.T.);
#2086=EDGE_CURVE('',#1675,#1674,#145,.T.);
#2087=EDGE_CURVE('',#1675,#1621,#801,.T.);
#2088=EDGE_CURVE('',#1676,#1619,#802,.T.);
#2089=EDGE_CURVE('',#1674,#1676,#146,.T.);
#2090=EDGE_CURVE('',#1677,#1618,#803,.T.);
#2091=EDGE_CURVE('',#1676,#1677,#147,.T.);
#2092=EDGE_CURVE('',#1678,#1679,#804,.T.);
#2093=EDGE_CURVE('',#1678,#1680,#805,.T.);
#2094=EDGE_CURVE('',#1681,#1680,#806,.T.);
#2095=EDGE_CURVE('',#1682,#1681,#807,.T.);
#2096=EDGE_CURVE('',#1679,#1682,#808,.T.);
#2097=EDGE_CURVE('',#1683,#1678,#809,.T.);
#2098=EDGE_CURVE('',#1683,#1684,#810,.T.);
#2099=EDGE_CURVE('',#1680,#1684,#811,.T.);
#2100=EDGE_CURVE('',#1685,#1686,#812,.T.);
#2101=EDGE_CURVE('',#1684,#1686,#813,.T.);
#2102=EDGE_CURVE('',#1687,#1683,#814,.T.);
#2103=EDGE_CURVE('',#1685,#1687,#815,.T.);
#2104=EDGE_CURVE('',#1688,#1689,#816,.T.);
#2105=EDGE_CURVE('',#1688,#1690,#817,.T.);
#2106=EDGE_CURVE('',#1691,#1690,#818,.T.);
#2107=EDGE_CURVE('',#1692,#1691,#819,.T.);
#2108=EDGE_CURVE('',#1689,#1692,#820,.T.);
#2109=EDGE_CURVE('',#1693,#1688,#821,.T.);
#2110=EDGE_CURVE('',#1693,#1694,#822,.T.);
#2111=EDGE_CURVE('',#1690,#1694,#823,.T.);
#2112=EDGE_CURVE('',#1695,#1696,#824,.T.);
#2113=EDGE_CURVE('',#1694,#1696,#825,.T.);
#2114=EDGE_CURVE('',#1697,#1693,#826,.T.);
#2115=EDGE_CURVE('',#1695,#1697,#827,.T.);
#2116=EDGE_CURVE('',#1698,#1699,#828,.T.);
#2117=EDGE_CURVE('',#1698,#1700,#829,.T.);
#2118=EDGE_CURVE('',#1701,#1700,#830,.T.);
#2119=EDGE_CURVE('',#1702,#1701,#831,.T.);
#2120=EDGE_CURVE('',#1699,#1702,#832,.T.);
#2121=EDGE_CURVE('',#1703,#1698,#833,.T.);
#2122=EDGE_CURVE('',#1703,#1704,#834,.T.);
#2123=EDGE_CURVE('',#1700,#1704,#835,.T.);
#2124=EDGE_CURVE('',#1705,#1706,#836,.T.);
#2125=EDGE_CURVE('',#1704,#1706,#837,.T.);
#2126=EDGE_CURVE('',#1707,#1703,#838,.T.);
#2127=EDGE_CURVE('',#1705,#1707,#839,.T.);
#2128=EDGE_CURVE('',#1708,#1709,#840,.T.);
#2129=EDGE_CURVE('',#1708,#1710,#841,.T.);
#2130=EDGE_CURVE('',#1711,#1710,#842,.T.);
#2131=EDGE_CURVE('',#1712,#1711,#843,.T.);
#2132=EDGE_CURVE('',#1709,#1712,#844,.T.);
#2133=EDGE_CURVE('',#1713,#1708,#845,.T.);
#2134=EDGE_CURVE('',#1713,#1714,#846,.T.);
#2135=EDGE_CURVE('',#1710,#1714,#847,.T.);
#2136=EDGE_CURVE('',#1715,#1716,#848,.T.);
#2137=EDGE_CURVE('',#1714,#1716,#849,.T.);
#2138=EDGE_CURVE('',#1717,#1713,#850,.T.);
#2139=EDGE_CURVE('',#1715,#1717,#851,.T.);
#2140=EDGE_CURVE('',#1718,#1602,#852,.T.);
#2141=EDGE_CURVE('',#1719,#1718,#148,.T.);
#2142=EDGE_CURVE('',#1719,#1603,#853,.T.);
#2143=EDGE_CURVE('',#1720,#1601,#854,.T.);
#2144=EDGE_CURVE('',#1718,#1720,#149,.T.);
#2145=EDGE_CURVE('',#1721,#1600,#855,.T.);
#2146=EDGE_CURVE('',#1720,#1721,#150,.T.);
#2147=EDGE_CURVE('',#1717,#1709,#856,.T.);
#2148=EDGE_CURVE('',#1707,#1699,#857,.T.);
#2149=EDGE_CURVE('',#1697,#1689,#858,.T.);
#2150=EDGE_CURVE('',#1687,#1679,#859,.T.);
#2151=EDGE_CURVE('',#1673,#1665,#860,.T.);
#2152=EDGE_CURVE('',#1722,#1651,#861,.T.);
#2153=EDGE_CURVE('',#1722,#1662,#862,.T.);
#2154=EDGE_CURVE('',#1712,#1715,#863,.T.);
#2155=EDGE_CURVE('',#1702,#1705,#864,.T.);
#2156=EDGE_CURVE('',#1692,#1695,#865,.T.);
#2157=EDGE_CURVE('',#1682,#1685,#866,.T.);
#2158=EDGE_CURVE('',#1668,#1671,#867,.T.);
#2159=EDGE_CURVE('',#1723,#1724,#868,.T.);
#2160=EDGE_CURVE('',#1725,#1723,#869,.T.);
#2161=EDGE_CURVE('',#1726,#1725,#870,.T.);
#2162=EDGE_CURVE('',#1724,#1726,#871,.T.);
#2163=EDGE_CURVE('',#1724,#1616,#872,.T.);
#2164=EDGE_CURVE('',#1617,#1726,#873,.T.);
#2165=EDGE_CURVE('',#1727,#1728,#874,.T.);
#2166=EDGE_CURVE('',#1723,#1728,#875,.T.);
#2167=EDGE_CURVE('',#1727,#1724,#876,.T.);
#2168=EDGE_CURVE('',#1615,#1727,#877,.T.);
#2169=EDGE_CURVE('',#1729,#1730,#878,.T.);
#2170=EDGE_CURVE('',#1730,#1731,#879,.T.);
#2171=EDGE_CURVE('',#1731,#1732,#880,.T.);
#2172=EDGE_CURVE('',#1732,#1733,#881,.T.);
#2173=EDGE_CURVE('',#1733,#1734,#882,.T.);
#2174=EDGE_CURVE('',#1734,#1667,#883,.T.);
#2175=EDGE_CURVE('',#1672,#1675,#884,.T.);
#2176=EDGE_CURVE('',#1677,#1681,#885,.T.);
#2177=EDGE_CURVE('',#1686,#1691,#886,.T.);
#2178=EDGE_CURVE('',#1696,#1735,#887,.T.);
#2179=EDGE_CURVE('',#1735,#1736,#151,.T.);
#2180=EDGE_CURVE('',#1736,#1737,#152,.T.);
#2181=EDGE_CURVE('',#1737,#1738,#153,.T.);
#2182=EDGE_CURVE('',#1738,#1701,#888,.T.);
#2183=EDGE_CURVE('',#1706,#1739,#889,.T.);
#2184=EDGE_CURVE('',#1739,#1740,#154,.T.);
#2185=EDGE_CURVE('',#1740,#1741,#155,.T.);
#2186=EDGE_CURVE('',#1741,#1742,#156,.T.);
#2187=EDGE_CURVE('',#1742,#1711,#890,.T.);
#2188=EDGE_CURVE('',#1716,#1719,#891,.T.);
#2189=EDGE_CURVE('',#1721,#1743,#892,.T.);
#2190=EDGE_CURVE('',#1743,#1744,#893,.T.);
#2191=EDGE_CURVE('',#1744,#1729,#894,.T.);
#2192=EDGE_CURVE('',#1745,#1745,#157,.T.);
#2193=EDGE_CURVE('',#1746,#1746,#158,.T.);
#2194=EDGE_CURVE('',#1747,#1747,#159,.T.);
#2195=EDGE_CURVE('',#1748,#1749,#895,.T.);
#2196=EDGE_CURVE('',#1750,#1749,#896,.T.);
#2197=EDGE_CURVE('',#1750,#1751,#897,.T.);
#2198=EDGE_CURVE('',#1751,#1748,#898,.T.);
#2199=EDGE_CURVE('',#1749,#1731,#899,.T.);
#2200=EDGE_CURVE('',#1732,#1748,#900,.T.);
#2201=EDGE_CURVE('',#1733,#1751,#901,.T.);
#2202=EDGE_CURVE('',#1734,#1750,#902,.T.);
#2203=EDGE_CURVE('',#1730,#1752,#903,.T.);
#2204=EDGE_CURVE('',#1752,#1753,#904,.T.);
#2205=EDGE_CURVE('',#1753,#1743,#905,.T.);
#2206=EDGE_CURVE('',#1754,#1753,#906,.T.);
#2207=EDGE_CURVE('',#1752,#1755,#907,.T.);
#2208=EDGE_CURVE('',#1755,#1754,#908,.T.);
#2209=EDGE_CURVE('',#1744,#1754,#909,.T.);
#2210=EDGE_CURVE('',#1729,#1755,#910,.T.);
#2211=EDGE_CURVE('',#1756,#1757,#911,.T.);
#2212=EDGE_CURVE('',#1758,#1756,#912,.T.);
#2213=EDGE_CURVE('',#1759,#1758,#913,.T.);
#2214=EDGE_CURVE('',#1759,#1757,#914,.T.);
#2215=EDGE_CURVE('',#1760,#1759,#160,.T.);
#2216=EDGE_CURVE('',#1760,#1761,#915,.T.);
#2217=EDGE_CURVE('',#1757,#1761,#161,.T.);
#2218=EDGE_CURVE('',#1762,#1760,#162,.T.);
#2219=EDGE_CURVE('',#1762,#1763,#916,.T.);
#2220=EDGE_CURVE('',#1761,#1763,#163,.T.);
#2221=EDGE_CURVE('',#1764,#1762,#164,.T.);
#2222=EDGE_CURVE('',#1764,#1765,#917,.T.);
#2223=EDGE_CURVE('',#1763,#1765,#165,.T.);
#2224=EDGE_CURVE('',#1663,#1764,#918,.T.);
#2225=EDGE_CURVE('',#1663,#1766,#919,.T.);
#2226=EDGE_CURVE('',#1765,#1766,#920,.T.);
#2227=EDGE_CURVE('',#1657,#1767,#921,.T.);
#2228=EDGE_CURVE('',#1766,#1767,#166,.T.);
#2229=EDGE_CURVE('',#1656,#1768,#922,.T.);
#2230=EDGE_CURVE('',#1767,#1768,#167,.T.);
#2231=EDGE_CURVE('',#1658,#1769,#923,.T.);
#2232=EDGE_CURVE('',#1768,#1769,#168,.T.);
#2233=EDGE_CURVE('',#1659,#1770,#924,.T.);
#2234=EDGE_CURVE('',#1769,#1770,#925,.T.);
#2235=EDGE_CURVE('',#1660,#1771,#926,.T.);
#2236=EDGE_CURVE('',#1770,#1771,#169,.T.);
#2237=EDGE_CURVE('',#1661,#1772,#927,.T.);
#2238=EDGE_CURVE('',#1771,#1772,#170,.T.);
#2239=EDGE_CURVE('',#1662,#1773,#928,.T.);
#2240=EDGE_CURVE('',#1772,#1773,#171,.T.);
#2241=EDGE_CURVE('',#1722,#1774,#929,.T.);
#2242=EDGE_CURVE('',#1773,#1774,#930,.T.);
#2243=EDGE_CURVE('',#1775,#1722,#172,.T.);
#2244=EDGE_CURVE('',#1775,#1776,#931,.T.);
#2245=EDGE_CURVE('',#1774,#1776,#173,.T.);
#2246=EDGE_CURVE('',#1777,#1775,#174,.T.);
#2247=EDGE_CURVE('',#1777,#1778,#932,.T.);
#2248=EDGE_CURVE('',#1776,#1778,#175,.T.);
#2249=EDGE_CURVE('',#1758,#1777,#176,.T.);
#2250=EDGE_CURVE('',#1778,#1756,#177,.T.);
#2251=EDGE_CURVE('',#1779,#1779,#178,.T.);
#2252=EDGE_CURVE('',#1779,#1747,#933,.T.);
#2253=EDGE_CURVE('',#1780,#1780,#179,.T.);
#2254=EDGE_CURVE('',#1780,#1779,#934,.T.);
#2255=EDGE_CURVE('',#1781,#1781,#180,.T.);
#2256=EDGE_CURVE('',#1781,#1746,#935,.T.);
#2257=EDGE_CURVE('',#1782,#1782,#181,.T.);
#2258=EDGE_CURVE('',#1782,#1781,#936,.T.);
#2259=EDGE_CURVE('',#1783,#1783,#182,.T.);
#2260=EDGE_CURVE('',#1783,#1745,#937,.T.);
#2261=EDGE_CURVE('',#1784,#1784,#183,.T.);
#2262=EDGE_CURVE('',#1784,#1783,#938,.T.);
#2263=EDGE_CURVE('',#1742,#1652,#939,.T.);
#2264=EDGE_CURVE('',#1741,#1653,#940,.T.);
#2265=EDGE_CURVE('',#1740,#1654,#941,.T.);
#2266=EDGE_CURVE('',#1739,#1655,#942,.T.);
#2267=EDGE_CURVE('',#1738,#1637,#943,.T.);
#2268=EDGE_CURVE('',#1737,#1638,#944,.T.);
#2269=EDGE_CURVE('',#1736,#1639,#945,.T.);
#2270=EDGE_CURVE('',#1735,#1640,#946,.T.);
#2271=EDGE_CURVE('',#1725,#1641,#947,.T.);
#2272=EDGE_CURVE('',#1642,#1723,#948,.T.);
#2273=EDGE_CURVE('',#1728,#1643,#949,.T.);
#2274=EDGE_CURVE('',#1764,#1644,#950,.T.);
#2275=EDGE_CURVE('',#1762,#1645,#951,.T.);
#2276=EDGE_CURVE('',#1760,#1646,#952,.T.);
#2277=EDGE_CURVE('',#1759,#1647,#953,.T.);
#2278=EDGE_CURVE('',#1758,#1648,#954,.T.);
#2279=EDGE_CURVE('',#1777,#1649,#955,.T.);
#2280=EDGE_CURVE('',#1775,#1650,#956,.T.);
#2281=EDGE_CURVE('',#1785,#1786,#957,.T.);
#2282=EDGE_CURVE('',#1787,#1786,#958,.T.);
#2283=EDGE_CURVE('',#1788,#1787,#959,.T.);
#2284=EDGE_CURVE('',#1785,#1788,#960,.T.);
#2285=EDGE_CURVE('',#1789,#1785,#961,.T.);
#2286=EDGE_CURVE('',#1790,#1788,#962,.T.);
#2287=EDGE_CURVE('',#1789,#1790,#963,.T.);
#2288=EDGE_CURVE('',#1791,#1792,#964,.T.);
#2289=EDGE_CURVE('',#1793,#1792,#965,.T.);
#2290=EDGE_CURVE('',#1794,#1793,#966,.T.);
#2291=EDGE_CURVE('',#1791,#1794,#967,.T.);
#2292=EDGE_CURVE('',#1795,#1791,#968,.T.);
#2293=EDGE_CURVE('',#1796,#1794,#969,.T.);
#2294=EDGE_CURVE('',#1795,#1796,#970,.T.);
#2295=EDGE_CURVE('',#1797,#1798,#971,.T.);
#2296=EDGE_CURVE('',#1799,#1798,#972,.T.);
#2297=EDGE_CURVE('',#1800,#1799,#973,.T.);
#2298=EDGE_CURVE('',#1797,#1800,#974,.T.);
#2299=EDGE_CURVE('',#1801,#1797,#975,.T.);
#2300=EDGE_CURVE('',#1802,#1800,#976,.T.);
#2301=EDGE_CURVE('',#1801,#1802,#977,.T.);
#2302=EDGE_CURVE('',#1803,#1804,#978,.T.);
#2303=EDGE_CURVE('',#1805,#1804,#979,.T.);
#2304=EDGE_CURVE('',#1806,#1805,#980,.T.);
#2305=EDGE_CURVE('',#1803,#1806,#981,.T.);
#2306=EDGE_CURVE('',#1804,#1807,#982,.T.);
#2307=EDGE_CURVE('',#1808,#1807,#983,.T.);
#2308=EDGE_CURVE('',#1805,#1808,#984,.T.);
#2309=EDGE_CURVE('',#1786,#1809,#184,.T.);
#2310=EDGE_CURVE('',#1810,#1809,#985,.T.);
#2311=EDGE_CURVE('',#1811,#1810,#185,.T.);
#2312=EDGE_CURVE('',#1812,#1811,#986,.T.);
#2313=EDGE_CURVE('',#1812,#1789,#186,.T.);
#2314=EDGE_CURVE('',#1787,#1790,#187,.T.);
#2315=EDGE_CURVE('',#1792,#1813,#188,.T.);
#2316=EDGE_CURVE('',#1814,#1813,#987,.T.);
#2317=EDGE_CURVE('',#1815,#1814,#189,.T.);
#2318=EDGE_CURVE('',#1816,#1815,#988,.T.);
#2319=EDGE_CURVE('',#1816,#1795,#190,.T.);
#2320=EDGE_CURVE('',#1793,#1796,#191,.T.);
#2321=EDGE_CURVE('',#1798,#1817,#192,.T.);
#2322=EDGE_CURVE('',#1818,#1817,#989,.T.);
#2323=EDGE_CURVE('',#1819,#1818,#193,.T.);
#2324=EDGE_CURVE('',#1820,#1819,#990,.T.);
#2325=EDGE_CURVE('',#1820,#1801,#194,.T.);
#2326=EDGE_CURVE('',#1802,#1799,#195,.T.);
#2327=EDGE_CURVE('',#1808,#1806,#196,.T.);
#2328=EDGE_CURVE('',#1807,#1821,#197,.T.);
#2329=EDGE_CURVE('',#1822,#1821,#991,.T.);
#2330=EDGE_CURVE('',#1823,#1822,#198,.T.);
#2331=EDGE_CURVE('',#1824,#1823,#992,.T.);
#2332=EDGE_CURVE('',#1824,#1803,#199,.T.);
#2333=EDGE_CURVE('',#1825,#1826,#993,.T.);
#2334=EDGE_CURVE('',#1826,#1827,#994,.T.);
#2335=EDGE_CURVE('',#1827,#1828,#995,.F.);
#2336=EDGE_CURVE('',#1828,#1825,#996,.T.);
#2337=EDGE_CURVE('',#1825,#1829,#997,.T.);
#2338=EDGE_CURVE('',#1830,#1829,#998,.T.);
#2339=EDGE_CURVE('',#1830,#1826,#999,.T.);
#2340=EDGE_CURVE('',#1828,#1831,#1000,.T.);
#2341=EDGE_CURVE('',#1831,#1832,#1001,.T.);
#2342=EDGE_CURVE('',#1832,#1833,#1002,.T.);
#2343=EDGE_CURVE('',#1834,#1833,#1003,.T.);
#2344=EDGE_CURVE('',#1834,#1835,#1004,.T.);
#2345=EDGE_CURVE('',#1829,#1835,#1005,.T.);
#2346=EDGE_CURVE('',#1835,#1836,#1006,.F.);
#2347=EDGE_CURVE('',#1836,#1830,#1007,.T.);
#2348=EDGE_CURVE('',#1837,#1836,#1008,.T.);
#2349=EDGE_CURVE('',#1837,#1838,#1009,.T.);
#2350=EDGE_CURVE('',#1830,#1838,#1010,.F.);
#2351=EDGE_CURVE('',#1839,#1826,#1011,.F.);
#2352=EDGE_CURVE('',#1840,#1839,#1012,.T.);
#2353=EDGE_CURVE('',#1827,#1840,#1013,.T.);
#2354=EDGE_CURVE('',#1841,#1834,#200,.T.);
#2355=EDGE_CURVE('',#1842,#1841,#201,.T.);
#2356=EDGE_CURVE('',#1843,#1842,#202,.T.);
#2357=EDGE_CURVE('',#1844,#1843,#1014,.T.);
#2358=EDGE_CURVE('',#1845,#1844,#203,.T.);
#2359=EDGE_CURVE('',#1846,#1845,#204,.T.);
#2360=EDGE_CURVE('',#1847,#1846,#205,.T.);
#2361=EDGE_CURVE('',#1848,#1847,#1015,.T.);
#2362=EDGE_CURVE('',#1849,#1848,#1016,.T.);
#2363=EDGE_CURVE('',#1850,#1849,#1017,.T.);
#2364=EDGE_CURVE('',#1851,#1850,#1018,.T.);
#2365=EDGE_CURVE('',#1813,#1851,#206,.T.);
#2366=EDGE_CURVE('',#1816,#1852,#207,.F.);
#2367=EDGE_CURVE('',#1853,#1852,#1019,.T.);
#2368=EDGE_CURVE('',#1853,#1854,#1020,.F.);
#2369=EDGE_CURVE('',#1854,#1855,#1021,.F.);
#2370=EDGE_CURVE('',#1855,#1856,#1022,.F.);
#2371=EDGE_CURVE('',#1857,#1856,#1023,.T.);
#2372=EDGE_CURVE('',#1821,#1857,#208,.T.);
#2373=EDGE_CURVE('',#1824,#1858,#209,.F.);
#2374=EDGE_CURVE('',#1837,#1858,#1024,.T.);
#2375=EDGE_CURVE('',#1838,#1839,#1025,.F.);
#2376=EDGE_CURVE('',#1859,#1840,#1026,.T.);
#2377=EDGE_CURVE('',#1817,#1859,#210,.T.);
#2378=EDGE_CURVE('',#1820,#1860,#211,.F.);
#2379=EDGE_CURVE('',#1861,#1860,#1027,.T.);
#2380=EDGE_CURVE('',#1861,#1862,#1028,.F.);
#2381=EDGE_CURVE('',#1862,#1863,#1029,.F.);
#2382=EDGE_CURVE('',#1863,#1864,#1030,.F.);
#2383=EDGE_CURVE('',#1865,#1864,#1031,.T.);
#2384=EDGE_CURVE('',#1809,#1865,#212,.T.);
#2385=EDGE_CURVE('',#1812,#1866,#213,.F.);
#2386=EDGE_CURVE('',#1867,#1866,#1032,.T.);
#2387=EDGE_CURVE('',#1868,#1867,#1033,.T.);
#2388=EDGE_CURVE('',#1869,#1868,#1034,.T.);
#2389=EDGE_CURVE('',#1870,#1869,#1035,.T.);
#2390=EDGE_CURVE('',#1871,#1870,#214,.T.);
#2391=EDGE_CURVE('',#1872,#1871,#215,.T.);
#2392=EDGE_CURVE('',#1873,#1872,#216,.T.);
#2393=EDGE_CURVE('',#1874,#1873,#1036,.T.);
#2394=EDGE_CURVE('',#1875,#1874,#217,.T.);
#2395=EDGE_CURVE('',#1876,#1875,#218,.T.);
#2396=EDGE_CURVE('',#1831,#1876,#219,.T.);
#2397=EDGE_CURVE('',#1856,#1877,#1037,.T.);
#2398=EDGE_CURVE('',#1877,#1878,#1038,.T.);
#2399=EDGE_CURVE('',#1857,#1878,#1039,.T.);
#2400=EDGE_CURVE('',#1879,#1880,#1040,.T.);
#2401=EDGE_CURVE('',#1880,#1861,#1041,.T.);
#2402=EDGE_CURVE('',#1879,#1860,#1042,.T.);
#2403=EDGE_CURVE('',#1864,#1881,#1043,.T.);
#2404=EDGE_CURVE('',#1863,#1882,#1044,.F.);
#2405=EDGE_CURVE('',#1882,#1883,#1045,.F.);
#2406=EDGE_CURVE('',#1883,#1884,#1046,.T.);
#2407=EDGE_CURVE('',#1884,#1881,#1047,.F.);
#2408=EDGE_CURVE('',#1885,#1884,#1048,.F.);
#2409=EDGE_CURVE('',#1880,#1885,#1049,.T.);
#2410=EDGE_CURVE('',#1879,#1819,#220,.T.);
#2411=EDGE_CURVE('',#1818,#1886,#221,.T.);
#2412=EDGE_CURVE('',#1887,#1886,#1050,.T.);
#2413=EDGE_CURVE('',#1887,#1823,#222,.T.);
#2414=EDGE_CURVE('',#1822,#1878,#223,.T.);
#2415=EDGE_CURVE('',#1877,#1888,#1051,.T.);
#2416=EDGE_CURVE('',#1888,#1889,#1052,.F.);
#2417=EDGE_CURVE('',#1889,#1890,#1053,.F.);
#2418=EDGE_CURVE('',#1891,#1890,#1054,.T.);
#2419=EDGE_CURVE('',#1891,#1815,#224,.T.);
#2420=EDGE_CURVE('',#1814,#1892,#225,.T.);
#2421=EDGE_CURVE('',#1893,#1892,#1055,.T.);
#2422=EDGE_CURVE('',#1893,#1811,#226,.T.);
#2423=EDGE_CURVE('',#1810,#1894,#227,.T.);
#2424=EDGE_CURVE('',#1881,#1894,#1056,.T.);
#2425=EDGE_CURVE('',#1885,#1895,#1057,.T.);
#2426=EDGE_CURVE('',#1895,#1896,#1058,.F.);
#2427=EDGE_CURVE('',#1896,#1862,#1059,.T.);
#2428=EDGE_CURVE('',#1882,#1896,#1060,.F.);
#2429=EDGE_CURVE('',#1883,#1895,#1061,.F.);
#2430=EDGE_CURVE('',#1890,#1853,#1062,.T.);
#2431=EDGE_CURVE('',#1897,#1889,#1063,.T.);
#2432=EDGE_CURVE('',#1898,#1897,#1064,.T.);
#2433=EDGE_CURVE('',#1854,#1898,#1065,.F.);
#2434=EDGE_CURVE('',#1898,#1899,#1066,.T.);
#2435=EDGE_CURVE('',#1899,#1855,#1067,.T.);
#2436=EDGE_CURVE('',#1897,#1900,#1068,.T.);
#2437=EDGE_CURVE('',#1900,#1899,#1069,.T.);
#2438=EDGE_CURVE('',#1888,#1900,#1070,.T.);
#2439=EDGE_CURVE('',#1865,#1894,#1071,.T.);
#2440=EDGE_CURVE('',#1893,#1866,#1072,.T.);
#2441=EDGE_CURVE('',#1851,#1892,#1073,.T.);
#2442=EDGE_CURVE('',#1850,#1901,#1074,.T.);
#2443=EDGE_CURVE('',#1902,#1901,#228,.T.);
#2444=EDGE_CURVE('',#1903,#1902,#1075,.T.);
#2445=EDGE_CURVE('',#1904,#1903,#229,.T.);
#2446=EDGE_CURVE('',#1867,#1904,#1076,.T.);
#2447=EDGE_CURVE('',#1859,#1886,#1077,.T.);
#2448=EDGE_CURVE('',#1891,#1852,#1078,.T.);
#2449=EDGE_CURVE('',#1887,#1858,#1079,.T.);
#2450=EDGE_CURVE('',#1905,#1906,#1080,.T.);
#2451=EDGE_CURVE('',#1907,#1905,#230,.T.);
#2452=EDGE_CURVE('',#1907,#1908,#1081,.T.);
#2453=EDGE_CURVE('',#1906,#1908,#231,.T.);
#2454=EDGE_CURVE('',#1909,#1910,#1082,.T.);
#2455=EDGE_CURVE('',#1905,#1909,#232,.T.);
#2456=EDGE_CURVE('',#1910,#1906,#233,.T.);
#2457=EDGE_CURVE('',#1832,#1911,#1083,.T.);
#2458=EDGE_CURVE('',#1909,#1832,#234,.T.);
#2459=EDGE_CURVE('',#1911,#1910,#235,.T.);
#2460=EDGE_CURVE('',#1833,#1912,#1084,.T.);
#2461=EDGE_CURVE('',#1912,#1911,#1085,.T.);
#2462=EDGE_CURVE('',#1913,#1914,#1086,.T.);
#2463=EDGE_CURVE('',#1833,#1913,#236,.T.);
#2464=EDGE_CURVE('',#1914,#1912,#237,.T.);
#2465=EDGE_CURVE('',#1915,#1916,#1087,.T.);
#2466=EDGE_CURVE('',#1913,#1915,#238,.T.);
#2467=EDGE_CURVE('',#1916,#1914,#239,.T.);
#2468=EDGE_CURVE('',#1917,#1918,#1088,.T.);
#2469=EDGE_CURVE('',#1915,#1917,#240,.T.);
#2470=EDGE_CURVE('',#1918,#1916,#241,.T.);
#2471=EDGE_CURVE('',#1919,#1920,#1089,.T.);
#2472=EDGE_CURVE('',#1917,#1919,#1090,.T.);
#2473=EDGE_CURVE('',#1920,#1918,#1091,.T.);
#2474=EDGE_CURVE('',#1921,#1922,#1092,.T.);
#2475=EDGE_CURVE('',#1919,#1921,#242,.T.);
#2476=EDGE_CURVE('',#1922,#1920,#243,.T.);
#2477=EDGE_CURVE('',#1923,#1924,#1093,.T.);
#2478=EDGE_CURVE('',#1921,#1923,#244,.T.);
#2479=EDGE_CURVE('',#1924,#1922,#245,.T.);
#2480=EDGE_CURVE('',#1925,#1926,#1094,.T.);
#2481=EDGE_CURVE('',#1923,#1925,#246,.T.);
#2482=EDGE_CURVE('',#1926,#1924,#247,.T.);
#2483=EDGE_CURVE('',#1927,#1928,#1095,.T.);
#2484=EDGE_CURVE('',#1925,#1927,#1096,.T.);
#2485=EDGE_CURVE('',#1928,#1926,#1097,.T.);
#2486=EDGE_CURVE('',#1929,#1930,#1098,.T.);
#2487=EDGE_CURVE('',#1927,#1929,#248,.T.);
#2488=EDGE_CURVE('',#1930,#1928,#249,.T.);
#2489=EDGE_CURVE('',#1931,#1932,#1099,.T.);
#2490=EDGE_CURVE('',#1929,#1931,#250,.T.);
#2491=EDGE_CURVE('',#1932,#1930,#251,.T.);
#2492=EDGE_CURVE('',#1933,#1934,#1100,.T.);
#2493=EDGE_CURVE('',#1931,#1933,#252,.T.);
#2494=EDGE_CURVE('',#1934,#1932,#253,.T.);
#2495=EDGE_CURVE('',#1908,#1934,#1101,.T.);
#2496=EDGE_CURVE('',#1933,#1907,#1102,.T.);
#2497=EDGE_CURVE('',#1845,#1921,#1103,.T.);
#2498=EDGE_CURVE('',#1844,#1919,#1104,.T.);
#2499=EDGE_CURVE('',#1846,#1923,#1105,.T.);
#2500=EDGE_CURVE('',#1847,#1925,#1106,.T.);
#2501=EDGE_CURVE('',#1870,#1927,#1107,.T.);
#2502=EDGE_CURVE('',#1935,#1869,#1108,.T.);
#2503=EDGE_CURVE('',#1936,#1935,#254,.T.);
#2504=EDGE_CURVE('',#1937,#1936,#1109,.T.);
#2505=EDGE_CURVE('',#1938,#1937,#255,.T.);
#2506=EDGE_CURVE('',#1848,#1938,#1110,.T.);
#2507=EDGE_CURVE('',#1871,#1929,#1111,.T.);
#2508=EDGE_CURVE('',#1872,#1931,#1112,.T.);
#2509=EDGE_CURVE('',#1873,#1933,#1113,.T.);
#2510=EDGE_CURVE('',#1874,#1907,#1114,.T.);
#2511=EDGE_CURVE('',#1935,#1939,#1115,.T.);
#2512=EDGE_CURVE('',#1939,#1940,#256,.T.);
#2513=EDGE_CURVE('',#1940,#1936,#1116,.T.);
#2514=EDGE_CURVE('',#1941,#1937,#1117,.T.);
#2515=EDGE_CURVE('',#1940,#1941,#1118,.T.);
#2516=EDGE_CURVE('',#1868,#1939,#1119,.T.);
#2517=EDGE_CURVE('',#1941,#1942,#257,.T.);
#2518=EDGE_CURVE('',#1942,#1938,#1120,.T.);
#2519=EDGE_CURVE('',#1942,#1849,#1121,.T.);
#2520=EDGE_CURVE('',#1901,#1942,#1122,.T.);
#2521=EDGE_CURVE('',#1941,#1902,#1123,.T.);
#2522=EDGE_CURVE('',#1903,#1940,#1124,.T.);
#2523=EDGE_CURVE('',#1939,#1904,#1125,.T.);
#2524=EDGE_CURVE('',#1875,#1905,#1126,.T.);
#2525=EDGE_CURVE('',#1876,#1909,#1127,.T.);
#2526=EDGE_CURVE('',#1841,#1913,#1128,.T.);
#2527=EDGE_CURVE('',#1842,#1915,#1129,.T.);
#2528=EDGE_CURVE('',#1843,#1917,#1130,.T.);
#2529=ORIENTED_EDGE('',*,*,#1943,.F.);
#2530=ORIENTED_EDGE('',*,*,#1944,.F.);
#2531=ORIENTED_EDGE('',*,*,#1945,.F.);
#2532=ORIENTED_EDGE('',*,*,#1946,.F.);
#2533=ORIENTED_EDGE('',*,*,#1947,.F.);
#2534=ORIENTED_EDGE('',*,*,#1948,.F.);
#2535=ORIENTED_EDGE('',*,*,#1949,.F.);
#2536=ORIENTED_EDGE('',*,*,#1950,.F.);
#2537=ORIENTED_EDGE('',*,*,#1951,.F.);
#2538=ORIENTED_EDGE('',*,*,#1949,.T.);
#2539=ORIENTED_EDGE('',*,*,#1952,.T.);
#2540=ORIENTED_EDGE('',*,*,#1953,.T.);
#2541=ORIENTED_EDGE('',*,*,#1952,.F.);
#2542=ORIENTED_EDGE('',*,*,#1948,.T.);
#2543=ORIENTED_EDGE('',*,*,#1954,.T.);
#2544=ORIENTED_EDGE('',*,*,#1955,.T.);
#2545=ORIENTED_EDGE('',*,*,#1954,.F.);
#2546=ORIENTED_EDGE('',*,*,#1947,.T.);
#2547=ORIENTED_EDGE('',*,*,#1956,.F.);
#2548=ORIENTED_EDGE('',*,*,#1957,.T.);
#2549=ORIENTED_EDGE('',*,*,#1956,.T.);
#2550=ORIENTED_EDGE('',*,*,#1946,.T.);
#2551=ORIENTED_EDGE('',*,*,#1958,.T.);
#2552=ORIENTED_EDGE('',*,*,#1959,.T.);
#2553=ORIENTED_EDGE('',*,*,#1958,.F.);
#2554=ORIENTED_EDGE('',*,*,#1945,.T.);
#2555=ORIENTED_EDGE('',*,*,#1960,.F.);
#2556=ORIENTED_EDGE('',*,*,#1961,.T.);
#2557=ORIENTED_EDGE('',*,*,#1960,.T.);
#2558=ORIENTED_EDGE('',*,*,#1944,.T.);
#2559=ORIENTED_EDGE('',*,*,#1962,.F.);
#2560=ORIENTED_EDGE('',*,*,#1963,.T.);
#2561=ORIENTED_EDGE('',*,*,#1964,.F.);
#2562=ORIENTED_EDGE('',*,*,#1965,.F.);
#2563=ORIENTED_EDGE('',*,*,#1953,.F.);
#2564=ORIENTED_EDGE('',*,*,#1955,.F.);
#2565=ORIENTED_EDGE('',*,*,#1957,.F.);
#2566=ORIENTED_EDGE('',*,*,#1959,.F.);
#2567=ORIENTED_EDGE('',*,*,#1961,.F.);
#2568=ORIENTED_EDGE('',*,*,#1963,.F.);
#2569=ORIENTED_EDGE('',*,*,#1966,.F.);
#2570=ORIENTED_EDGE('',*,*,#1967,.F.);
#2571=ORIENTED_EDGE('',*,*,#1968,.T.);
#2572=ORIENTED_EDGE('',*,*,#1969,.T.);
#2573=ORIENTED_EDGE('',*,*,#1970,.T.);
#2574=ORIENTED_EDGE('',*,*,#1971,.T.);
#2575=ORIENTED_EDGE('',*,*,#1972,.T.);
#2576=ORIENTED_EDGE('',*,*,#1973,.T.);
#2577=ORIENTED_EDGE('',*,*,#1974,.F.);
#2578=ORIENTED_EDGE('',*,*,#1975,.F.);
#2579=ORIENTED_EDGE('',*,*,#1976,.F.);
#2580=ORIENTED_EDGE('',*,*,#1968,.F.);
#2581=ORIENTED_EDGE('',*,*,#1976,.T.);
#2582=ORIENTED_EDGE('',*,*,#1977,.F.);
#2583=ORIENTED_EDGE('',*,*,#1978,.F.);
#2584=ORIENTED_EDGE('',*,*,#1969,.F.);
#2585=ORIENTED_EDGE('',*,*,#1978,.T.);
#2586=ORIENTED_EDGE('',*,*,#1979,.F.);
#2587=ORIENTED_EDGE('',*,*,#1980,.T.);
#2588=ORIENTED_EDGE('',*,*,#1970,.F.);
#2589=ORIENTED_EDGE('',*,*,#1980,.F.);
#2590=ORIENTED_EDGE('',*,*,#1981,.F.);
#2591=ORIENTED_EDGE('',*,*,#1982,.F.);
#2592=ORIENTED_EDGE('',*,*,#1971,.F.);
#2593=ORIENTED_EDGE('',*,*,#1982,.T.);
#2594=ORIENTED_EDGE('',*,*,#1983,.F.);
#2595=ORIENTED_EDGE('',*,*,#1984,.T.);
#2596=ORIENTED_EDGE('',*,*,#1972,.F.);
#2597=ORIENTED_EDGE('',*,*,#1984,.F.);
#2598=ORIENTED_EDGE('',*,*,#1985,.F.);
#2599=ORIENTED_EDGE('',*,*,#1986,.F.);
#2600=ORIENTED_EDGE('',*,*,#1973,.F.);
#2601=ORIENTED_EDGE('',*,*,#1987,.F.);
#2602=ORIENTED_EDGE('',*,*,#1985,.T.);
#2603=ORIENTED_EDGE('',*,*,#1983,.T.);
#2604=ORIENTED_EDGE('',*,*,#1981,.T.);
#2605=ORIENTED_EDGE('',*,*,#1979,.T.);
#2606=ORIENTED_EDGE('',*,*,#1977,.T.);
#2607=ORIENTED_EDGE('',*,*,#1975,.T.);
#2608=ORIENTED_EDGE('',*,*,#1988,.F.);
#2609=ORIENTED_EDGE('',*,*,#1988,.T.);
#2610=ORIENTED_EDGE('',*,*,#1974,.T.);
#2611=ORIENTED_EDGE('',*,*,#1967,.T.);
#2612=ORIENTED_EDGE('',*,*,#1989,.T.);
#2613=ORIENTED_EDGE('',*,*,#1990,.T.);
#2614=ORIENTED_EDGE('',*,*,#1991,.T.);
#2615=ORIENTED_EDGE('',*,*,#1992,.T.);
#2616=ORIENTED_EDGE('',*,*,#1993,.T.);
#2617=ORIENTED_EDGE('',*,*,#1994,.T.);
#2618=ORIENTED_EDGE('',*,*,#1995,.F.);
#2619=ORIENTED_EDGE('',*,*,#1996,.T.);
#2620=ORIENTED_EDGE('',*,*,#1997,.T.);
#2621=ORIENTED_EDGE('',*,*,#1998,.T.);
#2622=ORIENTED_EDGE('',*,*,#1999,.T.);
#2623=ORIENTED_EDGE('',*,*,#2000,.T.);
#2624=ORIENTED_EDGE('',*,*,#2001,.T.);
#2625=ORIENTED_EDGE('',*,*,#2002,.T.);
#2626=ORIENTED_EDGE('',*,*,#2003,.T.);
#2627=ORIENTED_EDGE('',*,*,#2004,.T.);
#2628=ORIENTED_EDGE('',*,*,#2005,.F.);
#2629=ORIENTED_EDGE('',*,*,#2006,.T.);
#2630=ORIENTED_EDGE('',*,*,#2007,.T.);
#2631=ORIENTED_EDGE('',*,*,#2008,.T.);
#2632=ORIENTED_EDGE('',*,*,#2009,.T.);
#2633=ORIENTED_EDGE('',*,*,#2010,.T.);
#2634=ORIENTED_EDGE('',*,*,#2011,.T.);
#2635=ORIENTED_EDGE('',*,*,#2012,.T.);
#2636=ORIENTED_EDGE('',*,*,#2013,.T.);
#2637=ORIENTED_EDGE('',*,*,#2014,.T.);
#2638=ORIENTED_EDGE('',*,*,#2015,.T.);
#2639=ORIENTED_EDGE('',*,*,#2016,.T.);
#2640=ORIENTED_EDGE('',*,*,#2017,.T.);
#2641=ORIENTED_EDGE('',*,*,#2014,.F.);
#2642=ORIENTED_EDGE('',*,*,#2018,.T.);
#2643=ORIENTED_EDGE('',*,*,#2012,.F.);
#2644=ORIENTED_EDGE('',*,*,#2019,.T.);
#2645=ORIENTED_EDGE('',*,*,#2020,.T.);
#2646=ORIENTED_EDGE('',*,*,#2021,.T.);
#2647=ORIENTED_EDGE('',*,*,#2022,.T.);
#2648=ORIENTED_EDGE('',*,*,#2023,.T.);
#2649=ORIENTED_EDGE('',*,*,#2020,.F.);
#2650=ORIENTED_EDGE('',*,*,#2024,.T.);
#2651=ORIENTED_EDGE('',*,*,#1995,.T.);
#2652=ORIENTED_EDGE('',*,*,#2025,.T.);
#2653=ORIENTED_EDGE('',*,*,#2022,.F.);
#2654=ORIENTED_EDGE('',*,*,#2026,.T.);
#2655=ORIENTED_EDGE('',*,*,#2018,.F.);
#2656=ORIENTED_EDGE('',*,*,#2027,.F.);
#2657=ORIENTED_EDGE('',*,*,#2028,.F.);
#2658=ORIENTED_EDGE('',*,*,#2029,.F.);
#2659=ORIENTED_EDGE('',*,*,#2013,.F.);
#2660=ORIENTED_EDGE('',*,*,#2030,.T.);
#2661=ORIENTED_EDGE('',*,*,#2031,.T.);
#2662=ORIENTED_EDGE('',*,*,#2027,.T.);
#2663=ORIENTED_EDGE('',*,*,#2021,.F.);
#2664=ORIENTED_EDGE('',*,*,#2032,.F.);
#2665=ORIENTED_EDGE('',*,*,#2033,.F.);
#2666=ORIENTED_EDGE('',*,*,#2030,.F.);
#2667=ORIENTED_EDGE('',*,*,#2023,.F.);
#2668=ORIENTED_EDGE('',*,*,#2034,.T.);
#2669=ORIENTED_EDGE('',*,*,#2035,.T.);
#2670=ORIENTED_EDGE('',*,*,#2032,.T.);
#2671=ORIENTED_EDGE('',*,*,#2025,.F.);
#2672=ORIENTED_EDGE('',*,*,#1994,.F.);
#2673=ORIENTED_EDGE('',*,*,#2036,.F.);
#2674=ORIENTED_EDGE('',*,*,#2034,.F.);
#2675=ORIENTED_EDGE('',*,*,#1965,.T.);
#2676=ORIENTED_EDGE('',*,*,#2037,.T.);
#2677=ORIENTED_EDGE('',*,*,#2038,.T.);
#2678=ORIENTED_EDGE('',*,*,#2039,.T.);
#2679=ORIENTED_EDGE('',*,*,#2040,.T.);
#2680=ORIENTED_EDGE('',*,*,#2041,.T.);
#2681=ORIENTED_EDGE('',*,*,#2042,.T.);
#2682=ORIENTED_EDGE('',*,*,#2043,.F.);
#2683=ORIENTED_EDGE('',*,*,#2044,.T.);
#2684=ORIENTED_EDGE('',*,*,#2045,.T.);
#2685=ORIENTED_EDGE('',*,*,#2046,.T.);
#2686=ORIENTED_EDGE('',*,*,#2047,.T.);
#2687=ORIENTED_EDGE('',*,*,#2048,.T.);
#2688=ORIENTED_EDGE('',*,*,#2049,.T.);
#2689=ORIENTED_EDGE('',*,*,#2050,.T.);
#2690=ORIENTED_EDGE('',*,*,#2051,.T.);
#2691=ORIENTED_EDGE('',*,*,#2052,.T.);
#2692=ORIENTED_EDGE('',*,*,#2016,.F.);
#2693=ORIENTED_EDGE('',*,*,#2029,.T.);
#2694=ORIENTED_EDGE('',*,*,#2053,.T.);
#2695=ORIENTED_EDGE('',*,*,#2054,.T.);
#2696=ORIENTED_EDGE('',*,*,#2055,.T.);
#2697=ORIENTED_EDGE('',*,*,#2056,.T.);
#2698=ORIENTED_EDGE('',*,*,#2057,.T.);
#2699=ORIENTED_EDGE('',*,*,#1950,.T.);
#2700=ORIENTED_EDGE('',*,*,#1951,.T.);
#2701=ORIENTED_EDGE('',*,*,#2058,.T.);
#2702=ORIENTED_EDGE('',*,*,#2059,.T.);
#2703=ORIENTED_EDGE('',*,*,#2060,.T.);
#2704=ORIENTED_EDGE('',*,*,#2002,.F.);
#2705=ORIENTED_EDGE('',*,*,#2061,.F.);
#2706=ORIENTED_EDGE('',*,*,#2062,.T.);
#2707=ORIENTED_EDGE('',*,*,#2058,.F.);
#2708=ORIENTED_EDGE('',*,*,#2001,.F.);
#2709=ORIENTED_EDGE('',*,*,#2063,.F.);
#2710=ORIENTED_EDGE('',*,*,#2064,.T.);
#2711=ORIENTED_EDGE('',*,*,#2061,.T.);
#2712=ORIENTED_EDGE('',*,*,#2000,.F.);
#2713=ORIENTED_EDGE('',*,*,#2065,.F.);
#2714=ORIENTED_EDGE('',*,*,#2066,.T.);
#2715=ORIENTED_EDGE('',*,*,#2063,.T.);
#2716=ORIENTED_EDGE('',*,*,#1999,.F.);
#2717=ORIENTED_EDGE('',*,*,#2067,.F.);
#2718=ORIENTED_EDGE('',*,*,#2068,.T.);
#2719=ORIENTED_EDGE('',*,*,#2065,.T.);
#2720=ORIENTED_EDGE('',*,*,#1998,.F.);
#2721=ORIENTED_EDGE('',*,*,#2069,.F.);
#2722=ORIENTED_EDGE('',*,*,#2070,.T.);
#2723=ORIENTED_EDGE('',*,*,#2067,.T.);
#2724=ORIENTED_EDGE('',*,*,#1997,.F.);
#2725=ORIENTED_EDGE('',*,*,#2060,.F.);
#2726=ORIENTED_EDGE('',*,*,#2071,.T.);
#2727=ORIENTED_EDGE('',*,*,#2072,.T.);
#2728=ORIENTED_EDGE('',*,*,#2003,.F.);
#2729=ORIENTED_EDGE('',*,*,#2073,.F.);
#2730=ORIENTED_EDGE('',*,*,#2074,.T.);
#2731=ORIENTED_EDGE('',*,*,#2075,.F.);
#2732=ORIENTED_EDGE('',*,*,#2076,.F.);
#2733=ORIENTED_EDGE('',*,*,#2077,.F.);
#2734=ORIENTED_EDGE('',*,*,#2078,.F.);
#2735=ORIENTED_EDGE('',*,*,#2079,.T.);
#2736=ORIENTED_EDGE('',*,*,#2080,.F.);
#2737=ORIENTED_EDGE('',*,*,#2074,.F.);
#2738=ORIENTED_EDGE('',*,*,#2081,.T.);
#2739=ORIENTED_EDGE('',*,*,#2082,.F.);
#2740=ORIENTED_EDGE('',*,*,#2079,.F.);
#2741=ORIENTED_EDGE('',*,*,#2083,.F.);
#2742=ORIENTED_EDGE('',*,*,#2084,.F.);
#2743=ORIENTED_EDGE('',*,*,#2085,.F.);
#2744=ORIENTED_EDGE('',*,*,#2086,.F.);
#2745=ORIENTED_EDGE('',*,*,#2087,.T.);
#2746=ORIENTED_EDGE('',*,*,#2010,.F.);
#2747=ORIENTED_EDGE('',*,*,#2088,.F.);
#2748=ORIENTED_EDGE('',*,*,#2089,.F.);
#2749=ORIENTED_EDGE('',*,*,#2085,.T.);
#2750=ORIENTED_EDGE('',*,*,#2009,.F.);
#2751=ORIENTED_EDGE('',*,*,#2090,.F.);
#2752=ORIENTED_EDGE('',*,*,#2091,.F.);
#2753=ORIENTED_EDGE('',*,*,#2088,.T.);
#2754=ORIENTED_EDGE('',*,*,#2008,.F.);
#2755=ORIENTED_EDGE('',*,*,#2092,.F.);
#2756=ORIENTED_EDGE('',*,*,#2093,.T.);
#2757=ORIENTED_EDGE('',*,*,#2094,.F.);
#2758=ORIENTED_EDGE('',*,*,#2095,.F.);
#2759=ORIENTED_EDGE('',*,*,#2096,.F.);
#2760=ORIENTED_EDGE('',*,*,#2097,.F.);
#2761=ORIENTED_EDGE('',*,*,#2098,.T.);
#2762=ORIENTED_EDGE('',*,*,#2099,.F.);
#2763=ORIENTED_EDGE('',*,*,#2093,.F.);
#2764=ORIENTED_EDGE('',*,*,#2100,.T.);
#2765=ORIENTED_EDGE('',*,*,#2101,.F.);
#2766=ORIENTED_EDGE('',*,*,#2098,.F.);
#2767=ORIENTED_EDGE('',*,*,#2102,.F.);
#2768=ORIENTED_EDGE('',*,*,#2103,.F.);
#2769=ORIENTED_EDGE('',*,*,#2104,.F.);
#2770=ORIENTED_EDGE('',*,*,#2105,.T.);
#2771=ORIENTED_EDGE('',*,*,#2106,.F.);
#2772=ORIENTED_EDGE('',*,*,#2107,.F.);
#2773=ORIENTED_EDGE('',*,*,#2108,.F.);
#2774=ORIENTED_EDGE('',*,*,#2109,.F.);
#2775=ORIENTED_EDGE('',*,*,#2110,.T.);
#2776=ORIENTED_EDGE('',*,*,#2111,.F.);
#2777=ORIENTED_EDGE('',*,*,#2105,.F.);
#2778=ORIENTED_EDGE('',*,*,#2112,.T.);
#2779=ORIENTED_EDGE('',*,*,#2113,.F.);
#2780=ORIENTED_EDGE('',*,*,#2110,.F.);
#2781=ORIENTED_EDGE('',*,*,#2114,.F.);
#2782=ORIENTED_EDGE('',*,*,#2115,.F.);
#2783=ORIENTED_EDGE('',*,*,#2116,.F.);
#2784=ORIENTED_EDGE('',*,*,#2117,.T.);
#2785=ORIENTED_EDGE('',*,*,#2118,.F.);
#2786=ORIENTED_EDGE('',*,*,#2119,.F.);
#2787=ORIENTED_EDGE('',*,*,#2120,.F.);
#2788=ORIENTED_EDGE('',*,*,#2121,.F.);
#2789=ORIENTED_EDGE('',*,*,#2122,.T.);
#2790=ORIENTED_EDGE('',*,*,#2123,.F.);
#2791=ORIENTED_EDGE('',*,*,#2117,.F.);
#2792=ORIENTED_EDGE('',*,*,#2124,.T.);
#2793=ORIENTED_EDGE('',*,*,#2125,.F.);
#2794=ORIENTED_EDGE('',*,*,#2122,.F.);
#2795=ORIENTED_EDGE('',*,*,#2126,.F.);
#2796=ORIENTED_EDGE('',*,*,#2127,.F.);
#2797=ORIENTED_EDGE('',*,*,#2128,.F.);
#2798=ORIENTED_EDGE('',*,*,#2129,.T.);
#2799=ORIENTED_EDGE('',*,*,#2130,.F.);
#2800=ORIENTED_EDGE('',*,*,#2131,.F.);
#2801=ORIENTED_EDGE('',*,*,#2132,.F.);
#2802=ORIENTED_EDGE('',*,*,#2133,.F.);
#2803=ORIENTED_EDGE('',*,*,#2134,.T.);
#2804=ORIENTED_EDGE('',*,*,#2135,.F.);
#2805=ORIENTED_EDGE('',*,*,#2129,.F.);
#2806=ORIENTED_EDGE('',*,*,#2136,.T.);
#2807=ORIENTED_EDGE('',*,*,#2137,.F.);
#2808=ORIENTED_EDGE('',*,*,#2134,.F.);
#2809=ORIENTED_EDGE('',*,*,#2138,.F.);
#2810=ORIENTED_EDGE('',*,*,#2139,.F.);
#2811=ORIENTED_EDGE('',*,*,#2140,.F.);
#2812=ORIENTED_EDGE('',*,*,#2141,.F.);
#2813=ORIENTED_EDGE('',*,*,#2142,.T.);
#2814=ORIENTED_EDGE('',*,*,#1992,.F.);
#2815=ORIENTED_EDGE('',*,*,#2143,.F.);
#2816=ORIENTED_EDGE('',*,*,#2144,.F.);
#2817=ORIENTED_EDGE('',*,*,#2140,.T.);
#2818=ORIENTED_EDGE('',*,*,#1991,.F.);
#2819=ORIENTED_EDGE('',*,*,#2145,.F.);
#2820=ORIENTED_EDGE('',*,*,#2146,.F.);
#2821=ORIENTED_EDGE('',*,*,#2143,.T.);
#2822=ORIENTED_EDGE('',*,*,#1990,.F.);
#2823=ORIENTED_EDGE('',*,*,#2147,.F.);
#2824=ORIENTED_EDGE('',*,*,#2138,.T.);
#2825=ORIENTED_EDGE('',*,*,#2133,.T.);
#2826=ORIENTED_EDGE('',*,*,#2128,.T.);
#2827=ORIENTED_EDGE('',*,*,#2148,.F.);
#2828=ORIENTED_EDGE('',*,*,#2126,.T.);
#2829=ORIENTED_EDGE('',*,*,#2121,.T.);
#2830=ORIENTED_EDGE('',*,*,#2116,.T.);
#2831=ORIENTED_EDGE('',*,*,#2149,.F.);
#2832=ORIENTED_EDGE('',*,*,#2114,.T.);
#2833=ORIENTED_EDGE('',*,*,#2109,.T.);
#2834=ORIENTED_EDGE('',*,*,#2104,.T.);
#2835=ORIENTED_EDGE('',*,*,#2150,.F.);
#2836=ORIENTED_EDGE('',*,*,#2102,.T.);
#2837=ORIENTED_EDGE('',*,*,#2097,.T.);
#2838=ORIENTED_EDGE('',*,*,#2092,.T.);
#2839=ORIENTED_EDGE('',*,*,#2151,.F.);
#2840=ORIENTED_EDGE('',*,*,#2083,.T.);
#2841=ORIENTED_EDGE('',*,*,#2078,.T.);
#2842=ORIENTED_EDGE('',*,*,#2073,.T.);
#2843=ORIENTED_EDGE('',*,*,#2152,.F.);
#2844=ORIENTED_EDGE('',*,*,#2153,.T.);
#2845=ORIENTED_EDGE('',*,*,#2069,.T.);
#2846=ORIENTED_EDGE('',*,*,#1996,.F.);
#2847=ORIENTED_EDGE('',*,*,#2026,.F.);
#2848=ORIENTED_EDGE('',*,*,#2024,.F.);
#2849=ORIENTED_EDGE('',*,*,#2019,.F.);
#2850=ORIENTED_EDGE('',*,*,#2015,.F.);
#2851=ORIENTED_EDGE('',*,*,#2017,.F.);
#2852=ORIENTED_EDGE('',*,*,#2052,.F.);
#2853=ORIENTED_EDGE('',*,*,#2132,.T.);
#2854=ORIENTED_EDGE('',*,*,#2154,.T.);
#2855=ORIENTED_EDGE('',*,*,#2139,.T.);
#2856=ORIENTED_EDGE('',*,*,#2147,.T.);
#2857=ORIENTED_EDGE('',*,*,#2120,.T.);
#2858=ORIENTED_EDGE('',*,*,#2155,.T.);
#2859=ORIENTED_EDGE('',*,*,#2127,.T.);
#2860=ORIENTED_EDGE('',*,*,#2148,.T.);
#2861=ORIENTED_EDGE('',*,*,#2108,.T.);
#2862=ORIENTED_EDGE('',*,*,#2156,.T.);
#2863=ORIENTED_EDGE('',*,*,#2115,.T.);
#2864=ORIENTED_EDGE('',*,*,#2149,.T.);
#2865=ORIENTED_EDGE('',*,*,#2096,.T.);
#2866=ORIENTED_EDGE('',*,*,#2157,.T.);
#2867=ORIENTED_EDGE('',*,*,#2103,.T.);
#2868=ORIENTED_EDGE('',*,*,#2150,.T.);
#2869=ORIENTED_EDGE('',*,*,#2077,.T.);
#2870=ORIENTED_EDGE('',*,*,#2158,.T.);
#2871=ORIENTED_EDGE('',*,*,#2084,.T.);
#2872=ORIENTED_EDGE('',*,*,#2151,.T.);
#2873=ORIENTED_EDGE('',*,*,#2159,.F.);
#2874=ORIENTED_EDGE('',*,*,#2160,.F.);
#2875=ORIENTED_EDGE('',*,*,#2161,.F.);
#2876=ORIENTED_EDGE('',*,*,#2162,.F.);
#2877=ORIENTED_EDGE('',*,*,#2163,.F.);
#2878=ORIENTED_EDGE('',*,*,#2162,.T.);
#2879=ORIENTED_EDGE('',*,*,#2164,.F.);
#2880=ORIENTED_EDGE('',*,*,#2006,.F.);
#2881=ORIENTED_EDGE('',*,*,#2165,.T.);
#2882=ORIENTED_EDGE('',*,*,#2166,.F.);
#2883=ORIENTED_EDGE('',*,*,#2159,.T.);
#2884=ORIENTED_EDGE('',*,*,#2167,.F.);
#2885=ORIENTED_EDGE('',*,*,#2168,.T.);
#2886=ORIENTED_EDGE('',*,*,#2167,.T.);
#2887=ORIENTED_EDGE('',*,*,#2163,.T.);
#2888=ORIENTED_EDGE('',*,*,#2005,.T.);
#2889=ORIENTED_EDGE('',*,*,#2169,.T.);
#2890=ORIENTED_EDGE('',*,*,#2170,.T.);
#2891=ORIENTED_EDGE('',*,*,#2171,.T.);
#2892=ORIENTED_EDGE('',*,*,#2172,.T.);
#2893=ORIENTED_EDGE('',*,*,#2173,.T.);
#2894=ORIENTED_EDGE('',*,*,#2174,.T.);
#2895=ORIENTED_EDGE('',*,*,#2075,.T.);
#2896=ORIENTED_EDGE('',*,*,#2080,.T.);
#2897=ORIENTED_EDGE('',*,*,#2082,.T.);
#2898=ORIENTED_EDGE('',*,*,#2175,.T.);
#2899=ORIENTED_EDGE('',*,*,#2086,.T.);
#2900=ORIENTED_EDGE('',*,*,#2089,.T.);
#2901=ORIENTED_EDGE('',*,*,#2091,.T.);
#2902=ORIENTED_EDGE('',*,*,#2176,.T.);
#2903=ORIENTED_EDGE('',*,*,#2094,.T.);
#2904=ORIENTED_EDGE('',*,*,#2099,.T.);
#2905=ORIENTED_EDGE('',*,*,#2101,.T.);
#2906=ORIENTED_EDGE('',*,*,#2177,.T.);
#2907=ORIENTED_EDGE('',*,*,#2106,.T.);
#2908=ORIENTED_EDGE('',*,*,#2111,.T.);
#2909=ORIENTED_EDGE('',*,*,#2113,.T.);
#2910=ORIENTED_EDGE('',*,*,#2178,.T.);
#2911=ORIENTED_EDGE('',*,*,#2179,.T.);
#2912=ORIENTED_EDGE('',*,*,#2180,.T.);
#2913=ORIENTED_EDGE('',*,*,#2181,.T.);
#2914=ORIENTED_EDGE('',*,*,#2182,.T.);
#2915=ORIENTED_EDGE('',*,*,#2118,.T.);
#2916=ORIENTED_EDGE('',*,*,#2123,.T.);
#2917=ORIENTED_EDGE('',*,*,#2125,.T.);
#2918=ORIENTED_EDGE('',*,*,#2183,.T.);
#2919=ORIENTED_EDGE('',*,*,#2184,.T.);
#2920=ORIENTED_EDGE('',*,*,#2185,.T.);
#2921=ORIENTED_EDGE('',*,*,#2186,.T.);
#2922=ORIENTED_EDGE('',*,*,#2187,.T.);
#2923=ORIENTED_EDGE('',*,*,#2130,.T.);
#2924=ORIENTED_EDGE('',*,*,#2135,.T.);
#2925=ORIENTED_EDGE('',*,*,#2137,.T.);
#2926=ORIENTED_EDGE('',*,*,#2188,.T.);
#2927=ORIENTED_EDGE('',*,*,#2141,.T.);
#2928=ORIENTED_EDGE('',*,*,#2144,.T.);
#2929=ORIENTED_EDGE('',*,*,#2146,.T.);
#2930=ORIENTED_EDGE('',*,*,#2189,.T.);
#2931=ORIENTED_EDGE('',*,*,#2190,.T.);
#2932=ORIENTED_EDGE('',*,*,#2191,.T.);
#2933=ORIENTED_EDGE('',*,*,#2192,.T.);
#2934=ORIENTED_EDGE('',*,*,#2193,.T.);
#2935=ORIENTED_EDGE('',*,*,#2194,.T.);
#2936=ORIENTED_EDGE('',*,*,#2195,.T.);
#2937=ORIENTED_EDGE('',*,*,#2196,.F.);
#2938=ORIENTED_EDGE('',*,*,#2197,.T.);
#2939=ORIENTED_EDGE('',*,*,#2198,.T.);
#2940=ORIENTED_EDGE('',*,*,#2171,.F.);
#2941=ORIENTED_EDGE('',*,*,#2199,.F.);
#2942=ORIENTED_EDGE('',*,*,#2195,.F.);
#2943=ORIENTED_EDGE('',*,*,#2200,.F.);
#2944=ORIENTED_EDGE('',*,*,#2173,.F.);
#2945=ORIENTED_EDGE('',*,*,#2201,.T.);
#2946=ORIENTED_EDGE('',*,*,#2197,.F.);
#2947=ORIENTED_EDGE('',*,*,#2202,.F.);
#2948=ORIENTED_EDGE('',*,*,#2172,.F.);
#2949=ORIENTED_EDGE('',*,*,#2200,.T.);
#2950=ORIENTED_EDGE('',*,*,#2198,.F.);
#2951=ORIENTED_EDGE('',*,*,#2201,.F.);
#2952=ORIENTED_EDGE('',*,*,#2087,.F.);
#2953=ORIENTED_EDGE('',*,*,#2175,.F.);
#2954=ORIENTED_EDGE('',*,*,#2081,.F.);
#2955=ORIENTED_EDGE('',*,*,#2158,.F.);
#2956=ORIENTED_EDGE('',*,*,#2076,.T.);
#2957=ORIENTED_EDGE('',*,*,#2174,.F.);
#2958=ORIENTED_EDGE('',*,*,#2202,.T.);
#2959=ORIENTED_EDGE('',*,*,#2196,.T.);
#2960=ORIENTED_EDGE('',*,*,#2199,.T.);
#2961=ORIENTED_EDGE('',*,*,#2170,.F.);
#2962=ORIENTED_EDGE('',*,*,#2203,.T.);
#2963=ORIENTED_EDGE('',*,*,#2204,.T.);
#2964=ORIENTED_EDGE('',*,*,#2205,.T.);
#2965=ORIENTED_EDGE('',*,*,#2189,.F.);
#2966=ORIENTED_EDGE('',*,*,#2145,.T.);
#2967=ORIENTED_EDGE('',*,*,#1989,.F.);
#2968=ORIENTED_EDGE('',*,*,#1966,.T.);
#2969=ORIENTED_EDGE('',*,*,#1986,.T.);
#2970=ORIENTED_EDGE('',*,*,#1987,.T.);
#2971=ORIENTED_EDGE('',*,*,#2011,.F.);
#2972=ORIENTED_EDGE('',*,*,#2206,.T.);
#2973=ORIENTED_EDGE('',*,*,#2204,.F.);
#2974=ORIENTED_EDGE('',*,*,#2207,.T.);
#2975=ORIENTED_EDGE('',*,*,#2208,.T.);
#2976=ORIENTED_EDGE('',*,*,#2190,.F.);
#2977=ORIENTED_EDGE('',*,*,#2205,.F.);
#2978=ORIENTED_EDGE('',*,*,#2206,.F.);
#2979=ORIENTED_EDGE('',*,*,#2209,.F.);
#2980=ORIENTED_EDGE('',*,*,#2169,.F.);
#2981=ORIENTED_EDGE('',*,*,#2210,.T.);
#2982=ORIENTED_EDGE('',*,*,#2207,.F.);
#2983=ORIENTED_EDGE('',*,*,#2203,.F.);
#2984=ORIENTED_EDGE('',*,*,#2191,.F.);
#2985=ORIENTED_EDGE('',*,*,#2209,.T.);
#2986=ORIENTED_EDGE('',*,*,#2208,.F.);
#2987=ORIENTED_EDGE('',*,*,#2210,.F.);
#2988=ORIENTED_EDGE('',*,*,#2211,.F.);
#2989=ORIENTED_EDGE('',*,*,#2212,.F.);
#2990=ORIENTED_EDGE('',*,*,#2213,.F.);
#2991=ORIENTED_EDGE('',*,*,#2214,.T.);
#2992=ORIENTED_EDGE('',*,*,#2214,.F.);
#2993=ORIENTED_EDGE('',*,*,#2215,.F.);
#2994=ORIENTED_EDGE('',*,*,#2216,.T.);
#2995=ORIENTED_EDGE('',*,*,#2217,.F.);
#2996=ORIENTED_EDGE('',*,*,#2216,.F.);
#2997=ORIENTED_EDGE('',*,*,#2218,.F.);
#2998=ORIENTED_EDGE('',*,*,#2219,.T.);
#2999=ORIENTED_EDGE('',*,*,#2220,.F.);
#3000=ORIENTED_EDGE('',*,*,#2219,.F.);
#3001=ORIENTED_EDGE('',*,*,#2221,.F.);
#3002=ORIENTED_EDGE('',*,*,#2222,.T.);
#3003=ORIENTED_EDGE('',*,*,#2223,.F.);
#3004=ORIENTED_EDGE('',*,*,#2222,.F.);
#3005=ORIENTED_EDGE('',*,*,#2224,.F.);
#3006=ORIENTED_EDGE('',*,*,#2225,.T.);
#3007=ORIENTED_EDGE('',*,*,#2226,.F.);
#3008=ORIENTED_EDGE('',*,*,#2225,.F.);
#3009=ORIENTED_EDGE('',*,*,#2071,.F.);
#3010=ORIENTED_EDGE('',*,*,#2227,.T.);
#3011=ORIENTED_EDGE('',*,*,#2228,.F.);
#3012=ORIENTED_EDGE('',*,*,#2227,.F.);
#3013=ORIENTED_EDGE('',*,*,#2059,.F.);
#3014=ORIENTED_EDGE('',*,*,#2229,.T.);
#3015=ORIENTED_EDGE('',*,*,#2230,.F.);
#3016=ORIENTED_EDGE('',*,*,#2229,.F.);
#3017=ORIENTED_EDGE('',*,*,#2062,.F.);
#3018=ORIENTED_EDGE('',*,*,#2231,.T.);
#3019=ORIENTED_EDGE('',*,*,#2232,.F.);
#3020=ORIENTED_EDGE('',*,*,#2231,.F.);
#3021=ORIENTED_EDGE('',*,*,#2064,.F.);
#3022=ORIENTED_EDGE('',*,*,#2233,.T.);
#3023=ORIENTED_EDGE('',*,*,#2234,.F.);
#3024=ORIENTED_EDGE('',*,*,#2233,.F.);
#3025=ORIENTED_EDGE('',*,*,#2066,.F.);
#3026=ORIENTED_EDGE('',*,*,#2235,.T.);
#3027=ORIENTED_EDGE('',*,*,#2236,.F.);
#3028=ORIENTED_EDGE('',*,*,#2235,.F.);
#3029=ORIENTED_EDGE('',*,*,#2068,.F.);
#3030=ORIENTED_EDGE('',*,*,#2237,.T.);
#3031=ORIENTED_EDGE('',*,*,#2238,.F.);
#3032=ORIENTED_EDGE('',*,*,#2237,.F.);
#3033=ORIENTED_EDGE('',*,*,#2070,.F.);
#3034=ORIENTED_EDGE('',*,*,#2239,.T.);
#3035=ORIENTED_EDGE('',*,*,#2240,.F.);
#3036=ORIENTED_EDGE('',*,*,#2239,.F.);
#3037=ORIENTED_EDGE('',*,*,#2153,.F.);
#3038=ORIENTED_EDGE('',*,*,#2241,.T.);
#3039=ORIENTED_EDGE('',*,*,#2242,.F.);
#3040=ORIENTED_EDGE('',*,*,#2241,.F.);
#3041=ORIENTED_EDGE('',*,*,#2243,.F.);
#3042=ORIENTED_EDGE('',*,*,#2244,.T.);
#3043=ORIENTED_EDGE('',*,*,#2245,.F.);
#3044=ORIENTED_EDGE('',*,*,#2244,.F.);
#3045=ORIENTED_EDGE('',*,*,#2246,.F.);
#3046=ORIENTED_EDGE('',*,*,#2247,.T.);
#3047=ORIENTED_EDGE('',*,*,#2248,.F.);
#3048=ORIENTED_EDGE('',*,*,#2247,.F.);
#3049=ORIENTED_EDGE('',*,*,#2249,.F.);
#3050=ORIENTED_EDGE('',*,*,#2212,.T.);
#3051=ORIENTED_EDGE('',*,*,#2250,.F.);
#3052=ORIENTED_EDGE('',*,*,#2251,.F.);
#3053=ORIENTED_EDGE('',*,*,#2252,.T.);
#3054=ORIENTED_EDGE('',*,*,#2194,.F.);
#3055=ORIENTED_EDGE('',*,*,#2252,.F.);
#3056=ORIENTED_EDGE('',*,*,#2253,.T.);
#3057=ORIENTED_EDGE('',*,*,#2254,.T.);
#3058=ORIENTED_EDGE('',*,*,#2251,.T.);
#3059=ORIENTED_EDGE('',*,*,#2254,.F.);
#3060=ORIENTED_EDGE('',*,*,#2255,.F.);
#3061=ORIENTED_EDGE('',*,*,#2256,.T.);
#3062=ORIENTED_EDGE('',*,*,#2193,.F.);
#3063=ORIENTED_EDGE('',*,*,#2256,.F.);
#3064=ORIENTED_EDGE('',*,*,#2257,.T.);
#3065=ORIENTED_EDGE('',*,*,#2258,.T.);
#3066=ORIENTED_EDGE('',*,*,#2255,.T.);
#3067=ORIENTED_EDGE('',*,*,#2258,.F.);
#3068=ORIENTED_EDGE('',*,*,#2259,.F.);
#3069=ORIENTED_EDGE('',*,*,#2260,.T.);
#3070=ORIENTED_EDGE('',*,*,#2192,.F.);
#3071=ORIENTED_EDGE('',*,*,#2260,.F.);
#3072=ORIENTED_EDGE('',*,*,#2250,.T.);
#3073=ORIENTED_EDGE('',*,*,#2211,.T.);
#3074=ORIENTED_EDGE('',*,*,#2217,.T.);
#3075=ORIENTED_EDGE('',*,*,#2220,.T.);
#3076=ORIENTED_EDGE('',*,*,#2223,.T.);
#3077=ORIENTED_EDGE('',*,*,#2226,.T.);
#3078=ORIENTED_EDGE('',*,*,#2228,.T.);
#3079=ORIENTED_EDGE('',*,*,#2230,.T.);
#3080=ORIENTED_EDGE('',*,*,#2232,.T.);
#3081=ORIENTED_EDGE('',*,*,#2234,.T.);
#3082=ORIENTED_EDGE('',*,*,#2236,.T.);
#3083=ORIENTED_EDGE('',*,*,#2238,.T.);
#3084=ORIENTED_EDGE('',*,*,#2240,.T.);
#3085=ORIENTED_EDGE('',*,*,#2242,.T.);
#3086=ORIENTED_EDGE('',*,*,#2245,.T.);
#3087=ORIENTED_EDGE('',*,*,#2248,.T.);
#3088=ORIENTED_EDGE('',*,*,#2257,.F.);
#3089=ORIENTED_EDGE('',*,*,#2253,.F.);
#3090=ORIENTED_EDGE('',*,*,#2261,.F.);
#3091=ORIENTED_EDGE('',*,*,#2261,.T.);
#3092=ORIENTED_EDGE('',*,*,#2262,.T.);
#3093=ORIENTED_EDGE('',*,*,#2259,.T.);
#3094=ORIENTED_EDGE('',*,*,#2262,.F.);
#3095=ORIENTED_EDGE('',*,*,#2142,.F.);
#3096=ORIENTED_EDGE('',*,*,#2188,.F.);
#3097=ORIENTED_EDGE('',*,*,#2136,.F.);
#3098=ORIENTED_EDGE('',*,*,#2154,.F.);
#3099=ORIENTED_EDGE('',*,*,#2131,.T.);
#3100=ORIENTED_EDGE('',*,*,#2187,.F.);
#3101=ORIENTED_EDGE('',*,*,#2263,.T.);
#3102=ORIENTED_EDGE('',*,*,#2053,.F.);
#3103=ORIENTED_EDGE('',*,*,#2028,.T.);
#3104=ORIENTED_EDGE('',*,*,#2031,.F.);
#3105=ORIENTED_EDGE('',*,*,#2033,.T.);
#3106=ORIENTED_EDGE('',*,*,#2035,.F.);
#3107=ORIENTED_EDGE('',*,*,#2036,.T.);
#3108=ORIENTED_EDGE('',*,*,#1993,.F.);
#3109=ORIENTED_EDGE('',*,*,#2263,.F.);
#3110=ORIENTED_EDGE('',*,*,#2186,.F.);
#3111=ORIENTED_EDGE('',*,*,#2264,.T.);
#3112=ORIENTED_EDGE('',*,*,#2054,.F.);
#3113=ORIENTED_EDGE('',*,*,#2264,.F.);
#3114=ORIENTED_EDGE('',*,*,#2185,.F.);
#3115=ORIENTED_EDGE('',*,*,#2265,.T.);
#3116=ORIENTED_EDGE('',*,*,#2055,.F.);
#3117=ORIENTED_EDGE('',*,*,#2265,.F.);
#3118=ORIENTED_EDGE('',*,*,#2184,.F.);
#3119=ORIENTED_EDGE('',*,*,#2266,.T.);
#3120=ORIENTED_EDGE('',*,*,#2056,.F.);
#3121=ORIENTED_EDGE('',*,*,#2266,.F.);
#3122=ORIENTED_EDGE('',*,*,#2183,.F.);
#3123=ORIENTED_EDGE('',*,*,#2124,.F.);
#3124=ORIENTED_EDGE('',*,*,#2155,.F.);
#3125=ORIENTED_EDGE('',*,*,#2119,.T.);
#3126=ORIENTED_EDGE('',*,*,#2182,.F.);
#3127=ORIENTED_EDGE('',*,*,#2267,.T.);
#3128=ORIENTED_EDGE('',*,*,#2037,.F.);
#3129=ORIENTED_EDGE('',*,*,#1964,.T.);
#3130=ORIENTED_EDGE('',*,*,#1962,.T.);
#3131=ORIENTED_EDGE('',*,*,#1943,.T.);
#3132=ORIENTED_EDGE('',*,*,#2057,.F.);
#3133=ORIENTED_EDGE('',*,*,#2267,.F.);
#3134=ORIENTED_EDGE('',*,*,#2181,.F.);
#3135=ORIENTED_EDGE('',*,*,#2268,.T.);
#3136=ORIENTED_EDGE('',*,*,#2038,.F.);
#3137=ORIENTED_EDGE('',*,*,#2268,.F.);
#3138=ORIENTED_EDGE('',*,*,#2180,.F.);
#3139=ORIENTED_EDGE('',*,*,#2269,.T.);
#3140=ORIENTED_EDGE('',*,*,#2039,.F.);
#3141=ORIENTED_EDGE('',*,*,#2269,.F.);
#3142=ORIENTED_EDGE('',*,*,#2179,.F.);
#3143=ORIENTED_EDGE('',*,*,#2270,.T.);
#3144=ORIENTED_EDGE('',*,*,#2040,.F.);
#3145=ORIENTED_EDGE('',*,*,#2270,.F.);
#3146=ORIENTED_EDGE('',*,*,#2178,.F.);
#3147=ORIENTED_EDGE('',*,*,#2112,.F.);
#3148=ORIENTED_EDGE('',*,*,#2156,.F.);
#3149=ORIENTED_EDGE('',*,*,#2107,.T.);
#3150=ORIENTED_EDGE('',*,*,#2177,.F.);
#3151=ORIENTED_EDGE('',*,*,#2100,.F.);
#3152=ORIENTED_EDGE('',*,*,#2157,.F.);
#3153=ORIENTED_EDGE('',*,*,#2095,.T.);
#3154=ORIENTED_EDGE('',*,*,#2176,.F.);
#3155=ORIENTED_EDGE('',*,*,#2090,.T.);
#3156=ORIENTED_EDGE('',*,*,#2007,.F.);
#3157=ORIENTED_EDGE('',*,*,#2164,.T.);
#3158=ORIENTED_EDGE('',*,*,#2161,.T.);
#3159=ORIENTED_EDGE('',*,*,#2271,.T.);
#3160=ORIENTED_EDGE('',*,*,#2041,.F.);
#3161=ORIENTED_EDGE('',*,*,#2271,.F.);
#3162=ORIENTED_EDGE('',*,*,#2160,.T.);
#3163=ORIENTED_EDGE('',*,*,#2272,.F.);
#3164=ORIENTED_EDGE('',*,*,#2042,.F.);
#3165=ORIENTED_EDGE('',*,*,#2272,.T.);
#3166=ORIENTED_EDGE('',*,*,#2166,.T.);
#3167=ORIENTED_EDGE('',*,*,#2273,.T.);
#3168=ORIENTED_EDGE('',*,*,#2043,.T.);
#3169=ORIENTED_EDGE('',*,*,#2273,.F.);
#3170=ORIENTED_EDGE('',*,*,#2165,.F.);
#3171=ORIENTED_EDGE('',*,*,#2168,.F.);
#3172=ORIENTED_EDGE('',*,*,#2004,.F.);
#3173=ORIENTED_EDGE('',*,*,#2072,.F.);
#3174=ORIENTED_EDGE('',*,*,#2224,.T.);
#3175=ORIENTED_EDGE('',*,*,#2274,.T.);
#3176=ORIENTED_EDGE('',*,*,#2044,.F.);
#3177=ORIENTED_EDGE('',*,*,#2274,.F.);
#3178=ORIENTED_EDGE('',*,*,#2221,.T.);
#3179=ORIENTED_EDGE('',*,*,#2275,.T.);
#3180=ORIENTED_EDGE('',*,*,#2045,.F.);
#3181=ORIENTED_EDGE('',*,*,#2275,.F.);
#3182=ORIENTED_EDGE('',*,*,#2218,.T.);
#3183=ORIENTED_EDGE('',*,*,#2276,.T.);
#3184=ORIENTED_EDGE('',*,*,#2046,.F.);
#3185=ORIENTED_EDGE('',*,*,#2276,.F.);
#3186=ORIENTED_EDGE('',*,*,#2215,.T.);
#3187=ORIENTED_EDGE('',*,*,#2277,.T.);
#3188=ORIENTED_EDGE('',*,*,#2047,.F.);
#3189=ORIENTED_EDGE('',*,*,#2277,.F.);
#3190=ORIENTED_EDGE('',*,*,#2213,.T.);
#3191=ORIENTED_EDGE('',*,*,#2278,.T.);
#3192=ORIENTED_EDGE('',*,*,#2048,.F.);
#3193=ORIENTED_EDGE('',*,*,#2278,.F.);
#3194=ORIENTED_EDGE('',*,*,#2249,.T.);
#3195=ORIENTED_EDGE('',*,*,#2279,.T.);
#3196=ORIENTED_EDGE('',*,*,#2049,.F.);
#3197=ORIENTED_EDGE('',*,*,#2279,.F.);
#3198=ORIENTED_EDGE('',*,*,#2246,.T.);
#3199=ORIENTED_EDGE('',*,*,#2280,.T.);
#3200=ORIENTED_EDGE('',*,*,#2050,.F.);
#3201=ORIENTED_EDGE('',*,*,#2280,.F.);
#3202=ORIENTED_EDGE('',*,*,#2243,.T.);
#3203=ORIENTED_EDGE('',*,*,#2152,.T.);
#3204=ORIENTED_EDGE('',*,*,#2051,.F.);
#3205=ORIENTED_EDGE('',*,*,#2281,.T.);
#3206=ORIENTED_EDGE('',*,*,#2282,.F.);
#3207=ORIENTED_EDGE('',*,*,#2283,.F.);
#3208=ORIENTED_EDGE('',*,*,#2284,.F.);
#3209=ORIENTED_EDGE('',*,*,#2285,.T.);
#3210=ORIENTED_EDGE('',*,*,#2284,.T.);
#3211=ORIENTED_EDGE('',*,*,#2286,.F.);
#3212=ORIENTED_EDGE('',*,*,#2287,.F.);
#3213=ORIENTED_EDGE('',*,*,#2288,.T.);
#3214=ORIENTED_EDGE('',*,*,#2289,.F.);
#3215=ORIENTED_EDGE('',*,*,#2290,.F.);
#3216=ORIENTED_EDGE('',*,*,#2291,.F.);
#3217=ORIENTED_EDGE('',*,*,#2292,.T.);
#3218=ORIENTED_EDGE('',*,*,#2291,.T.);
#3219=ORIENTED_EDGE('',*,*,#2293,.F.);
#3220=ORIENTED_EDGE('',*,*,#2294,.F.);
#3221=ORIENTED_EDGE('',*,*,#2295,.T.);
#3222=ORIENTED_EDGE('',*,*,#2296,.F.);
#3223=ORIENTED_EDGE('',*,*,#2297,.F.);
#3224=ORIENTED_EDGE('',*,*,#2298,.F.);
#3225=ORIENTED_EDGE('',*,*,#2299,.T.);
#3226=ORIENTED_EDGE('',*,*,#2298,.T.);
#3227=ORIENTED_EDGE('',*,*,#2300,.F.);
#3228=ORIENTED_EDGE('',*,*,#2301,.F.);
#3229=ORIENTED_EDGE('',*,*,#2302,.T.);
#3230=ORIENTED_EDGE('',*,*,#2303,.F.);
#3231=ORIENTED_EDGE('',*,*,#2304,.F.);
#3232=ORIENTED_EDGE('',*,*,#2305,.F.);
#3233=ORIENTED_EDGE('',*,*,#2306,.T.);
#3234=ORIENTED_EDGE('',*,*,#2307,.F.);
#3235=ORIENTED_EDGE('',*,*,#2308,.F.);
#3236=ORIENTED_EDGE('',*,*,#2303,.T.);
#3237=ORIENTED_EDGE('',*,*,#2282,.T.);
#3238=ORIENTED_EDGE('',*,*,#2309,.T.);
#3239=ORIENTED_EDGE('',*,*,#2310,.F.);
#3240=ORIENTED_EDGE('',*,*,#2311,.F.);
#3241=ORIENTED_EDGE('',*,*,#2312,.F.);
#3242=ORIENTED_EDGE('',*,*,#2313,.T.);
#3243=ORIENTED_EDGE('',*,*,#2287,.T.);
#3244=ORIENTED_EDGE('',*,*,#2314,.F.);
#3245=ORIENTED_EDGE('',*,*,#2289,.T.);
#3246=ORIENTED_EDGE('',*,*,#2315,.T.);
#3247=ORIENTED_EDGE('',*,*,#2316,.F.);
#3248=ORIENTED_EDGE('',*,*,#2317,.F.);
#3249=ORIENTED_EDGE('',*,*,#2318,.F.);
#3250=ORIENTED_EDGE('',*,*,#2319,.T.);
#3251=ORIENTED_EDGE('',*,*,#2294,.T.);
#3252=ORIENTED_EDGE('',*,*,#2320,.F.);
#3253=ORIENTED_EDGE('',*,*,#2296,.T.);
#3254=ORIENTED_EDGE('',*,*,#2321,.T.);
#3255=ORIENTED_EDGE('',*,*,#2322,.F.);
#3256=ORIENTED_EDGE('',*,*,#2323,.F.);
#3257=ORIENTED_EDGE('',*,*,#2324,.F.);
#3258=ORIENTED_EDGE('',*,*,#2325,.T.);
#3259=ORIENTED_EDGE('',*,*,#2301,.T.);
#3260=ORIENTED_EDGE('',*,*,#2326,.T.);
#3261=ORIENTED_EDGE('',*,*,#2304,.T.);
#3262=ORIENTED_EDGE('',*,*,#2308,.T.);
#3263=ORIENTED_EDGE('',*,*,#2327,.T.);
#3264=ORIENTED_EDGE('',*,*,#2305,.T.);
#3265=ORIENTED_EDGE('',*,*,#2327,.F.);
#3266=ORIENTED_EDGE('',*,*,#2307,.T.);
#3267=ORIENTED_EDGE('',*,*,#2328,.T.);
#3268=ORIENTED_EDGE('',*,*,#2329,.F.);
#3269=ORIENTED_EDGE('',*,*,#2330,.F.);
#3270=ORIENTED_EDGE('',*,*,#2331,.F.);
#3271=ORIENTED_EDGE('',*,*,#2332,.T.);
#3272=ORIENTED_EDGE('',*,*,#2333,.T.);
#3273=ORIENTED_EDGE('',*,*,#2334,.T.);
#3274=ORIENTED_EDGE('',*,*,#2335,.T.);
#3275=ORIENTED_EDGE('',*,*,#2336,.T.);
#3276=ORIENTED_EDGE('',*,*,#2333,.F.);
#3277=ORIENTED_EDGE('',*,*,#2337,.T.);
#3278=ORIENTED_EDGE('',*,*,#2338,.F.);
#3279=ORIENTED_EDGE('',*,*,#2339,.T.);
#3280=ORIENTED_EDGE('',*,*,#2336,.F.);
#3281=ORIENTED_EDGE('',*,*,#2340,.T.);
#3282=ORIENTED_EDGE('',*,*,#2341,.T.);
#3283=ORIENTED_EDGE('',*,*,#2342,.T.);
#3284=ORIENTED_EDGE('',*,*,#2343,.F.);
#3285=ORIENTED_EDGE('',*,*,#2344,.T.);
#3286=ORIENTED_EDGE('',*,*,#2345,.F.);
#3287=ORIENTED_EDGE('',*,*,#2337,.F.);
#3288=ORIENTED_EDGE('',*,*,#2338,.T.);
#3289=ORIENTED_EDGE('',*,*,#2345,.T.);
#3290=ORIENTED_EDGE('',*,*,#2346,.T.);
#3291=ORIENTED_EDGE('',*,*,#2347,.T.);
#3292=ORIENTED_EDGE('',*,*,#2347,.F.);
#3293=ORIENTED_EDGE('',*,*,#2348,.F.);
#3294=ORIENTED_EDGE('',*,*,#2349,.T.);
#3295=ORIENTED_EDGE('',*,*,#2350,.F.);
#3296=ORIENTED_EDGE('',*,*,#2334,.F.);
#3297=ORIENTED_EDGE('',*,*,#2351,.F.);
#3298=ORIENTED_EDGE('',*,*,#2352,.F.);
#3299=ORIENTED_EDGE('',*,*,#2353,.F.);
#3300=ORIENTED_EDGE('',*,*,#2348,.T.);
#3301=ORIENTED_EDGE('',*,*,#2346,.F.);
#3302=ORIENTED_EDGE('',*,*,#2344,.F.);
#3303=ORIENTED_EDGE('',*,*,#2354,.F.);
#3304=ORIENTED_EDGE('',*,*,#2355,.F.);
#3305=ORIENTED_EDGE('',*,*,#2356,.F.);
#3306=ORIENTED_EDGE('',*,*,#2357,.F.);
#3307=ORIENTED_EDGE('',*,*,#2358,.F.);
#3308=ORIENTED_EDGE('',*,*,#2359,.F.);
#3309=ORIENTED_EDGE('',*,*,#2360,.F.);
#3310=ORIENTED_EDGE('',*,*,#2361,.F.);
#3311=ORIENTED_EDGE('',*,*,#2362,.F.);
#3312=ORIENTED_EDGE('',*,*,#2363,.F.);
#3313=ORIENTED_EDGE('',*,*,#2364,.F.);
#3314=ORIENTED_EDGE('',*,*,#2365,.F.);
#3315=ORIENTED_EDGE('',*,*,#2315,.F.);
#3316=ORIENTED_EDGE('',*,*,#2288,.F.);
#3317=ORIENTED_EDGE('',*,*,#2292,.F.);
#3318=ORIENTED_EDGE('',*,*,#2319,.F.);
#3319=ORIENTED_EDGE('',*,*,#2366,.T.);
#3320=ORIENTED_EDGE('',*,*,#2367,.F.);
#3321=ORIENTED_EDGE('',*,*,#2368,.T.);
#3322=ORIENTED_EDGE('',*,*,#2369,.T.);
#3323=ORIENTED_EDGE('',*,*,#2370,.T.);
#3324=ORIENTED_EDGE('',*,*,#2371,.F.);
#3325=ORIENTED_EDGE('',*,*,#2372,.F.);
#3326=ORIENTED_EDGE('',*,*,#2328,.F.);
#3327=ORIENTED_EDGE('',*,*,#2306,.F.);
#3328=ORIENTED_EDGE('',*,*,#2302,.F.);
#3329=ORIENTED_EDGE('',*,*,#2332,.F.);
#3330=ORIENTED_EDGE('',*,*,#2373,.T.);
#3331=ORIENTED_EDGE('',*,*,#2374,.F.);
#3332=ORIENTED_EDGE('',*,*,#2339,.F.);
#3333=ORIENTED_EDGE('',*,*,#2350,.T.);
#3334=ORIENTED_EDGE('',*,*,#2375,.T.);
#3335=ORIENTED_EDGE('',*,*,#2351,.T.);
#3336=ORIENTED_EDGE('',*,*,#2340,.F.);
#3337=ORIENTED_EDGE('',*,*,#2335,.F.);
#3338=ORIENTED_EDGE('',*,*,#2353,.T.);
#3339=ORIENTED_EDGE('',*,*,#2376,.F.);
#3340=ORIENTED_EDGE('',*,*,#2377,.F.);
#3341=ORIENTED_EDGE('',*,*,#2321,.F.);
#3342=ORIENTED_EDGE('',*,*,#2295,.F.);
#3343=ORIENTED_EDGE('',*,*,#2299,.F.);
#3344=ORIENTED_EDGE('',*,*,#2325,.F.);
#3345=ORIENTED_EDGE('',*,*,#2378,.T.);
#3346=ORIENTED_EDGE('',*,*,#2379,.F.);
#3347=ORIENTED_EDGE('',*,*,#2380,.T.);
#3348=ORIENTED_EDGE('',*,*,#2381,.T.);
#3349=ORIENTED_EDGE('',*,*,#2382,.T.);
#3350=ORIENTED_EDGE('',*,*,#2383,.F.);
#3351=ORIENTED_EDGE('',*,*,#2384,.F.);
#3352=ORIENTED_EDGE('',*,*,#2309,.F.);
#3353=ORIENTED_EDGE('',*,*,#2281,.F.);
#3354=ORIENTED_EDGE('',*,*,#2285,.F.);
#3355=ORIENTED_EDGE('',*,*,#2313,.F.);
#3356=ORIENTED_EDGE('',*,*,#2385,.T.);
#3357=ORIENTED_EDGE('',*,*,#2386,.F.);
#3358=ORIENTED_EDGE('',*,*,#2387,.F.);
#3359=ORIENTED_EDGE('',*,*,#2388,.F.);
#3360=ORIENTED_EDGE('',*,*,#2389,.F.);
#3361=ORIENTED_EDGE('',*,*,#2390,.F.);
#3362=ORIENTED_EDGE('',*,*,#2391,.F.);
#3363=ORIENTED_EDGE('',*,*,#2392,.F.);
#3364=ORIENTED_EDGE('',*,*,#2393,.F.);
#3365=ORIENTED_EDGE('',*,*,#2394,.F.);
#3366=ORIENTED_EDGE('',*,*,#2395,.F.);
#3367=ORIENTED_EDGE('',*,*,#2396,.F.);
#3368=ORIENTED_EDGE('',*,*,#2397,.T.);
#3369=ORIENTED_EDGE('',*,*,#2398,.T.);
#3370=ORIENTED_EDGE('',*,*,#2399,.F.);
#3371=ORIENTED_EDGE('',*,*,#2371,.T.);
#3372=ORIENTED_EDGE('',*,*,#2400,.T.);
#3373=ORIENTED_EDGE('',*,*,#2401,.T.);
#3374=ORIENTED_EDGE('',*,*,#2379,.T.);
#3375=ORIENTED_EDGE('',*,*,#2402,.F.);
#3376=ORIENTED_EDGE('',*,*,#2403,.F.);
#3377=ORIENTED_EDGE('',*,*,#2382,.F.);
#3378=ORIENTED_EDGE('',*,*,#2404,.T.);
#3379=ORIENTED_EDGE('',*,*,#2405,.T.);
#3380=ORIENTED_EDGE('',*,*,#2406,.T.);
#3381=ORIENTED_EDGE('',*,*,#2407,.T.);
#3382=ORIENTED_EDGE('',*,*,#2407,.F.);
#3383=ORIENTED_EDGE('',*,*,#2408,.F.);
#3384=ORIENTED_EDGE('',*,*,#2409,.F.);
#3385=ORIENTED_EDGE('',*,*,#2400,.F.);
#3386=ORIENTED_EDGE('',*,*,#2410,.T.);
#3387=ORIENTED_EDGE('',*,*,#2323,.T.);
#3388=ORIENTED_EDGE('',*,*,#2411,.T.);
#3389=ORIENTED_EDGE('',*,*,#2412,.F.);
#3390=ORIENTED_EDGE('',*,*,#2413,.T.);
#3391=ORIENTED_EDGE('',*,*,#2330,.T.);
#3392=ORIENTED_EDGE('',*,*,#2414,.T.);
#3393=ORIENTED_EDGE('',*,*,#2398,.F.);
#3394=ORIENTED_EDGE('',*,*,#2415,.T.);
#3395=ORIENTED_EDGE('',*,*,#2416,.T.);
#3396=ORIENTED_EDGE('',*,*,#2417,.T.);
#3397=ORIENTED_EDGE('',*,*,#2418,.F.);
#3398=ORIENTED_EDGE('',*,*,#2419,.T.);
#3399=ORIENTED_EDGE('',*,*,#2317,.T.);
#3400=ORIENTED_EDGE('',*,*,#2420,.T.);
#3401=ORIENTED_EDGE('',*,*,#2421,.F.);
#3402=ORIENTED_EDGE('',*,*,#2422,.T.);
#3403=ORIENTED_EDGE('',*,*,#2311,.T.);
#3404=ORIENTED_EDGE('',*,*,#2423,.T.);
#3405=ORIENTED_EDGE('',*,*,#2424,.F.);
#3406=ORIENTED_EDGE('',*,*,#2401,.F.);
#3407=ORIENTED_EDGE('',*,*,#2409,.T.);
#3408=ORIENTED_EDGE('',*,*,#2425,.T.);
#3409=ORIENTED_EDGE('',*,*,#2426,.T.);
#3410=ORIENTED_EDGE('',*,*,#2427,.T.);
#3411=ORIENTED_EDGE('',*,*,#2380,.F.);
#3412=ORIENTED_EDGE('',*,*,#2381,.F.);
#3413=ORIENTED_EDGE('',*,*,#2427,.F.);
#3414=ORIENTED_EDGE('',*,*,#2428,.F.);
#3415=ORIENTED_EDGE('',*,*,#2404,.F.);
#3416=ORIENTED_EDGE('',*,*,#2428,.T.);
#3417=ORIENTED_EDGE('',*,*,#2426,.F.);
#3418=ORIENTED_EDGE('',*,*,#2429,.F.);
#3419=ORIENTED_EDGE('',*,*,#2405,.F.);
#3420=ORIENTED_EDGE('',*,*,#2429,.T.);
#3421=ORIENTED_EDGE('',*,*,#2425,.F.);
#3422=ORIENTED_EDGE('',*,*,#2408,.T.);
#3423=ORIENTED_EDGE('',*,*,#2406,.F.);
#3424=ORIENTED_EDGE('',*,*,#2430,.F.);
#3425=ORIENTED_EDGE('',*,*,#2417,.F.);
#3426=ORIENTED_EDGE('',*,*,#2431,.F.);
#3427=ORIENTED_EDGE('',*,*,#2432,.F.);
#3428=ORIENTED_EDGE('',*,*,#2433,.F.);
#3429=ORIENTED_EDGE('',*,*,#2368,.F.);
#3430=ORIENTED_EDGE('',*,*,#2369,.F.);
#3431=ORIENTED_EDGE('',*,*,#2433,.T.);
#3432=ORIENTED_EDGE('',*,*,#2434,.T.);
#3433=ORIENTED_EDGE('',*,*,#2435,.T.);
#3434=ORIENTED_EDGE('',*,*,#2434,.F.);
#3435=ORIENTED_EDGE('',*,*,#2432,.T.);
#3436=ORIENTED_EDGE('',*,*,#2436,.T.);
#3437=ORIENTED_EDGE('',*,*,#2437,.T.);
#3438=ORIENTED_EDGE('',*,*,#2436,.F.);
#3439=ORIENTED_EDGE('',*,*,#2431,.T.);
#3440=ORIENTED_EDGE('',*,*,#2416,.F.);
#3441=ORIENTED_EDGE('',*,*,#2438,.T.);
#3442=ORIENTED_EDGE('',*,*,#2397,.F.);
#3443=ORIENTED_EDGE('',*,*,#2370,.F.);
#3444=ORIENTED_EDGE('',*,*,#2435,.F.);
#3445=ORIENTED_EDGE('',*,*,#2437,.F.);
#3446=ORIENTED_EDGE('',*,*,#2438,.F.);
#3447=ORIENTED_EDGE('',*,*,#2415,.F.);
#3448=ORIENTED_EDGE('',*,*,#2403,.T.);
#3449=ORIENTED_EDGE('',*,*,#2424,.T.);
#3450=ORIENTED_EDGE('',*,*,#2439,.F.);
#3451=ORIENTED_EDGE('',*,*,#2383,.T.);
#3452=ORIENTED_EDGE('',*,*,#2290,.T.);
#3453=ORIENTED_EDGE('',*,*,#2320,.T.);
#3454=ORIENTED_EDGE('',*,*,#2293,.T.);
#3455=ORIENTED_EDGE('',*,*,#2283,.T.);
#3456=ORIENTED_EDGE('',*,*,#2314,.T.);
#3457=ORIENTED_EDGE('',*,*,#2286,.T.);
#3458=ORIENTED_EDGE('',*,*,#2297,.T.);
#3459=ORIENTED_EDGE('',*,*,#2326,.F.);
#3460=ORIENTED_EDGE('',*,*,#2300,.T.);
#3461=ORIENTED_EDGE('',*,*,#2423,.F.);
#3462=ORIENTED_EDGE('',*,*,#2310,.T.);
#3463=ORIENTED_EDGE('',*,*,#2384,.T.);
#3464=ORIENTED_EDGE('',*,*,#2439,.T.);
#3465=ORIENTED_EDGE('',*,*,#2385,.F.);
#3466=ORIENTED_EDGE('',*,*,#2312,.T.);
#3467=ORIENTED_EDGE('',*,*,#2422,.F.);
#3468=ORIENTED_EDGE('',*,*,#2440,.T.);
#3469=ORIENTED_EDGE('',*,*,#2440,.F.);
#3470=ORIENTED_EDGE('',*,*,#2421,.T.);
#3471=ORIENTED_EDGE('',*,*,#2441,.F.);
#3472=ORIENTED_EDGE('',*,*,#2364,.T.);
#3473=ORIENTED_EDGE('',*,*,#2442,.T.);
#3474=ORIENTED_EDGE('',*,*,#2443,.F.);
#3475=ORIENTED_EDGE('',*,*,#2444,.F.);
#3476=ORIENTED_EDGE('',*,*,#2445,.F.);
#3477=ORIENTED_EDGE('',*,*,#2446,.F.);
#3478=ORIENTED_EDGE('',*,*,#2386,.T.);
#3479=ORIENTED_EDGE('',*,*,#2411,.F.);
#3480=ORIENTED_EDGE('',*,*,#2322,.T.);
#3481=ORIENTED_EDGE('',*,*,#2377,.T.);
#3482=ORIENTED_EDGE('',*,*,#2447,.T.);
#3483=ORIENTED_EDGE('',*,*,#2378,.F.);
#3484=ORIENTED_EDGE('',*,*,#2324,.T.);
#3485=ORIENTED_EDGE('',*,*,#2410,.F.);
#3486=ORIENTED_EDGE('',*,*,#2402,.T.);
#3487=ORIENTED_EDGE('',*,*,#2414,.F.);
#3488=ORIENTED_EDGE('',*,*,#2329,.T.);
#3489=ORIENTED_EDGE('',*,*,#2372,.T.);
#3490=ORIENTED_EDGE('',*,*,#2399,.T.);
#3491=ORIENTED_EDGE('',*,*,#2418,.T.);
#3492=ORIENTED_EDGE('',*,*,#2430,.T.);
#3493=ORIENTED_EDGE('',*,*,#2367,.T.);
#3494=ORIENTED_EDGE('',*,*,#2448,.F.);
#3495=ORIENTED_EDGE('',*,*,#2373,.F.);
#3496=ORIENTED_EDGE('',*,*,#2331,.T.);
#3497=ORIENTED_EDGE('',*,*,#2413,.F.);
#3498=ORIENTED_EDGE('',*,*,#2449,.T.);
#3499=ORIENTED_EDGE('',*,*,#2447,.F.);
#3500=ORIENTED_EDGE('',*,*,#2376,.T.);
#3501=ORIENTED_EDGE('',*,*,#2352,.T.);
#3502=ORIENTED_EDGE('',*,*,#2375,.F.);
#3503=ORIENTED_EDGE('',*,*,#2349,.F.);
#3504=ORIENTED_EDGE('',*,*,#2374,.T.);
#3505=ORIENTED_EDGE('',*,*,#2449,.F.);
#3506=ORIENTED_EDGE('',*,*,#2412,.T.);
#3507=ORIENTED_EDGE('',*,*,#2366,.F.);
#3508=ORIENTED_EDGE('',*,*,#2318,.T.);
#3509=ORIENTED_EDGE('',*,*,#2419,.F.);
#3510=ORIENTED_EDGE('',*,*,#2448,.T.);
#3511=ORIENTED_EDGE('',*,*,#2420,.F.);
#3512=ORIENTED_EDGE('',*,*,#2316,.T.);
#3513=ORIENTED_EDGE('',*,*,#2365,.T.);
#3514=ORIENTED_EDGE('',*,*,#2441,.T.);
#3515=ORIENTED_EDGE('',*,*,#2450,.F.);
#3516=ORIENTED_EDGE('',*,*,#2451,.F.);
#3517=ORIENTED_EDGE('',*,*,#2452,.T.);
#3518=ORIENTED_EDGE('',*,*,#2453,.F.);
#3519=ORIENTED_EDGE('',*,*,#2454,.F.);
#3520=ORIENTED_EDGE('',*,*,#2455,.F.);
#3521=ORIENTED_EDGE('',*,*,#2450,.T.);
#3522=ORIENTED_EDGE('',*,*,#2456,.F.);
#3523=ORIENTED_EDGE('',*,*,#2457,.F.);
#3524=ORIENTED_EDGE('',*,*,#2458,.F.);
#3525=ORIENTED_EDGE('',*,*,#2454,.T.);
#3526=ORIENTED_EDGE('',*,*,#2459,.F.);
#3527=ORIENTED_EDGE('',*,*,#2460,.F.);
#3528=ORIENTED_EDGE('',*,*,#2342,.F.);
#3529=ORIENTED_EDGE('',*,*,#2457,.T.);
#3530=ORIENTED_EDGE('',*,*,#2461,.F.);
#3531=ORIENTED_EDGE('',*,*,#2462,.F.);
#3532=ORIENTED_EDGE('',*,*,#2463,.F.);
#3533=ORIENTED_EDGE('',*,*,#2460,.T.);
#3534=ORIENTED_EDGE('',*,*,#2464,.F.);
#3535=ORIENTED_EDGE('',*,*,#2465,.F.);
#3536=ORIENTED_EDGE('',*,*,#2466,.F.);
#3537=ORIENTED_EDGE('',*,*,#2462,.T.);
#3538=ORIENTED_EDGE('',*,*,#2467,.F.);
#3539=ORIENTED_EDGE('',*,*,#2468,.F.);
#3540=ORIENTED_EDGE('',*,*,#2469,.F.);
#3541=ORIENTED_EDGE('',*,*,#2465,.T.);
#3542=ORIENTED_EDGE('',*,*,#2470,.F.);
#3543=ORIENTED_EDGE('',*,*,#2471,.F.);
#3544=ORIENTED_EDGE('',*,*,#2472,.F.);
#3545=ORIENTED_EDGE('',*,*,#2468,.T.);
#3546=ORIENTED_EDGE('',*,*,#2473,.F.);
#3547=ORIENTED_EDGE('',*,*,#2474,.F.);
#3548=ORIENTED_EDGE('',*,*,#2475,.F.);
#3549=ORIENTED_EDGE('',*,*,#2471,.T.);
#3550=ORIENTED_EDGE('',*,*,#2476,.F.);
#3551=ORIENTED_EDGE('',*,*,#2477,.F.);
#3552=ORIENTED_EDGE('',*,*,#2478,.F.);
#3553=ORIENTED_EDGE('',*,*,#2474,.T.);
#3554=ORIENTED_EDGE('',*,*,#2479,.F.);
#3555=ORIENTED_EDGE('',*,*,#2480,.F.);
#3556=ORIENTED_EDGE('',*,*,#2481,.F.);
#3557=ORIENTED_EDGE('',*,*,#2477,.T.);
#3558=ORIENTED_EDGE('',*,*,#2482,.F.);
#3559=ORIENTED_EDGE('',*,*,#2483,.F.);
#3560=ORIENTED_EDGE('',*,*,#2484,.F.);
#3561=ORIENTED_EDGE('',*,*,#2480,.T.);
#3562=ORIENTED_EDGE('',*,*,#2485,.F.);
#3563=ORIENTED_EDGE('',*,*,#2486,.F.);
#3564=ORIENTED_EDGE('',*,*,#2487,.F.);
#3565=ORIENTED_EDGE('',*,*,#2483,.T.);
#3566=ORIENTED_EDGE('',*,*,#2488,.F.);
#3567=ORIENTED_EDGE('',*,*,#2489,.F.);
#3568=ORIENTED_EDGE('',*,*,#2490,.F.);
#3569=ORIENTED_EDGE('',*,*,#2486,.T.);
#3570=ORIENTED_EDGE('',*,*,#2491,.F.);
#3571=ORIENTED_EDGE('',*,*,#2492,.F.);
#3572=ORIENTED_EDGE('',*,*,#2493,.F.);
#3573=ORIENTED_EDGE('',*,*,#2489,.T.);
#3574=ORIENTED_EDGE('',*,*,#2494,.F.);
#3575=ORIENTED_EDGE('',*,*,#2495,.F.);
#3576=ORIENTED_EDGE('',*,*,#2452,.F.);
#3577=ORIENTED_EDGE('',*,*,#2496,.F.);
#3578=ORIENTED_EDGE('',*,*,#2492,.T.);
#3579=ORIENTED_EDGE('',*,*,#2475,.T.);
#3580=ORIENTED_EDGE('',*,*,#2497,.F.);
#3581=ORIENTED_EDGE('',*,*,#2358,.T.);
#3582=ORIENTED_EDGE('',*,*,#2498,.T.);
#3583=ORIENTED_EDGE('',*,*,#2478,.T.);
#3584=ORIENTED_EDGE('',*,*,#2499,.F.);
#3585=ORIENTED_EDGE('',*,*,#2359,.T.);
#3586=ORIENTED_EDGE('',*,*,#2497,.T.);
#3587=ORIENTED_EDGE('',*,*,#2481,.T.);
#3588=ORIENTED_EDGE('',*,*,#2500,.F.);
#3589=ORIENTED_EDGE('',*,*,#2360,.T.);
#3590=ORIENTED_EDGE('',*,*,#2499,.T.);
#3591=ORIENTED_EDGE('',*,*,#2484,.T.);
#3592=ORIENTED_EDGE('',*,*,#2501,.F.);
#3593=ORIENTED_EDGE('',*,*,#2389,.T.);
#3594=ORIENTED_EDGE('',*,*,#2502,.F.);
#3595=ORIENTED_EDGE('',*,*,#2503,.F.);
#3596=ORIENTED_EDGE('',*,*,#2504,.F.);
#3597=ORIENTED_EDGE('',*,*,#2505,.F.);
#3598=ORIENTED_EDGE('',*,*,#2506,.F.);
#3599=ORIENTED_EDGE('',*,*,#2361,.T.);
#3600=ORIENTED_EDGE('',*,*,#2500,.T.);
#3601=ORIENTED_EDGE('',*,*,#2487,.T.);
#3602=ORIENTED_EDGE('',*,*,#2507,.F.);
#3603=ORIENTED_EDGE('',*,*,#2390,.T.);
#3604=ORIENTED_EDGE('',*,*,#2501,.T.);
#3605=ORIENTED_EDGE('',*,*,#2490,.T.);
#3606=ORIENTED_EDGE('',*,*,#2508,.F.);
#3607=ORIENTED_EDGE('',*,*,#2391,.T.);
#3608=ORIENTED_EDGE('',*,*,#2507,.T.);
#3609=ORIENTED_EDGE('',*,*,#2493,.T.);
#3610=ORIENTED_EDGE('',*,*,#2509,.F.);
#3611=ORIENTED_EDGE('',*,*,#2392,.T.);
#3612=ORIENTED_EDGE('',*,*,#2508,.T.);
#3613=ORIENTED_EDGE('',*,*,#2496,.T.);
#3614=ORIENTED_EDGE('',*,*,#2510,.F.);
#3615=ORIENTED_EDGE('',*,*,#2393,.T.);
#3616=ORIENTED_EDGE('',*,*,#2509,.T.);
#3617=ORIENTED_EDGE('',*,*,#2511,.T.);
#3618=ORIENTED_EDGE('',*,*,#2512,.T.);
#3619=ORIENTED_EDGE('',*,*,#2513,.T.);
#3620=ORIENTED_EDGE('',*,*,#2503,.T.);
#3621=ORIENTED_EDGE('',*,*,#2514,.T.);
#3622=ORIENTED_EDGE('',*,*,#2504,.T.);
#3623=ORIENTED_EDGE('',*,*,#2513,.F.);
#3624=ORIENTED_EDGE('',*,*,#2515,.T.);
#3625=ORIENTED_EDGE('',*,*,#2388,.T.);
#3626=ORIENTED_EDGE('',*,*,#2516,.T.);
#3627=ORIENTED_EDGE('',*,*,#2511,.F.);
#3628=ORIENTED_EDGE('',*,*,#2502,.T.);
#3629=ORIENTED_EDGE('',*,*,#2514,.F.);
#3630=ORIENTED_EDGE('',*,*,#2517,.T.);
#3631=ORIENTED_EDGE('',*,*,#2518,.T.);
#3632=ORIENTED_EDGE('',*,*,#2505,.T.);
#3633=ORIENTED_EDGE('',*,*,#2362,.T.);
#3634=ORIENTED_EDGE('',*,*,#2506,.T.);
#3635=ORIENTED_EDGE('',*,*,#2518,.F.);
#3636=ORIENTED_EDGE('',*,*,#2519,.T.);
#3637=ORIENTED_EDGE('',*,*,#2519,.F.);
#3638=ORIENTED_EDGE('',*,*,#2520,.F.);
#3639=ORIENTED_EDGE('',*,*,#2442,.F.);
#3640=ORIENTED_EDGE('',*,*,#2363,.T.);
#3641=ORIENTED_EDGE('',*,*,#2517,.F.);
#3642=ORIENTED_EDGE('',*,*,#2521,.T.);
#3643=ORIENTED_EDGE('',*,*,#2443,.T.);
#3644=ORIENTED_EDGE('',*,*,#2520,.T.);
#3645=ORIENTED_EDGE('',*,*,#2444,.T.);
#3646=ORIENTED_EDGE('',*,*,#2521,.F.);
#3647=ORIENTED_EDGE('',*,*,#2515,.F.);
#3648=ORIENTED_EDGE('',*,*,#2522,.F.);
#3649=ORIENTED_EDGE('',*,*,#2512,.F.);
#3650=ORIENTED_EDGE('',*,*,#2523,.T.);
#3651=ORIENTED_EDGE('',*,*,#2445,.T.);
#3652=ORIENTED_EDGE('',*,*,#2522,.T.);
#3653=ORIENTED_EDGE('',*,*,#2516,.F.);
#3654=ORIENTED_EDGE('',*,*,#2387,.T.);
#3655=ORIENTED_EDGE('',*,*,#2446,.T.);
#3656=ORIENTED_EDGE('',*,*,#2523,.F.);
#3657=ORIENTED_EDGE('',*,*,#2453,.T.);
#3658=ORIENTED_EDGE('',*,*,#2495,.T.);
#3659=ORIENTED_EDGE('',*,*,#2494,.T.);
#3660=ORIENTED_EDGE('',*,*,#2491,.T.);
#3661=ORIENTED_EDGE('',*,*,#2488,.T.);
#3662=ORIENTED_EDGE('',*,*,#2485,.T.);
#3663=ORIENTED_EDGE('',*,*,#2482,.T.);
#3664=ORIENTED_EDGE('',*,*,#2479,.T.);
#3665=ORIENTED_EDGE('',*,*,#2476,.T.);
#3666=ORIENTED_EDGE('',*,*,#2473,.T.);
#3667=ORIENTED_EDGE('',*,*,#2470,.T.);
#3668=ORIENTED_EDGE('',*,*,#2467,.T.);
#3669=ORIENTED_EDGE('',*,*,#2464,.T.);
#3670=ORIENTED_EDGE('',*,*,#2461,.T.);
#3671=ORIENTED_EDGE('',*,*,#2459,.T.);
#3672=ORIENTED_EDGE('',*,*,#2456,.T.);
#3673=ORIENTED_EDGE('',*,*,#2451,.T.);
#3674=ORIENTED_EDGE('',*,*,#2524,.F.);
#3675=ORIENTED_EDGE('',*,*,#2394,.T.);
#3676=ORIENTED_EDGE('',*,*,#2510,.T.);
#3677=ORIENTED_EDGE('',*,*,#2455,.T.);
#3678=ORIENTED_EDGE('',*,*,#2525,.F.);
#3679=ORIENTED_EDGE('',*,*,#2395,.T.);
#3680=ORIENTED_EDGE('',*,*,#2524,.T.);
#3681=ORIENTED_EDGE('',*,*,#2458,.T.);
#3682=ORIENTED_EDGE('',*,*,#2341,.F.);
#3683=ORIENTED_EDGE('',*,*,#2396,.T.);
#3684=ORIENTED_EDGE('',*,*,#2525,.T.);
#3685=ORIENTED_EDGE('',*,*,#2463,.T.);
#3686=ORIENTED_EDGE('',*,*,#2526,.F.);
#3687=ORIENTED_EDGE('',*,*,#2354,.T.);
#3688=ORIENTED_EDGE('',*,*,#2343,.T.);
#3689=ORIENTED_EDGE('',*,*,#2466,.T.);
#3690=ORIENTED_EDGE('',*,*,#2527,.F.);
#3691=ORIENTED_EDGE('',*,*,#2355,.T.);
#3692=ORIENTED_EDGE('',*,*,#2526,.T.);
#3693=ORIENTED_EDGE('',*,*,#2469,.T.);
#3694=ORIENTED_EDGE('',*,*,#2528,.F.);
#3695=ORIENTED_EDGE('',*,*,#2356,.T.);
#3696=ORIENTED_EDGE('',*,*,#2527,.T.);
#3697=ORIENTED_EDGE('',*,*,#2472,.T.);
#3698=ORIENTED_EDGE('',*,*,#2498,.F.);
#3699=ORIENTED_EDGE('',*,*,#2357,.T.);
#3700=ORIENTED_EDGE('',*,*,#2528,.T.);
#3701=PLANE('',#4060);
#3702=PLANE('',#4061);
#3703=PLANE('',#4062);
#3704=PLANE('',#4063);
#3705=PLANE('',#4064);
#3706=PLANE('',#4065);
#3707=PLANE('',#4066);
#3708=PLANE('',#4067);
#3709=PLANE('',#4068);
#3710=PLANE('',#4069);
#3711=PLANE('',#4070);
#3712=PLANE('',#4071);
#3713=PLANE('',#4072);
#3714=PLANE('',#4073);
#3715=PLANE('',#4074);
#3716=PLANE('',#4075);
#3717=PLANE('',#4076);
#3718=PLANE('',#4092);
#3719=PLANE('',#4093);
#3720=PLANE('',#4097);
#3721=PLANE('',#4098);
#3722=PLANE('',#4101);
#3723=PLANE('',#4104);
#3724=PLANE('',#4105);
#3725=PLANE('',#4122);
#3726=PLANE('',#4131);
#3727=PLANE('',#4132);
#3728=PLANE('',#4133);
#3729=PLANE('',#4140);
#3730=PLANE('',#4141);
#3731=PLANE('',#4142);
#3732=PLANE('',#4143);
#3733=PLANE('',#4144);
#3734=PLANE('',#4145);
#3735=PLANE('',#4146);
#3736=PLANE('',#4147);
#3737=PLANE('',#4148);
#3738=PLANE('',#4149);
#3739=PLANE('',#4150);
#3740=PLANE('',#4151);
#3741=PLANE('',#4158);
#3742=PLANE('',#4159);
#3743=PLANE('',#4160);
#3744=PLANE('',#4161);
#3745=PLANE('',#4162);
#3746=PLANE('',#4163);
#3747=PLANE('',#4164);
#3748=PLANE('',#4165);
#3749=PLANE('',#4166);
#3750=PLANE('',#4167);
#3751=PLANE('',#4168);
#3752=PLANE('',#4169);
#3753=PLANE('',#4170);
#3754=PLANE('',#4171);
#3755=PLANE('',#4172);
#3756=PLANE('',#4173);
#3757=PLANE('',#4183);
#3758=PLANE('',#4184);
#3759=PLANE('',#4185);
#3760=PLANE('',#4186);
#3761=PLANE('',#4187);
#3762=PLANE('',#4188);
#3763=PLANE('',#4189);
#3764=PLANE('',#4190);
#3765=PLANE('',#4191);
#3766=PLANE('',#4192);
#3767=PLANE('',#4202);
#3768=PLANE('',#4209);
#3769=PLANE('',#4216);
#3770=PLANE('',#4236);
#3771=PLANE('',#4239);
#3772=PLANE('',#4243);
#3773=PLANE('',#4247);
#3774=PLANE('',#4248);
#3775=PLANE('',#4249);
#3776=PLANE('',#4250);
#3777=PLANE('',#4254);
#3778=PLANE('',#4258);
#3779=PLANE('',#4259);
#3780=PLANE('',#4260);
#3781=PLANE('',#4261);
#3782=PLANE('',#4262);
#3783=PLANE('',#4263);
#3784=PLANE('',#4264);
#3785=PLANE('',#4265);
#3786=PLANE('',#4281);
#3787=PLANE('',#4287);
#3788=PLANE('',#4288);
#3789=PLANE('',#4289);
#3790=PLANE('',#4290);
#3791=PLANE('',#4291);
#3792=PLANE('',#4292);
#3793=PLANE('',#4293);
#3794=PLANE('',#4304);
#3795=PLANE('',#4305);
#3796=PLANE('',#4316);
#3797=PLANE('',#4317);
#3798=PLANE('',#4318);
#3799=PLANE('',#4319);
#3800=PLANE('',#4328);
#3801=PLANE('',#4329);
#3802=PLANE('',#4330);
#3803=PLANE('',#4331);
#3804=PLANE('',#4332);
#3805=PLANE('',#4333);
#3806=PLANE('',#4334);
#3807=PLANE('',#4335);
#3808=PLANE('',#4336);
#3809=PLANE('',#4337);
#3810=PLANE('',#4338);
#3811=PLANE('',#4339);
#3812=PLANE('',#4340);
#3813=PLANE('',#4343);
#3814=PLANE('',#4349);
#3815=PLANE('',#4351);
#3816=PLANE('',#4363);
#3817=PLANE('',#4373);
#3818=PLANE('',#4383);
#3819=PLANE('',#4393);
#3820=PLANE('',#4397);
#3821=PLANE('',#4403);
#3822=PLANE('',#4406);
#3823=PLANE('',#4407);
#3824=PLANE('',#4410);
#3825=PLANE('',#4411);
#3826=PLANE('',#4413);
#3827=PLANE('',#4415);
#3828=PLANE('',#4416);
#3829=PLANE('',#4423);
#3830=ADVANCED_FACE('',(#258),#3701,.F.);
#3831=ADVANCED_FACE('',(#259),#3702,.F.);
#3832=ADVANCED_FACE('',(#260),#3703,.F.);
#3833=ADVANCED_FACE('',(#261),#3704,.F.);
#3834=ADVANCED_FACE('',(#262),#3705,.F.);
#3835=ADVANCED_FACE('',(#263),#3706,.F.);
#3836=ADVANCED_FACE('',(#264),#3707,.F.);
#3837=ADVANCED_FACE('',(#265),#3708,.F.);
#3838=ADVANCED_FACE('',(#266),#3709,.T.);
#3839=ADVANCED_FACE('',(#267),#3710,.T.);
#3840=ADVANCED_FACE('',(#268),#3711,.T.);
#3841=ADVANCED_FACE('',(#269),#3712,.T.);
#3842=ADVANCED_FACE('',(#270),#3713,.T.);
#3843=ADVANCED_FACE('',(#271),#3714,.T.);
#3844=ADVANCED_FACE('',(#272),#3715,.T.);
#3845=ADVANCED_FACE('',(#273),#3716,.T.);
#3846=ADVANCED_FACE('',(#274),#3717,.T.);
#3847=ADVANCED_FACE('',(#275),#78,.F.);
#3848=ADVANCED_FACE('',(#276),#3718,.T.);
#3849=ADVANCED_FACE('',(#277),#3719,.T.);
#3850=ADVANCED_FACE('',(#278),#79,.F.);
#3851=ADVANCED_FACE('',(#279),#3720,.T.);
#3852=ADVANCED_FACE('',(#280),#3721,.F.);
#3853=ADVANCED_FACE('',(#281),#23,.F.);
#3854=ADVANCED_FACE('',(#282),#3722,.F.);
#3855=ADVANCED_FACE('',(#283),#24,.F.);
#3856=ADVANCED_FACE('',(#284),#3723,.F.);
#3857=ADVANCED_FACE('',(#285),#3724,.T.);
#3858=ADVANCED_FACE('',(#286),#25,.T.);
#3859=ADVANCED_FACE('',(#287),#26,.F.);
#3860=ADVANCED_FACE('',(#288),#3725,.T.);
#3861=ADVANCED_FACE('',(#289),#27,.F.);
#3862=ADVANCED_FACE('',(#290),#28,.T.);
#3863=ADVANCED_FACE('',(#291),#29,.F.);
#3864=ADVANCED_FACE('',(#292),#30,.F.);
#3865=ADVANCED_FACE('',(#293),#3726,.T.);
#3866=ADVANCED_FACE('',(#294),#3727,.T.);
#3867=ADVANCED_FACE('',(#295),#3728,.T.);
#3868=ADVANCED_FACE('',(#296),#31,.T.);
#3869=ADVANCED_FACE('',(#297),#32,.F.);
#3870=ADVANCED_FACE('',(#298),#33,.T.);
#3871=ADVANCED_FACE('',(#299),#3729,.T.);
#3872=ADVANCED_FACE('',(#300),#3730,.T.);
#3873=ADVANCED_FACE('',(#301),#3731,.T.);
#3874=ADVANCED_FACE('',(#302),#3732,.T.);
#3875=ADVANCED_FACE('',(#303),#3733,.T.);
#3876=ADVANCED_FACE('',(#304),#3734,.T.);
#3877=ADVANCED_FACE('',(#305),#3735,.T.);
#3878=ADVANCED_FACE('',(#306),#3736,.T.);
#3879=ADVANCED_FACE('',(#307),#3737,.T.);
#3880=ADVANCED_FACE('',(#308),#3738,.T.);
#3881=ADVANCED_FACE('',(#309),#3739,.T.);
#3882=ADVANCED_FACE('',(#310),#3740,.T.);
#3883=ADVANCED_FACE('',(#311),#34,.T.);
#3884=ADVANCED_FACE('',(#312),#35,.F.);
#3885=ADVANCED_FACE('',(#313),#36,.T.);
#3886=ADVANCED_FACE('',(#314),#3741,.T.);
#3887=ADVANCED_FACE('',(#315),#3742,.T.);
#3888=ADVANCED_FACE('',(#316),#3743,.T.);
#3889=ADVANCED_FACE('',(#317),#3744,.T.);
#3890=ADVANCED_FACE('',(#318),#3745,.T.);
#3891=ADVANCED_FACE('',(#319),#3746,.T.);
#3892=ADVANCED_FACE('',(#320),#3747,.T.);
#3893=ADVANCED_FACE('',(#321),#3748,.T.);
#3894=ADVANCED_FACE('',(#322),#3749,.T.);
#3895=ADVANCED_FACE('',(#323),#3750,.T.);
#3896=ADVANCED_FACE('',(#324),#3751,.T.);
#3897=ADVANCED_FACE('',(#325),#3752,.T.);
#3898=ADVANCED_FACE('',(#326),#3753,.F.);
#3899=ADVANCED_FACE('',(#327),#3754,.T.);
#3900=ADVANCED_FACE('',(#328),#3755,.T.);
#3901=ADVANCED_FACE('',(#329,#17,#18,#19),#3756,.F.);
#3902=ADVANCED_FACE('',(#330),#3757,.T.);
#3903=ADVANCED_FACE('',(#331),#3758,.T.);
#3904=ADVANCED_FACE('',(#332),#3759,.T.);
#3905=ADVANCED_FACE('',(#333),#3760,.T.);
#3906=ADVANCED_FACE('',(#334),#3761,.T.);
#3907=ADVANCED_FACE('',(#335),#3762,.T.);
#3908=ADVANCED_FACE('',(#336),#3763,.T.);
#3909=ADVANCED_FACE('',(#337),#3764,.T.);
#3910=ADVANCED_FACE('',(#338),#3765,.T.);
#3911=ADVANCED_FACE('',(#339),#3766,.F.);
#3912=ADVANCED_FACE('',(#340),#80,.F.);
#3913=ADVANCED_FACE('',(#341),#81,.T.);
#3914=ADVANCED_FACE('',(#342),#82,.F.);
#3915=ADVANCED_FACE('',(#343),#3767,.F.);
#3916=ADVANCED_FACE('',(#344),#83,.F.);
#3917=ADVANCED_FACE('',(#345),#84,.T.);
#3918=ADVANCED_FACE('',(#346),#85,.F.);
#3919=ADVANCED_FACE('',(#347),#3768,.F.);
#3920=ADVANCED_FACE('',(#348),#86,.F.);
#3921=ADVANCED_FACE('',(#349),#87,.T.);
#3922=ADVANCED_FACE('',(#350),#88,.F.);
#3923=ADVANCED_FACE('',(#351),#3769,.F.);
#3924=ADVANCED_FACE('',(#352),#89,.F.);
#3925=ADVANCED_FACE('',(#353),#90,.T.);
#3926=ADVANCED_FACE('',(#354),#91,.F.);
#3927=ADVANCED_FACE('',(#355),#37,.F.);
#3928=ADVANCED_FACE('',(#356),#92,.F.);
#3929=ADVANCED_FACE('',(#357),#38,.F.);
#3930=ADVANCED_FACE('',(#358),#93,.F.);
#3931=ADVANCED_FACE('',(#359),#39,.F.);
#3932=ADVANCED_FACE('',(#360,#20,#21,#22),#3770,.T.);
#3933=ADVANCED_FACE('',(#361),#94,.F.);
#3934=ADVANCED_FACE('',(#362),#3771,.T.);
#3935=ADVANCED_FACE('',(#363),#40,.T.);
#3936=ADVANCED_FACE('',(#364),#41,.F.);
#3937=ADVANCED_FACE('',(#365),#42,.T.);
#3938=ADVANCED_FACE('',(#366),#3772,.T.);
#3939=ADVANCED_FACE('',(#367),#43,.T.);
#3940=ADVANCED_FACE('',(#368),#44,.F.);
#3941=ADVANCED_FACE('',(#369),#45,.T.);
#3942=ADVANCED_FACE('',(#370),#3773,.T.);
#3943=ADVANCED_FACE('',(#371),#3774,.F.);
#3944=ADVANCED_FACE('',(#372),#3775,.T.);
#3945=ADVANCED_FACE('',(#373),#3776,.T.);
#3946=ADVANCED_FACE('',(#374),#46,.F.);
#3947=ADVANCED_FACE('',(#375),#47,.T.);
#3948=ADVANCED_FACE('',(#376),#48,.F.);
#3949=ADVANCED_FACE('',(#377),#3777,.T.);
#3950=ADVANCED_FACE('',(#378),#49,.F.);
#3951=ADVANCED_FACE('',(#379),#50,.T.);
#3952=ADVANCED_FACE('',(#380),#51,.F.);
#3953=ADVANCED_FACE('',(#381),#3778,.F.);
#3954=ADVANCED_FACE('',(#382),#3779,.F.);
#3955=ADVANCED_FACE('',(#383),#3780,.F.);
#3956=ADVANCED_FACE('',(#384),#3781,.F.);
#3957=ADVANCED_FACE('',(#385),#3782,.F.);
#3958=ADVANCED_FACE('',(#386),#3783,.F.);
#3959=ADVANCED_FACE('',(#387),#3784,.F.);
#3960=ADVANCED_FACE('',(#388),#3785,.F.);
#3961=ADVANCED_FACE('',(#389),#52,.T.);
#3962=ADVANCED_FACE('',(#390),#53,.T.);
#3963=ADVANCED_FACE('',(#391),#54,.T.);
#3964=ADVANCED_FACE('',(#392),#3786,.T.);
#3965=ADVANCED_FACE('',(#393),#55,.T.);
#3966=ADVANCED_FACE('',(#394),#3787,.T.);
#3967=ADVANCED_FACE('',(#395),#3788,.T.);
#3968=ADVANCED_FACE('',(#396),#3789,.T.);
#3969=ADVANCED_FACE('',(#397),#3790,.T.);
#3970=ADVANCED_FACE('',(#398),#3791,.T.);
#3971=ADVANCED_FACE('',(#399),#3792,.T.);
#3972=ADVANCED_FACE('',(#400),#3793,.F.);
#3973=ADVANCED_FACE('',(#401),#3794,.F.);
#3974=ADVANCED_FACE('',(#402),#3795,.F.);
#3975=ADVANCED_FACE('',(#403),#3796,.T.);
#3976=ADVANCED_FACE('',(#404),#3797,.T.);
#3977=ADVANCED_FACE('',(#405),#3798,.T.);
#3978=ADVANCED_FACE('',(#406),#3799,.T.);
#3979=ADVANCED_FACE('',(#407),#3800,.T.);
#3980=ADVANCED_FACE('',(#408),#3801,.T.);
#3981=ADVANCED_FACE('',(#409),#3802,.T.);
#3982=ADVANCED_FACE('',(#410),#3803,.T.);
#3983=ADVANCED_FACE('',(#411),#3804,.F.);
#3984=ADVANCED_FACE('',(#412),#3805,.F.);
#3985=ADVANCED_FACE('',(#413),#3806,.F.);
#3986=ADVANCED_FACE('',(#414),#3807,.F.);
#3987=ADVANCED_FACE('',(#415),#3808,.F.);
#3988=ADVANCED_FACE('',(#416),#3809,.T.);
#3989=ADVANCED_FACE('',(#417),#3810,.T.);
#3990=ADVANCED_FACE('',(#418),#3811,.T.);
#3991=ADVANCED_FACE('',(#419),#3812,.T.);
#3992=ADVANCED_FACE('',(#420),#56,.F.);
#3993=ADVANCED_FACE('',(#421),#57,.F.);
#3994=ADVANCED_FACE('',(#422),#3813,.T.);
#3995=ADVANCED_FACE('',(#423),#58,.F.);
#3996=ADVANCED_FACE('',(#424),#59,.F.);
#3997=ADVANCED_FACE('',(#425),#60,.F.);
#3998=ADVANCED_FACE('',(#426),#3814,.T.);
#3999=ADVANCED_FACE('',(#427),#61,.F.);
#4000=ADVANCED_FACE('',(#428),#3815,.T.);
#4001=ADVANCED_FACE('',(#429),#62,.F.);
#4002=ADVANCED_FACE('',(#430),#63,.F.);
#4003=ADVANCED_FACE('',(#431),#95,.F.);
#4004=ADVANCED_FACE('',(#432),#96,.T.);
#4005=ADVANCED_FACE('',(#433),#97,.F.);
#4006=ADVANCED_FACE('',(#434),#3816,.F.);
#4007=ADVANCED_FACE('',(#435),#98,.F.);
#4008=ADVANCED_FACE('',(#436),#99,.T.);
#4009=ADVANCED_FACE('',(#437),#100,.F.);
#4010=ADVANCED_FACE('',(#438),#3817,.F.);
#4011=ADVANCED_FACE('',(#439),#101,.F.);
#4012=ADVANCED_FACE('',(#440),#102,.T.);
#4013=ADVANCED_FACE('',(#441),#103,.F.);
#4014=ADVANCED_FACE('',(#442),#3818,.F.);
#4015=ADVANCED_FACE('',(#443),#104,.F.);
#4016=ADVANCED_FACE('',(#444),#105,.T.);
#4017=ADVANCED_FACE('',(#445),#106,.F.);
#4018=ADVANCED_FACE('',(#446),#3819,.F.);
#4019=ADVANCED_FACE('',(#447),#64,.F.);
#4020=ADVANCED_FACE('',(#448),#65,.T.);
#4021=ADVANCED_FACE('',(#449),#66,.F.);
#4022=ADVANCED_FACE('',(#450),#3820,.T.);
#4023=ADVANCED_FACE('',(#451),#67,.F.);
#4024=ADVANCED_FACE('',(#452),#68,.T.);
#4025=ADVANCED_FACE('',(#453),#69,.F.);
#4026=ADVANCED_FACE('',(#454),#3821,.T.);
#4027=ADVANCED_FACE('',(#455),#107,.F.);
#4028=ADVANCED_FACE('',(#456),#3822,.T.);
#4029=ADVANCED_FACE('',(#457),#3823,.T.);
#4030=ADVANCED_FACE('',(#458),#108,.F.);
#4031=ADVANCED_FACE('',(#459),#3824,.T.);
#4032=ADVANCED_FACE('',(#460),#3825,.T.);
#4033=ADVANCED_FACE('',(#461),#70,.F.);
#4034=ADVANCED_FACE('',(#462),#3826,.F.);
#4035=ADVANCED_FACE('',(#463),#71,.F.);
#4036=ADVANCED_FACE('',(#464),#3827,.T.);
#4037=ADVANCED_FACE('',(#465),#3828,.T.);
#4038=ADVANCED_FACE('',(#466),#72,.F.);
#4039=ADVANCED_FACE('',(#467),#73,.T.);
#4040=ADVANCED_FACE('',(#468),#74,.F.);
#4041=ADVANCED_FACE('',(#469),#75,.F.);
#4042=ADVANCED_FACE('',(#470),#76,.T.);
#4043=ADVANCED_FACE('',(#471),#77,.F.);
#4044=ADVANCED_FACE('',(#472),#3829,.T.);
#4045=CLOSED_SHELL('',(#3830,#3831,#3832,#3833,#3834,#3835,#3836,#3837,
#3838,#3839,#3840,#3841,#3842,#3843,#3844,#3845,#3846,#3847,#3848,#3849,
#3850,#3851,#3852,#3853,#3854,#3855,#3856,#3857,#3858,#3859,#3860,#3861,
#3862,#3863,#3864,#3865,#3866,#3867,#3868,#3869,#3870,#3871,#3872,#3873,
#3874,#3875,#3876,#3877,#3878,#3879,#3880,#3881,#3882,#3883,#3884,#3885,
#3886,#3887,#3888,#3889,#3890,#3891,#3892,#3893,#3894,#3895,#3896,#3897,
#3898,#3899,#3900,#3901,#3902,#3903,#3904,#3905,#3906,#3907,#3908,#3909,
#3910,#3911,#3912,#3913,#3914,#3915,#3916,#3917,#3918,#3919,#3920,#3921,
#3922,#3923,#3924,#3925,#3926,#3927,#3928,#3929,#3930,#3931,#3932,#3933,
#3934,#3935,#3936,#3937,#3938,#3939,#3940,#3941,#3942,#3943,#3944,#3945,
#3946,#3947,#3948,#3949,#3950,#3951,#3952));
#4046=CLOSED_SHELL('',(#3953,#3954,#3955,#3956,#3957,#3958,#3959,#3960,
#3961,#3962,#3963,#3964,#3965,#3966,#3967,#3968,#3969,#3970,#3971,#3972,
#3973,#3974,#3975,#3976,#3977,#3978,#3979,#3980,#3981,#3982,#3983,#3984,
#3985,#3986,#3987,#3988,#3989,#3990,#3991,#3992,#3993,#3994,#3995,#3996,
#3997,#3998,#3999,#4000,#4001,#4002,#4003,#4004,#4005,#4006,#4007,#4008,
#4009,#4010,#4011,#4012,#4013,#4014,#4015,#4016,#4017,#4018,#4019,#4020,
#4021,#4022,#4023,#4024,#4025,#4026,#4027,#4028,#4029,#4030,#4031,#4032,
#4033,#4034,#4035,#4036,#4037,#4038,#4039,#4040,#4041,#4042,#4043,#4044));
#4047=DERIVED_UNIT_ELEMENT(#4049,1.);
#4048=DERIVED_UNIT_ELEMENT(#6773,-3.);
#4049=(
MASS_UNIT()
NAMED_UNIT(*)
SI_UNIT(.KILO.,.GRAM.)
);
#4050=DERIVED_UNIT((#4047,#4048));
#4051=MEASURE_REPRESENTATION_ITEM('density measure',
POSITIVE_RATIO_MEASURE(7850.),#4050);
#4052=PROPERTY_DEFINITION_REPRESENTATION(#4057,#4054);
#4053=PROPERTY_DEFINITION_REPRESENTATION(#4058,#4055);
#4054=REPRESENTATION('material name',(#4056),#6770);
#4055=REPRESENTATION('density',(#4051),#6770);
#4056=DESCRIPTIVE_REPRESENTATION_ITEM('Steel','Steel');
#4057=PROPERTY_DEFINITION('material property','material name',#6780);
#4058=PROPERTY_DEFINITION('material property','density of part',#6780);
#4059=AXIS2_PLACEMENT_3D('',#5591,#4424,#4425);
#4060=AXIS2_PLACEMENT_3D('',#5592,#4426,#4427);
#4061=AXIS2_PLACEMENT_3D('',#5609,#4436,#4437);
#4062=AXIS2_PLACEMENT_3D('',#5615,#4441,#4442);
#4063=AXIS2_PLACEMENT_3D('',#5619,#4445,#4446);
#4064=AXIS2_PLACEMENT_3D('',#5623,#4449,#4450);
#4065=AXIS2_PLACEMENT_3D('',#5627,#4453,#4454);
#4066=AXIS2_PLACEMENT_3D('',#5631,#4457,#4458);
#4067=AXIS2_PLACEMENT_3D('',#5635,#4461,#4462);
#4068=AXIS2_PLACEMENT_3D('',#5639,#4465,#4466);
#4069=AXIS2_PLACEMENT_3D('',#5656,#4475,#4476);
#4070=AXIS2_PLACEMENT_3D('',#5662,#4480,#4481);
#4071=AXIS2_PLACEMENT_3D('',#5666,#4484,#4485);
#4072=AXIS2_PLACEMENT_3D('',#5670,#4488,#4489);
#4073=AXIS2_PLACEMENT_3D('',#5674,#4492,#4493);
#4074=AXIS2_PLACEMENT_3D('',#5678,#4496,#4497);
#4075=AXIS2_PLACEMENT_3D('',#5682,#4500,#4501);
#4076=AXIS2_PLACEMENT_3D('',#5686,#4504,#4505);
#4077=AXIS2_PLACEMENT_3D('',#5690,#4507,#4508);
#4078=AXIS2_PLACEMENT_3D('',#5692,#4509,#4510);
#4079=AXIS2_PLACEMENT_3D('',#5694,#4511,#4512);
#4080=AXIS2_PLACEMENT_3D('',#5704,#4517,#4518);
#4081=AXIS2_PLACEMENT_3D('',#5706,#4519,#4520);
#4082=AXIS2_PLACEMENT_3D('',#5708,#4521,#4522);
#4083=AXIS2_PLACEMENT_3D('',#5712,#4524,#4525);
#4084=AXIS2_PLACEMENT_3D('',#5714,#4526,#4527);
#4085=AXIS2_PLACEMENT_3D('',#5716,#4528,#4529);
#4086=AXIS2_PLACEMENT_3D('',#5726,#4534,#4535);
#4087=AXIS2_PLACEMENT_3D('',#5728,#4536,#4537);
#4088=AXIS2_PLACEMENT_3D('',#5730,#4538,#4539);
#4089=AXIS2_PLACEMENT_3D('',#5732,#4541,#4542);
#4090=AXIS2_PLACEMENT_3D('',#5737,#4544,#4545);
#4091=AXIS2_PLACEMENT_3D('',#5740,#4547,#4548);
#4092=AXIS2_PLACEMENT_3D('',#5741,#4549,#4550);
#4093=AXIS2_PLACEMENT_3D('',#5747,#4554,#4555);
#4094=AXIS2_PLACEMENT_3D('',#5753,#4559,#4560);
#4095=AXIS2_PLACEMENT_3D('',#5757,#4562,#4563);
#4096=AXIS2_PLACEMENT_3D('',#5758,#4564,#4565);
#4097=AXIS2_PLACEMENT_3D('',#5759,#4566,#4567);
#4098=AXIS2_PLACEMENT_3D('',#5762,#4570,#4571);
#4099=AXIS2_PLACEMENT_3D('',#5768,#4575,#4576);
#4100=AXIS2_PLACEMENT_3D('',#5771,#4578,#4579);
#4101=AXIS2_PLACEMENT_3D('',#5772,#4580,#4581);
#4102=AXIS2_PLACEMENT_3D('',#5776,#4584,#4585);
#4103=AXIS2_PLACEMENT_3D('',#5779,#4587,#4588);
#4104=AXIS2_PLACEMENT_3D('',#5780,#4589,#4590);
#4105=AXIS2_PLACEMENT_3D('',#5782,#4592,#4593);
#4106=AXIS2_PLACEMENT_3D('',#5786,#4595,#4596);
#4107=AXIS2_PLACEMENT_3D('',#5788,#4597,#4598);
#4108=AXIS2_PLACEMENT_3D('',#5790,#4599,#4600);
#4109=AXIS2_PLACEMENT_3D('',#5800,#4605,#4606);
#4110=AXIS2_PLACEMENT_3D('',#5802,#4607,#4608);
#4111=AXIS2_PLACEMENT_3D('',#5804,#4609,#4610);
#4112=AXIS2_PLACEMENT_3D('',#5808,#4612,#4613);
#4113=AXIS2_PLACEMENT_3D('',#5810,#4614,#4615);
#4114=AXIS2_PLACEMENT_3D('',#5812,#4616,#4617);
#4115=AXIS2_PLACEMENT_3D('',#5817,#4620,#4621);
#4116=AXIS2_PLACEMENT_3D('',#5819,#4622,#4623);
#4117=AXIS2_PLACEMENT_3D('',#5821,#4624,#4625);
#4118=AXIS2_PLACEMENT_3D('',#5823,#4627,#4628);
#4119=AXIS2_PLACEMENT_3D('',#5827,#4630,#4631);
#4120=AXIS2_PLACEMENT_3D('',#5829,#4633,#4634);
#4121=AXIS2_PLACEMENT_3D('',#5832,#4636,#4637);
#4122=AXIS2_PLACEMENT_3D('',#5833,#4638,#4639);
#4123=AXIS2_PLACEMENT_3D('',#5837,#4642,#4643);
#4124=AXIS2_PLACEMENT_3D('',#5840,#4645,#4646);
#4125=AXIS2_PLACEMENT_3D('',#5841,#4647,#4648);
#4126=AXIS2_PLACEMENT_3D('',#5844,#4650,#4651);
#4127=AXIS2_PLACEMENT_3D('',#5845,#4652,#4653);
#4128=AXIS2_PLACEMENT_3D('',#5848,#4655,#4656);
#4129=AXIS2_PLACEMENT_3D('',#5849,#4657,#4658);
#4130=AXIS2_PLACEMENT_3D('',#5851,#4659,#4660);
#4131=AXIS2_PLACEMENT_3D('',#5853,#4662,#4663);
#4132=AXIS2_PLACEMENT_3D('',#5864,#4669,#4670);
#4133=AXIS2_PLACEMENT_3D('',#5870,#4674,#4675);
#4134=AXIS2_PLACEMENT_3D('',#5878,#4680,#4681);
#4135=AXIS2_PLACEMENT_3D('',#5882,#4683,#4684);
#4136=AXIS2_PLACEMENT_3D('',#5884,#4686,#4687);
#4137=AXIS2_PLACEMENT_3D('',#5887,#4689,#4690);
#4138=AXIS2_PLACEMENT_3D('',#5888,#4691,#4692);
#4139=AXIS2_PLACEMENT_3D('',#5891,#4694,#4695);
#4140=AXIS2_PLACEMENT_3D('',#5892,#4696,#4697);
#4141=AXIS2_PLACEMENT_3D('',#5903,#4703,#4704);
#4142=AXIS2_PLACEMENT_3D('',#5909,#4708,#4709);
#4143=AXIS2_PLACEMENT_3D('',#5917,#4714,#4715);
#4144=AXIS2_PLACEMENT_3D('',#5928,#4721,#4722);
#4145=AXIS2_PLACEMENT_3D('',#5934,#4726,#4727);
#4146=AXIS2_PLACEMENT_3D('',#5942,#4732,#4733);
#4147=AXIS2_PLACEMENT_3D('',#5953,#4739,#4740);
#4148=AXIS2_PLACEMENT_3D('',#5959,#4744,#4745);
#4149=AXIS2_PLACEMENT_3D('',#5967,#4750,#4751);
#4150=AXIS2_PLACEMENT_3D('',#5978,#4757,#4758);
#4151=AXIS2_PLACEMENT_3D('',#5984,#4762,#4763);
#4152=AXIS2_PLACEMENT_3D('',#5992,#4768,#4769);
#4153=AXIS2_PLACEMENT_3D('',#5996,#4771,#4772);
#4154=AXIS2_PLACEMENT_3D('',#5998,#4774,#4775);
#4155=AXIS2_PLACEMENT_3D('',#6001,#4777,#4778);
#4156=AXIS2_PLACEMENT_3D('',#6002,#4779,#4780);
#4157=AXIS2_PLACEMENT_3D('',#6005,#4782,#4783);
#4158=AXIS2_PLACEMENT_3D('',#6006,#4784,#4785);
#4159=AXIS2_PLACEMENT_3D('',#6008,#4787,#4788);
#4160=AXIS2_PLACEMENT_3D('',#6010,#4790,#4791);
#4161=AXIS2_PLACEMENT_3D('',#6012,#4793,#4794);
#4162=AXIS2_PLACEMENT_3D('',#6014,#4796,#4797);
#4163=AXIS2_PLACEMENT_3D('',#6016,#4799,#4800);
#4164=AXIS2_PLACEMENT_3D('',#6020,#4803,#4804);
#4165=AXIS2_PLACEMENT_3D('',#6022,#4806,#4807);
#4166=AXIS2_PLACEMENT_3D('',#6024,#4809,#4810);
#4167=AXIS2_PLACEMENT_3D('',#6026,#4812,#4813);
#4168=AXIS2_PLACEMENT_3D('',#6028,#4815,#4816);
#4169=AXIS2_PLACEMENT_3D('',#6030,#4818,#4819);
#4170=AXIS2_PLACEMENT_3D('',#6039,#4824,#4825);
#4171=AXIS2_PLACEMENT_3D('',#6042,#4828,#4829);
#4172=AXIS2_PLACEMENT_3D('',#6048,#4833,#4834);
#4173=AXIS2_PLACEMENT_3D('',#6050,#4836,#4837);
#4174=AXIS2_PLACEMENT_3D('',#6069,#4848,#4849);
#4175=AXIS2_PLACEMENT_3D('',#6071,#4850,#4851);
#4176=AXIS2_PLACEMENT_3D('',#6073,#4852,#4853);
#4177=AXIS2_PLACEMENT_3D('',#6078,#4856,#4857);
#4178=AXIS2_PLACEMENT_3D('',#6080,#4858,#4859);
#4179=AXIS2_PLACEMENT_3D('',#6082,#4860,#4861);
#4180=AXIS2_PLACEMENT_3D('',#6091,#4867,#4868);
#4181=AXIS2_PLACEMENT_3D('',#6093,#4869,#4870);
#4182=AXIS2_PLACEMENT_3D('',#6095,#4871,#4872);
#4183=AXIS2_PLACEMENT_3D('',#6096,#4873,#4874);
#4184=AXIS2_PLACEMENT_3D('',#6105,#4879,#4880);
#4185=AXIS2_PLACEMENT_3D('',#6108,#4883,#4884);
#4186=AXIS2_PLACEMENT_3D('',#6111,#4887,#4888);
#4187=AXIS2_PLACEMENT_3D('',#6112,#4889,#4890);
#4188=AXIS2_PLACEMENT_3D('',#6118,#4894,#4895);
#4189=AXIS2_PLACEMENT_3D('',#6124,#4899,#4900);
#4190=AXIS2_PLACEMENT_3D('',#6126,#4902,#4903);
#4191=AXIS2_PLACEMENT_3D('',#6128,#4905,#4906);
#4192=AXIS2_PLACEMENT_3D('',#6129,#4907,#4908);
#4193=AXIS2_PLACEMENT_3D('',#6138,#4913,#4914);
#4194=AXIS2_PLACEMENT_3D('',#6140,#4915,#4916);
#4195=AXIS2_PLACEMENT_3D('',#6143,#4918,#4919);
#4196=AXIS2_PLACEMENT_3D('',#6144,#4920,#4921);
#4197=AXIS2_PLACEMENT_3D('',#6146,#4922,#4923);
#4198=AXIS2_PLACEMENT_3D('',#6149,#4925,#4926);
#4199=AXIS2_PLACEMENT_3D('',#6150,#4927,#4928);
#4200=AXIS2_PLACEMENT_3D('',#6152,#4929,#4930);
#4201=AXIS2_PLACEMENT_3D('',#6155,#4932,#4933);
#4202=AXIS2_PLACEMENT_3D('',#6156,#4934,#4935);
#4203=AXIS2_PLACEMENT_3D('',#6161,#4939,#4940);
#4204=AXIS2_PLACEMENT_3D('',#6164,#4942,#4943);
#4205=AXIS2_PLACEMENT_3D('',#6165,#4944,#4945);
#4206=AXIS2_PLACEMENT_3D('',#6168,#4947,#4948);
#4207=AXIS2_PLACEMENT_3D('',#6169,#4949,#4950);
#4208=AXIS2_PLACEMENT_3D('',#6172,#4952,#4953);
#4209=AXIS2_PLACEMENT_3D('',#6173,#4954,#4955);
#4210=AXIS2_PLACEMENT_3D('',#6177,#4958,#4959);
#4211=AXIS2_PLACEMENT_3D('',#6180,#4961,#4962);
#4212=AXIS2_PLACEMENT_3D('',#6181,#4963,#4964);
#4213=AXIS2_PLACEMENT_3D('',#6184,#4966,#4967);
#4214=AXIS2_PLACEMENT_3D('',#6185,#4968,#4969);
#4215=AXIS2_PLACEMENT_3D('',#6188,#4971,#4972);
#4216=AXIS2_PLACEMENT_3D('',#6189,#4973,#4974);
#4217=AXIS2_PLACEMENT_3D('',#6193,#4977,#4978);
#4218=AXIS2_PLACEMENT_3D('',#6195,#4979,#4980);
#4219=AXIS2_PLACEMENT_3D('',#6198,#4982,#4983);
#4220=AXIS2_PLACEMENT_3D('',#6199,#4984,#4985);
#4221=AXIS2_PLACEMENT_3D('',#6201,#4986,#4987);
#4222=AXIS2_PLACEMENT_3D('',#6204,#4989,#4990);
#4223=AXIS2_PLACEMENT_3D('',#6205,#4991,#4992);
#4224=AXIS2_PLACEMENT_3D('',#6206,#4993,#4994);
#4225=AXIS2_PLACEMENT_3D('',#6207,#4995,#4996);
#4226=AXIS2_PLACEMENT_3D('',#6208,#4997,#4998);
#4227=AXIS2_PLACEMENT_3D('',#6210,#4999,#5000);
#4228=AXIS2_PLACEMENT_3D('',#6212,#5002,#5003);
#4229=AXIS2_PLACEMENT_3D('',#6214,#5004,#5005);
#4230=AXIS2_PLACEMENT_3D('',#6216,#5007,#5008);
#4231=AXIS2_PLACEMENT_3D('',#6218,#5009,#5010);
#4232=AXIS2_PLACEMENT_3D('',#6220,#5012,#5013);
#4233=AXIS2_PLACEMENT_3D('',#6222,#5014,#5015);
#4234=AXIS2_PLACEMENT_3D('',#6224,#5017,#5018);
#4235=AXIS2_PLACEMENT_3D('',#6226,#5019,#5020);
#4236=AXIS2_PLACEMENT_3D('',#6228,#5022,#5023);
#4237=AXIS2_PLACEMENT_3D('',#6230,#5024,#5025);
#4238=AXIS2_PLACEMENT_3D('',#6231,#5026,#5027);
#4239=AXIS2_PLACEMENT_3D('',#6233,#5029,#5030);
#4240=AXIS2_PLACEMENT_3D('',#6235,#5032,#5033);
#4241=AXIS2_PLACEMENT_3D('',#6237,#5035,#5036);
#4242=AXIS2_PLACEMENT_3D('',#6239,#5038,#5039);
#4243=AXIS2_PLACEMENT_3D('',#6241,#5041,#5042);
#4244=AXIS2_PLACEMENT_3D('',#6243,#5044,#5045);
#4245=AXIS2_PLACEMENT_3D('',#6245,#5047,#5048);
#4246=AXIS2_PLACEMENT_3D('',#6247,#5050,#5051);
#4247=AXIS2_PLACEMENT_3D('',#6249,#5053,#5054);
#4248=AXIS2_PLACEMENT_3D('',#6251,#5056,#5057);
#4249=AXIS2_PLACEMENT_3D('',#6253,#5059,#5060);
#4250=AXIS2_PLACEMENT_3D('',#6255,#5062,#5063);
#4251=AXIS2_PLACEMENT_3D('',#6257,#5065,#5066);
#4252=AXIS2_PLACEMENT_3D('',#6259,#5068,#5069);
#4253=AXIS2_PLACEMENT_3D('',#6261,#5071,#5072);
#4254=AXIS2_PLACEMENT_3D('',#6263,#5074,#5075);
#4255=AXIS2_PLACEMENT_3D('',#6265,#5077,#5078);
#4256=AXIS2_PLACEMENT_3D('',#6267,#5080,#5081);
#4257=AXIS2_PLACEMENT_3D('',#6269,#5083,#5084);
#4258=AXIS2_PLACEMENT_3D('',#6270,#5085,#5086);
#4259=AXIS2_PLACEMENT_3D('',#6279,#5091,#5092);
#4260=AXIS2_PLACEMENT_3D('',#6285,#5096,#5097);
#4261=AXIS2_PLACEMENT_3D('',#6294,#5102,#5103);
#4262=AXIS2_PLACEMENT_3D('',#6300,#5107,#5108);
#4263=AXIS2_PLACEMENT_3D('',#6309,#5113,#5114);
#4264=AXIS2_PLACEMENT_3D('',#6315,#5118,#5119);
#4265=AXIS2_PLACEMENT_3D('',#6324,#5124,#5125);
#4266=AXIS2_PLACEMENT_3D('',#6330,#5129,#5130);
#4267=AXIS2_PLACEMENT_3D('',#6332,#5131,#5132);
#4268=AXIS2_PLACEMENT_3D('',#6336,#5134,#5135);
#4269=AXIS2_PLACEMENT_3D('',#6339,#5137,#5138);
#4270=AXIS2_PLACEMENT_3D('',#6340,#5139,#5140);
#4271=AXIS2_PLACEMENT_3D('',#6341,#5141,#5142);
#4272=AXIS2_PLACEMENT_3D('',#6343,#5143,#5144);
#4273=AXIS2_PLACEMENT_3D('',#6347,#5146,#5147);
#4274=AXIS2_PLACEMENT_3D('',#6350,#5149,#5150);
#4275=AXIS2_PLACEMENT_3D('',#6351,#5151,#5152);
#4276=AXIS2_PLACEMENT_3D('',#6352,#5153,#5154);
#4277=AXIS2_PLACEMENT_3D('',#6354,#5155,#5156);
#4278=AXIS2_PLACEMENT_3D('',#6358,#5158,#5159);
#4279=AXIS2_PLACEMENT_3D('',#6361,#5161,#5162);
#4280=AXIS2_PLACEMENT_3D('',#6362,#5163,#5164);
#4281=AXIS2_PLACEMENT_3D('',#6363,#5165,#5166);
#4282=AXIS2_PLACEMENT_3D('',#6364,#5167,#5168);
#4283=AXIS2_PLACEMENT_3D('',#6365,#5169,#5170);
#4284=AXIS2_PLACEMENT_3D('',#6367,#5171,#5172);
#4285=AXIS2_PLACEMENT_3D('',#6371,#5174,#5175);
#4286=AXIS2_PLACEMENT_3D('',#6374,#5177,#5178);
#4287=AXIS2_PLACEMENT_3D('',#6375,#5179,#5180);
#4288=AXIS2_PLACEMENT_3D('',#6384,#5185,#5186);
#4289=AXIS2_PLACEMENT_3D('',#6390,#5190,#5191);
#4290=AXIS2_PLACEMENT_3D('',#6402,#5198,#5199);
#4291=AXIS2_PLACEMENT_3D('',#6406,#5202,#5203);
#4292=AXIS2_PLACEMENT_3D('',#6412,#5207,#5208);
#4293=AXIS2_PLACEMENT_3D('',#6418,#5212,#5213);
#4294=AXIS2_PLACEMENT_3D('',#6420,#5214,#5215);
#4295=AXIS2_PLACEMENT_3D('',#6422,#5216,#5217);
#4296=AXIS2_PLACEMENT_3D('',#6424,#5218,#5219);
#4297=AXIS2_PLACEMENT_3D('',#6428,#5221,#5222);
#4298=AXIS2_PLACEMENT_3D('',#6430,#5223,#5224);
#4299=AXIS2_PLACEMENT_3D('',#6432,#5225,#5226);
#4300=AXIS2_PLACEMENT_3D('',#6441,#5231,#5232);
#4301=AXIS2_PLACEMENT_3D('',#6443,#5233,#5234);
#4302=AXIS2_PLACEMENT_3D('',#6454,#5240,#5241);
#4303=AXIS2_PLACEMENT_3D('',#6456,#5242,#5243);
#4304=AXIS2_PLACEMENT_3D('',#6458,#5245,#5246);
#4305=AXIS2_PLACEMENT_3D('',#6460,#5248,#5249);
#4306=AXIS2_PLACEMENT_3D('',#6463,#5251,#5252);
#4307=AXIS2_PLACEMENT_3D('',#6465,#5253,#5254);
#4308=AXIS2_PLACEMENT_3D('',#6476,#5260,#5261);
#4309=AXIS2_PLACEMENT_3D('',#6478,#5262,#5263);
#4310=AXIS2_PLACEMENT_3D('',#6488,#5268,#5269);
#4311=AXIS2_PLACEMENT_3D('',#6490,#5270,#5271);
#4312=AXIS2_PLACEMENT_3D('',#6492,#5272,#5273);
#4313=AXIS2_PLACEMENT_3D('',#6496,#5275,#5276);
#4314=AXIS2_PLACEMENT_3D('',#6498,#5277,#5278);
#4315=AXIS2_PLACEMENT_3D('',#6499,#5279,#5280);
#4316=AXIS2_PLACEMENT_3D('',#6500,#5281,#5282);
#4317=AXIS2_PLACEMENT_3D('',#6506,#5286,#5287);
#4318=AXIS2_PLACEMENT_3D('',#6512,#5291,#5292);
#4319=AXIS2_PLACEMENT_3D('',#6522,#5298,#5299);
#4320=AXIS2_PLACEMENT_3D('',#6526,#5302,#5303);
#4321=AXIS2_PLACEMENT_3D('',#6528,#5304,#5305);
#4322=AXIS2_PLACEMENT_3D('',#6531,#5307,#5308);
#4323=AXIS2_PLACEMENT_3D('',#6532,#5309,#5310);
#4324=AXIS2_PLACEMENT_3D('',#6541,#5315,#5316);
#4325=AXIS2_PLACEMENT_3D('',#6543,#5317,#5318);
#4326=AXIS2_PLACEMENT_3D('',#6546,#5320,#5321);
#4327=AXIS2_PLACEMENT_3D('',#6548,#5322,#5323);
#4328=AXIS2_PLACEMENT_3D('',#6550,#5325,#5326);
#4329=AXIS2_PLACEMENT_3D('',#6556,#5330,#5331);
#4330=AXIS2_PLACEMENT_3D('',#6558,#5333,#5334);
#4331=AXIS2_PLACEMENT_3D('',#6560,#5336,#5337);
#4332=AXIS2_PLACEMENT_3D('',#6561,#5338,#5339);
#4333=AXIS2_PLACEMENT_3D('',#6568,#5344,#5345);
#4334=AXIS2_PLACEMENT_3D('',#6572,#5348,#5349);
#4335=AXIS2_PLACEMENT_3D('',#6576,#5352,#5353);
#4336=AXIS2_PLACEMENT_3D('',#6578,#5355,#5356);
#4337=AXIS2_PLACEMENT_3D('',#6579,#5357,#5358);
#4338=AXIS2_PLACEMENT_3D('',#6581,#5360,#5361);
#4339=AXIS2_PLACEMENT_3D('',#6582,#5362,#5363);
#4340=AXIS2_PLACEMENT_3D('',#6583,#5364,#5365);
#4341=AXIS2_PLACEMENT_3D('',#6584,#5366,#5367);
#4342=AXIS2_PLACEMENT_3D('',#6585,#5368,#5369);
#4343=AXIS2_PLACEMENT_3D('',#6587,#5371,#5372);
#4344=AXIS2_PLACEMENT_3D('',#6592,#5375,#5376);
#4345=AXIS2_PLACEMENT_3D('',#6596,#5378,#5379);
#4346=AXIS2_PLACEMENT_3D('',#6598,#5381,#5382);
#4347=AXIS2_PLACEMENT_3D('',#6600,#5384,#5385);
#4348=AXIS2_PLACEMENT_3D('',#6601,#5386,#5387);
#4349=AXIS2_PLACEMENT_3D('',#6602,#5388,#5389);
#4350=AXIS2_PLACEMENT_3D('',#6604,#5391,#5392);
#4351=AXIS2_PLACEMENT_3D('',#6606,#5394,#5395);
#4352=AXIS2_PLACEMENT_3D('',#6607,#5396,#5397);
#4353=AXIS2_PLACEMENT_3D('',#6608,#5398,#5399);
#4354=AXIS2_PLACEMENT_3D('',#6609,#5400,#5401);
#4355=AXIS2_PLACEMENT_3D('',#6614,#5403,#5404);
#4356=AXIS2_PLACEMENT_3D('',#6617,#5406,#5407);
#4357=AXIS2_PLACEMENT_3D('',#6618,#5408,#5409);
#4358=AXIS2_PLACEMENT_3D('',#6622,#5411,#5412);
#4359=AXIS2_PLACEMENT_3D('',#6623,#5413,#5414);
#4360=AXIS2_PLACEMENT_3D('',#6624,#5415,#5416);
#4361=AXIS2_PLACEMENT_3D('',#6627,#5418,#5419);
#4362=AXIS2_PLACEMENT_3D('',#6628,#5420,#5421);
#4363=AXIS2_PLACEMENT_3D('',#6629,#5422,#5423);
#4364=AXIS2_PLACEMENT_3D('',#6633,#5426,#5427);
#4365=AXIS2_PLACEMENT_3D('',#6637,#5429,#5430);
#4366=AXIS2_PLACEMENT_3D('',#6638,#5431,#5432);
#4367=AXIS2_PLACEMENT_3D('',#6639,#5433,#5434);
#4368=AXIS2_PLACEMENT_3D('',#6643,#5436,#5437);
#4369=AXIS2_PLACEMENT_3D('',#6644,#5438,#5439);
#4370=AXIS2_PLACEMENT_3D('',#6645,#5440,#5441);
#4371=AXIS2_PLACEMENT_3D('',#6649,#5443,#5444);
#4372=AXIS2_PLACEMENT_3D('',#6650,#5445,#5446);
#4373=AXIS2_PLACEMENT_3D('',#6651,#5447,#5448);
#4374=AXIS2_PLACEMENT_3D('',#6657,#5452,#5453);
#4375=AXIS2_PLACEMENT_3D('',#6661,#5455,#5456);
#4376=AXIS2_PLACEMENT_3D('',#6662,#5457,#5458);
#4377=AXIS2_PLACEMENT_3D('',#6663,#5459,#5460);
#4378=AXIS2_PLACEMENT_3D('',#6667,#5462,#5463);
#4379=AXIS2_PLACEMENT_3D('',#6668,#5464,#5465);
#4380=AXIS2_PLACEMENT_3D('',#6669,#5466,#5467);
#4381=AXIS2_PLACEMENT_3D('',#6673,#5469,#5470);
#4382=AXIS2_PLACEMENT_3D('',#6674,#5471,#5472);
#4383=AXIS2_PLACEMENT_3D('',#6675,#5473,#5474);
#4384=AXIS2_PLACEMENT_3D('',#6681,#5478,#5479);
#4385=AXIS2_PLACEMENT_3D('',#6685,#5481,#5482);
#4386=AXIS2_PLACEMENT_3D('',#6686,#5483,#5484);
#4387=AXIS2_PLACEMENT_3D('',#6687,#5485,#5486);
#4388=AXIS2_PLACEMENT_3D('',#6691,#5488,#5489);
#4389=AXIS2_PLACEMENT_3D('',#6692,#5490,#5491);
#4390=AXIS2_PLACEMENT_3D('',#6693,#5492,#5493);
#4391=AXIS2_PLACEMENT_3D('',#6697,#5495,#5496);
#4392=AXIS2_PLACEMENT_3D('',#6698,#5497,#5498);
#4393=AXIS2_PLACEMENT_3D('',#6699,#5499,#5500);
#4394=AXIS2_PLACEMENT_3D('',#6702,#5503,#5504);
#4395=AXIS2_PLACEMENT_3D('',#6705,#5507,#5508);
#4396=AXIS2_PLACEMENT_3D('',#6707,#5510,#5511);
#4397=AXIS2_PLACEMENT_3D('',#6709,#5513,#5514);
#4398=AXIS2_PLACEMENT_3D('',#6714,#5517,#5518);
#4399=AXIS2_PLACEMENT_3D('',#6718,#5520,#5521);
#4400=AXIS2_PLACEMENT_3D('',#6720,#5523,#5524);
#4401=AXIS2_PLACEMENT_3D('',#6722,#5526,#5527);
#4402=AXIS2_PLACEMENT_3D('',#6724,#5529,#5530);
#4403=AXIS2_PLACEMENT_3D('',#6726,#5532,#5533);
#4404=AXIS2_PLACEMENT_3D('',#6728,#5535,#5536);
#4405=AXIS2_PLACEMENT_3D('',#6732,#5538,#5539);
#4406=AXIS2_PLACEMENT_3D('',#6734,#5541,#5542);
#4407=AXIS2_PLACEMENT_3D('',#6738,#5545,#5546);
#4408=AXIS2_PLACEMENT_3D('',#6740,#5548,#5549);
#4409=AXIS2_PLACEMENT_3D('',#6742,#5550,#5551);
#4410=AXIS2_PLACEMENT_3D('',#6744,#5553,#5554);
#4411=AXIS2_PLACEMENT_3D('',#6746,#5556,#5557);
#4412=AXIS2_PLACEMENT_3D('',#6748,#5559,#5560);
#4413=AXIS2_PLACEMENT_3D('',#6750,#5562,#5563);
#4414=AXIS2_PLACEMENT_3D('',#6752,#5565,#5566);
#4415=AXIS2_PLACEMENT_3D('',#6754,#5568,#5569);
#4416=AXIS2_PLACEMENT_3D('',#6755,#5570,#5571);
#4417=AXIS2_PLACEMENT_3D('',#6756,#5572,#5573);
#4418=AXIS2_PLACEMENT_3D('',#6758,#5575,#5576);
#4419=AXIS2_PLACEMENT_3D('',#6760,#5578,#5579);
#4420=AXIS2_PLACEMENT_3D('',#6761,#5580,#5581);
#4421=AXIS2_PLACEMENT_3D('',#6763,#5583,#5584);
#4422=AXIS2_PLACEMENT_3D('',#6765,#5586,#5587);
#4423=AXIS2_PLACEMENT_3D('',#6767,#5589,#5590);
#4424=DIRECTION('axis',(0.,0.,1.));
#4425=DIRECTION('refdir',(1.,0.,0.));
#4426=DIRECTION('center_axis',(1.,0.,0.));
#4427=DIRECTION('ref_axis',(0.,0.,1.));
#4428=DIRECTION('',(0.,0.,1.));
#4429=DIRECTION('',(0.,0.342020143325671,-0.939692620785907));
#4430=DIRECTION('',(0.,-2.15876699232669E-15,-1.));
#4431=DIRECTION('',(0.,-1.,1.85037170770855E-15));
#4432=DIRECTION('',(0.,-0.642787609686553,0.766044443118966));
#4433=DIRECTION('',(0.,0.642787609686538,0.766044443118979));
#4434=DIRECTION('',(0.,2.13921268270515E-14,1.));
#4435=DIRECTION('',(0.,1.,0.));
#4436=DIRECTION('center_axis',(0.,-1.,2.13921268270515E-14));
#4437=DIRECTION('ref_axis',(0.,-2.13921268270515E-14,-1.));
#4438=DIRECTION('',(1.,0.,0.));
#4439=DIRECTION('',(1.,0.,0.));
#4440=DIRECTION('',(0.,-2.13921268270515E-14,-1.));
#4441=DIRECTION('center_axis',(0.,-0.766044443118979,0.642787609686538));
#4442=DIRECTION('ref_axis',(0.,-0.642787609686538,-0.766044443118979));
#4443=DIRECTION('',(1.,0.,0.));
#4444=DIRECTION('',(0.,-0.642787609686538,-0.766044443118979));
#4445=DIRECTION('center_axis',(0.,-0.766044443118966,-0.642787609686553));
#4446=DIRECTION('ref_axis',(0.,0.642787609686553,-0.766044443118966));
#4447=DIRECTION('',(-1.,0.,0.));
#4448=DIRECTION('',(0.,0.642787609686553,-0.766044443118966));
#4449=DIRECTION('center_axis',(0.,-1.85037170770855E-15,-1.));
#4450=DIRECTION('ref_axis',(0.,1.,-1.85037170770855E-15));
#4451=DIRECTION('',(1.,0.,0.));
#4452=DIRECTION('',(0.,1.,-1.85037170770855E-15));
#4453=DIRECTION('center_axis',(0.,1.,-2.15876699232669E-15));
#4454=DIRECTION('ref_axis',(0.,2.15876699232669E-15,1.));
#4455=DIRECTION('',(-1.,0.,0.));
#4456=DIRECTION('',(0.,2.15876699232669E-15,1.));
#4457=DIRECTION('center_axis',(0.,0.939692620785908,0.342020143325671));
#4458=DIRECTION('ref_axis',(0.,-0.342020143325671,0.939692620785907));
#4459=DIRECTION('',(-1.,0.,0.));
#4460=DIRECTION('',(0.,-0.342020143325671,0.939692620785907));
#4461=DIRECTION('center_axis',(-1.,0.,0.));
#4462=DIRECTION('ref_axis',(0.,0.,-1.));
#4463=DIRECTION('',(0.,0.,-1.));
#4464=DIRECTION('',(0.,-1.,0.));
#4465=DIRECTION('center_axis',(-1.,0.,0.));
#4466=DIRECTION('ref_axis',(0.,0.,1.));
#4467=DIRECTION('',(0.,0.,-1.));
#4468=DIRECTION('',(0.,1.,0.));
#4469=DIRECTION('',(0.,-2.13921268270515E-14,1.));
#4470=DIRECTION('',(0.,-0.642787609686538,0.766044443118979));
#4471=DIRECTION('',(0.,0.642787609686553,0.766044443118966));
#4472=DIRECTION('',(0.,1.,1.85037170770855E-15));
#4473=DIRECTION('',(0.,2.15876699232669E-15,-1.));
#4474=DIRECTION('',(0.,-0.342020143325671,-0.939692620785907));
#4475=DIRECTION('center_axis',(0.,-1.,-2.13921268270515E-14));
#4476=DIRECTION('ref_axis',(0.,2.13921268270515E-14,-1.));
#4477=DIRECTION('',(-1.,0.,0.));
#4478=DIRECTION('',(0.,2.13921268270515E-14,-1.));
#4479=DIRECTION('',(1.,0.,0.));
#4480=DIRECTION('center_axis',(0.,-0.766044443118979,-0.642787609686538));
#4481=DIRECTION('ref_axis',(0.,0.642787609686538,-0.766044443118979));
#4482=DIRECTION('',(0.,0.642787609686538,-0.766044443118979));
#4483=DIRECTION('',(1.,0.,0.));
#4484=DIRECTION('center_axis',(0.,-0.766044443118966,0.642787609686553));
#4485=DIRECTION('ref_axis',(0.,-0.642787609686553,-0.766044443118966));
#4486=DIRECTION('',(0.,-0.642787609686553,-0.766044443118966));
#4487=DIRECTION('',(-1.,0.,0.));
#4488=DIRECTION('center_axis',(0.,-1.85037170770855E-15,1.));
#4489=DIRECTION('ref_axis',(0.,-1.,-1.85037170770855E-15));
#4490=DIRECTION('',(0.,-1.,-1.85037170770855E-15));
#4491=DIRECTION('',(1.,0.,0.));
#4492=DIRECTION('center_axis',(0.,1.,2.15876699232669E-15));
#4493=DIRECTION('ref_axis',(0.,-2.15876699232669E-15,1.));
#4494=DIRECTION('',(0.,-2.15876699232669E-15,1.));
#4495=DIRECTION('',(-1.,0.,0.));
#4496=DIRECTION('center_axis',(0.,0.939692620785908,-0.342020143325671));
#4497=DIRECTION('ref_axis',(0.,0.342020143325671,0.939692620785907));
#4498=DIRECTION('',(0.,0.342020143325671,0.939692620785907));
#4499=DIRECTION('',(1.,1.88304134060585E-16,5.1736135632141E-16));
#4500=DIRECTION('center_axis',(1.,0.,0.));
#4501=DIRECTION('ref_axis',(0.,0.,-1.));
#4502=DIRECTION('',(0.,0.,1.));
#4503=DIRECTION('',(0.,-1.,0.));
#4504=DIRECTION('center_axis',(0.,0.,1.));
#4505=DIRECTION('ref_axis',(1.,0.,0.));
#4506=DIRECTION('',(-1.,-1.88304134060585E-16,0.));
#4507=DIRECTION('center_axis',(0.,0.,1.));
#4508=DIRECTION('ref_axis',(0.,1.,0.));
#4509=DIRECTION('center_axis',(0.,0.,-1.));
#4510=DIRECTION('ref_axis',(-0.944829026726005,0.327563902553365,0.));
#4511=DIRECTION('center_axis',(0.,0.,1.));
#4512=DIRECTION('ref_axis',(0.944829026726293,-0.327563902552534,0.));
#4513=DIRECTION('',(1.20760422970888E-16,1.,0.));
#4514=DIRECTION('',(-1.,2.22044604925031E-16,0.));
#4515=DIRECTION('',(0.847998304005088,0.52999894000318,0.));
#4516=DIRECTION('',(-1.52642945640489E-16,-1.,0.));
#4517=DIRECTION('center_axis',(0.,0.,-1.));
#4518=DIRECTION('ref_axis',(0.94482885357821,-0.327564401982398,0.));
#4519=DIRECTION('center_axis',(0.,0.,1.));
#4520=DIRECTION('ref_axis',(-0.944829199882626,0.327563403098022,0.));
#4521=DIRECTION('center_axis',(0.,0.,-1.));
#4522=DIRECTION('ref_axis',(-0.00707095153079712,0.999975000509737,0.));
#4523=DIRECTION('',(1.,1.87393789640582E-16,0.));
#4524=DIRECTION('center_axis',(0.,0.,-1.));
#4525=DIRECTION('ref_axis',(0.327573869994665,0.944825571042993,0.));
#4526=DIRECTION('center_axis',(0.,0.,1.));
#4527=DIRECTION('ref_axis',(-0.327553934575976,-0.944832482477078,0.));
#4528=DIRECTION('center_axis',(0.,0.,-1.));
#4529=DIRECTION('ref_axis',(-0.999975000624987,0.00707093523211172,0.));
#4530=DIRECTION('',(0.,1.,0.));
#4531=DIRECTION('',(0.707106781186546,-0.707106781186549,0.));
#4532=DIRECTION('',(-1.,0.,0.));
#4533=DIRECTION('',(0.,-1.,0.));
#4534=DIRECTION('center_axis',(0.,0.,1.));
#4535=DIRECTION('ref_axis',(-1.,1.39314485873186E-12,0.));
#4536=DIRECTION('center_axis',(0.,0.,-1.));
#4537=DIRECTION('ref_axis',(-0.32756390255337,-0.944829026726003,0.));
#4538=DIRECTION('center_axis',(0.,0.,1.));
#4539=DIRECTION('ref_axis',(0.327563902552531,0.944829026726294,0.));
#4540=DIRECTION('',(-1.,-1.88304134060585E-16,0.));
#4541=DIRECTION('center_axis',(-1.,0.,0.));
#4542=DIRECTION('ref_axis',(6.19038178903602E-17,0.707106781186548,-0.707106781186548));
#4543=DIRECTION('',(0.847998304005089,0.,0.529998940003178));
#4544=DIRECTION('center_axis',(1.,-1.52642945640489E-16,0.));
#4545=DIRECTION('ref_axis',(0.,0.707106781186548,-0.707106781186548));
#4546=DIRECTION('',(-0.847998304005089,0.529998940003178,0.));
#4547=DIRECTION('center_axis',(-1.,1.52642945640489E-16,0.));
#4548=DIRECTION('ref_axis',(1.07934861962679E-16,0.707106781186547,-0.707106781186547));
#4549=DIRECTION('center_axis',(-0.52999894000318,-0.847998304005088,0.));
#4550=DIRECTION('ref_axis',(0.,0.,1.));
#4551=DIRECTION('',(-0.847998304005088,0.52999894000318,0.));
#4552=DIRECTION('',(0.,0.,-1.));
#4553=DIRECTION('',(0.,0.,1.));
#4554=DIRECTION('center_axis',(-0.529998940003179,-3.22297362902599E-16,
0.847998304005089));
#4555=DIRECTION('ref_axis',(0.847998304005089,0.,0.529998940003179));
#4556=DIRECTION('',(-1.52642945640489E-16,-1.,-4.75470246092144E-16));
#4557=DIRECTION('',(0.847998304005089,0.,0.529998940003179));
#4558=DIRECTION('',(1.52642945640489E-16,1.,4.75470246092144E-16));
#4559=DIRECTION('center_axis',(-1.,0.,0.));
#4560=DIRECTION('ref_axis',(-6.190381789036E-17,-0.707106781186546,-0.707106781186548));
#4561=DIRECTION('',(0.847998304005089,0.529998940003178,0.));
#4562=DIRECTION('center_axis',(1.,-1.52642945640489E-16,0.));
#4563=DIRECTION('ref_axis',(0.,-0.707106781186546,-0.707106781186549));
#4564=DIRECTION('center_axis',(-1.,1.52642945640489E-16,0.));
#4565=DIRECTION('ref_axis',(-1.07934861962679E-16,-0.707106781186546,-0.707106781186549));
#4566=DIRECTION('center_axis',(-0.52999894000318,0.847998304005088,0.));
#4567=DIRECTION('ref_axis',(0.,0.,1.));
#4568=DIRECTION('',(0.,0.,-1.));
#4569=DIRECTION('',(0.,0.,1.));
#4570=DIRECTION('center_axis',(2.22044604925031E-16,1.,0.));
#4571=DIRECTION('ref_axis',(0.,0.,1.));
#4572=DIRECTION('',(-1.,2.22044604925031E-16,0.));
#4573=DIRECTION('',(0.,0.,-1.));
#4574=DIRECTION('',(1.,-2.22044604925031E-16,0.));
#4575=DIRECTION('center_axis',(1.,-2.22044604925031E-16,0.));
#4576=DIRECTION('ref_axis',(0.,0.707106781186548,-0.707106781186548));
#4577=DIRECTION('',(1.,-2.22044604925031E-16,0.));
#4578=DIRECTION('center_axis',(1.,-1.20760422970888E-16,0.));
#4579=DIRECTION('ref_axis',(0.,0.707106781186548,-0.707106781186548));
#4580=DIRECTION('center_axis',(1.05575602947138E-31,4.75470246092144E-16,
-1.));
#4581=DIRECTION('ref_axis',(1.22463932750963E-16,1.,4.75470246092144E-16));
#4582=DIRECTION('',(-1.,2.22044604925031E-16,0.));
#4583=DIRECTION('',(-1.20760422970888E-16,-1.,-4.75470246092144E-16));
#4584=DIRECTION('center_axis',(1.,-2.22044604925031E-16,0.));
#4585=DIRECTION('ref_axis',(0.,-0.707106781186546,-0.707106781186549));
#4586=DIRECTION('',(1.,-2.22044604925031E-16,0.));
#4587=DIRECTION('center_axis',(1.,-1.20760422970888E-16,0.));
#4588=DIRECTION('ref_axis',(0.,-0.707106781186546,-0.707106781186549));
#4589=DIRECTION('center_axis',(-2.22044604925031E-16,-1.,0.));
#4590=DIRECTION('ref_axis',(0.,0.,-1.));
#4591=DIRECTION('',(0.,0.,1.));
#4592=DIRECTION('center_axis',(0.,0.,1.));
#4593=DIRECTION('ref_axis',(1.,0.,0.));
#4594=DIRECTION('',(1.,0.,0.));
#4595=DIRECTION('center_axis',(0.,0.,1.));
#4596=DIRECTION('ref_axis',(0.,-1.,0.));
#4597=DIRECTION('center_axis',(0.,0.,-1.));
#4598=DIRECTION('ref_axis',(0.944829026726005,-0.327563902553366,0.));
#4599=DIRECTION('center_axis',(0.,0.,1.));
#4600=DIRECTION('ref_axis',(-0.944829026726293,0.327563902552534,0.));
#4601=DIRECTION('',(0.,-1.,0.));
#4602=DIRECTION('',(1.,0.,0.));
#4603=DIRECTION('',(-0.707106781186548,-0.707106781186548,0.));
#4604=DIRECTION('',(0.,1.,0.));
#4605=DIRECTION('center_axis',(0.,0.,-1.));
#4606=DIRECTION('ref_axis',(-0.94482885357821,0.327564401982398,0.));
#4607=DIRECTION('center_axis',(0.,0.,1.));
#4608=DIRECTION('ref_axis',(0.944829199882626,-0.327563403098022,0.));
#4609=DIRECTION('center_axis',(0.,0.,-1.));
#4610=DIRECTION('ref_axis',(0.00707095153079711,-0.999975000509737,0.));
#4611=DIRECTION('',(-1.,0.,0.));
#4612=DIRECTION('center_axis',(0.,0.,-1.));
#4613=DIRECTION('ref_axis',(-0.327573869994666,-0.944825571042993,0.));
#4614=DIRECTION('center_axis',(0.,0.,1.));
#4615=DIRECTION('ref_axis',(0.327553934575976,0.944832482477078,0.));
#4616=DIRECTION('center_axis',(0.,0.,-1.));
#4617=DIRECTION('ref_axis',(0.999975000624987,-0.00707093523211144,0.));
#4618=DIRECTION('',(-1.52642945640489E-16,-1.,0.));
#4619=DIRECTION('',(1.20760422970888E-16,1.,0.));
#4620=DIRECTION('center_axis',(0.,0.,1.));
#4621=DIRECTION('ref_axis',(1.,-1.39295982156109E-12,0.));
#4622=DIRECTION('center_axis',(0.,0.,-1.));
#4623=DIRECTION('ref_axis',(0.32756390255337,0.944829026726003,0.));
#4624=DIRECTION('center_axis',(0.,0.,1.));
#4625=DIRECTION('ref_axis',(-0.327563902552531,-0.944829026726294,0.));
#4626=DIRECTION('',(1.,0.,0.));
#4627=DIRECTION('center_axis',(0.,0.,-1.));
#4628=DIRECTION('ref_axis',(-0.327553934575976,-0.944832482477078,0.));
#4629=DIRECTION('',(0.,0.,-1.));
#4630=DIRECTION('center_axis',(0.,0.,1.));
#4631=DIRECTION('ref_axis',(-0.327553934575976,-0.944832482477078,0.));
#4632=DIRECTION('',(0.,0.,1.));
#4633=DIRECTION('center_axis',(0.,0.,-1.));
#4634=DIRECTION('ref_axis',(0.327573869994665,0.944825571042993,0.));
#4635=DIRECTION('',(0.,0.,1.));
#4636=DIRECTION('center_axis',(0.,0.,-1.));
#4637=DIRECTION('ref_axis',(0.327573869994665,0.944825571042993,0.));
#4638=DIRECTION('center_axis',(1.87393789640582E-16,-1.,0.));
#4639=DIRECTION('ref_axis',(-1.,-1.87393789640582E-16,0.));
#4640=DIRECTION('',(0.,0.,1.));
#4641=DIRECTION('',(1.,1.87393789640582E-16,-1.87393789640583E-16));
#4642=DIRECTION('center_axis',(0.,0.,-1.));
#4643=DIRECTION('ref_axis',(-0.00707095153079712,0.999975000509737,0.));
#4644=DIRECTION('',(0.,0.,1.));
#4645=DIRECTION('center_axis',(0.,0.,-1.));
#4646=DIRECTION('ref_axis',(-0.00707095153079712,0.999975000509737,0.));
#4647=DIRECTION('center_axis',(0.,0.,-1.));
#4648=DIRECTION('ref_axis',(-0.944829199882626,0.327563403098022,0.));
#4649=DIRECTION('',(0.,0.,1.));
#4650=DIRECTION('center_axis',(0.,0.,1.));
#4651=DIRECTION('ref_axis',(-0.944829199882626,0.327563403098022,0.));
#4652=DIRECTION('center_axis',(0.,0.,-1.));
#4653=DIRECTION('ref_axis',(0.94482885357821,-0.327564401982398,0.));
#4654=DIRECTION('',(0.,0.,1.));
#4655=DIRECTION('center_axis',(0.,0.,-1.));
#4656=DIRECTION('ref_axis',(0.94482885357821,-0.327564401982398,0.));
#4657=DIRECTION('center_axis',(0.,0.,-1.));
#4658=DIRECTION('ref_axis',(-0.999975000624987,0.00707093523211172,0.));
#4659=DIRECTION('center_axis',(0.,0.,-1.));
#4660=DIRECTION('ref_axis',(-0.999975000624987,0.00707093523211172,0.));
#4661=DIRECTION('',(0.,0.,1.));
#4662=DIRECTION('center_axis',(-1.,0.,0.));
#4663=DIRECTION('ref_axis',(0.,1.,0.));
#4664=DIRECTION('',(0.,-1.,0.));
#4665=DIRECTION('',(0.,0.,-1.));
#4666=DIRECTION('',(0.,1.,0.));
#4667=DIRECTION('',(0.,0.,-1.));
#4668=DIRECTION('',(0.,-0.0830454798537401,0.99654575824488));
#4669=DIRECTION('center_axis',(0.,1.,0.));
#4670=DIRECTION('ref_axis',(1.,0.,0.));
#4671=DIRECTION('',(-1.,0.,0.));
#4672=DIRECTION('',(0.,0.,-1.));
#4673=DIRECTION('',(1.,0.,0.));
#4674=DIRECTION('center_axis',(1.,0.,0.));
#4675=DIRECTION('ref_axis',(0.,-1.,0.));
#4676=DIRECTION('',(0.,0.,-1.));
#4677=DIRECTION('',(0.,-1.,0.));
#4678=DIRECTION('',(0.,1.,0.));
#4679=DIRECTION('',(0.,0.0830454798537401,-0.99654575824488));
#4680=DIRECTION('center_axis',(0.,0.,-1.));
#4681=DIRECTION('ref_axis',(0.327563902552531,0.944829026726294,0.));
#4682=DIRECTION('',(0.,0.,1.));
#4683=DIRECTION('center_axis',(0.,0.,-1.));
#4684=DIRECTION('ref_axis',(0.327563902552531,0.944829026726294,0.));
#4685=DIRECTION('',(0.,0.,1.));
#4686=DIRECTION('center_axis',(0.,0.,-1.));
#4687=DIRECTION('ref_axis',(-0.32756390255337,-0.944829026726003,0.));
#4688=DIRECTION('',(0.,0.,1.));
#4689=DIRECTION('center_axis',(0.,0.,1.));
#4690=DIRECTION('ref_axis',(-0.32756390255337,-0.944829026726003,0.));
#4691=DIRECTION('center_axis',(0.,0.,-1.));
#4692=DIRECTION('ref_axis',(-1.,1.39314485873186E-12,0.));
#4693=DIRECTION('',(0.,0.,1.));
#4694=DIRECTION('center_axis',(0.,0.,-1.));
#4695=DIRECTION('ref_axis',(-1.,1.39314485873186E-12,0.));
#4696=DIRECTION('center_axis',(0.,-1.,0.));
#4697=DIRECTION('ref_axis',(-1.,0.,0.));
#4698=DIRECTION('',(1.,0.,0.));
#4699=DIRECTION('',(0.,0.,-1.));
#4700=DIRECTION('',(-1.,0.,0.));
#4701=DIRECTION('',(0.,0.,-1.));
#4702=DIRECTION('',(0.0830454798537397,0.,0.99654575824488));
#4703=DIRECTION('center_axis',(-1.,0.,0.));
#4704=DIRECTION('ref_axis',(0.,1.,0.));
#4705=DIRECTION('',(0.,-1.,0.));
#4706=DIRECTION('',(0.,0.,-1.));
#4707=DIRECTION('',(0.,1.,0.));
#4708=DIRECTION('center_axis',(4.44089209850063E-15,1.,0.));
#4709=DIRECTION('ref_axis',(1.,-4.44089209850063E-15,0.));
#4710=DIRECTION('',(0.,0.,-1.));
#4711=DIRECTION('',(1.,-4.44089209850063E-15,0.));
#4712=DIRECTION('',(-1.,4.44089209850063E-15,0.));
#4713=DIRECTION('',(-0.0830454798537397,3.68796015298666E-16,-0.99654575824488));
#4714=DIRECTION('center_axis',(0.,-1.,0.));
#4715=DIRECTION('ref_axis',(-1.,0.,0.));
#4716=DIRECTION('',(1.,0.,0.));
#4717=DIRECTION('',(0.,0.,-1.));
#4718=DIRECTION('',(-1.,0.,0.));
#4719=DIRECTION('',(0.,0.,-1.));
#4720=DIRECTION('',(0.0830454798537397,0.,0.99654575824488));
#4721=DIRECTION('center_axis',(-1.,0.,0.));
#4722=DIRECTION('ref_axis',(0.,1.,0.));
#4723=DIRECTION('',(0.,-1.,0.));
#4724=DIRECTION('',(0.,0.,-1.));
#4725=DIRECTION('',(0.,1.,0.));
#4726=DIRECTION('center_axis',(0.,1.,0.));
#4727=DIRECTION('ref_axis',(1.,0.,0.));
#4728=DIRECTION('',(0.,0.,-1.));
#4729=DIRECTION('',(1.,0.,0.));
#4730=DIRECTION('',(-1.,0.,0.));
#4731=DIRECTION('',(-0.0830454798537397,0.,-0.99654575824488));
#4732=DIRECTION('center_axis',(1.,0.,0.));
#4733=DIRECTION('ref_axis',(0.,-1.,0.));
#4734=DIRECTION('',(0.,1.,0.));
#4735=DIRECTION('',(0.,0.,-1.));
#4736=DIRECTION('',(0.,-1.,0.));
#4737=DIRECTION('',(0.,0.,-1.));
#4738=DIRECTION('',(0.,0.0830454798537397,0.99654575824488));
#4739=DIRECTION('center_axis',(0.,-1.,0.));
#4740=DIRECTION('ref_axis',(-1.,0.,0.));
#4741=DIRECTION('',(1.,0.,0.));
#4742=DIRECTION('',(0.,0.,-1.));
#4743=DIRECTION('',(-1.,0.,0.));
#4744=DIRECTION('center_axis',(-1.,0.,0.));
#4745=DIRECTION('ref_axis',(0.,1.,0.));
#4746=DIRECTION('',(0.,0.,-1.));
#4747=DIRECTION('',(0.,1.,0.));
#4748=DIRECTION('',(0.,-1.,0.));
#4749=DIRECTION('',(0.,-0.0830454798537397,-0.99654575824488));
#4750=DIRECTION('center_axis',(0.,1.,0.));
#4751=DIRECTION('ref_axis',(1.,0.,0.));
#4752=DIRECTION('',(-1.,0.,0.));
#4753=DIRECTION('',(0.,0.,-1.));
#4754=DIRECTION('',(1.,0.,0.));
#4755=DIRECTION('',(0.,0.,-1.));
#4756=DIRECTION('',(-0.0830454798537398,0.,0.99654575824488));
#4757=DIRECTION('center_axis',(1.,4.16333634234433E-16,0.));
#4758=DIRECTION('ref_axis',(4.16333634234433E-16,-1.,0.));
#4759=DIRECTION('',(-4.16333634234433E-16,1.,0.));
#4760=DIRECTION('',(0.,0.,-1.));
#4761=DIRECTION('',(4.16333634234433E-16,-1.,0.));
#4762=DIRECTION('center_axis',(0.,-1.,0.));
#4763=DIRECTION('ref_axis',(-1.,0.,0.));
#4764=DIRECTION('',(0.,0.,-1.));
#4765=DIRECTION('',(-1.,0.,0.));
#4766=DIRECTION('',(1.,0.,0.));
#4767=DIRECTION('',(0.0830454798537398,0.,-0.99654575824488));
#4768=DIRECTION('center_axis',(0.,0.,-1.));
#4769=DIRECTION('ref_axis',(0.944829026726293,-0.327563902552534,0.));
#4770=DIRECTION('',(0.,0.,1.));
#4771=DIRECTION('center_axis',(0.,0.,-1.));
#4772=DIRECTION('ref_axis',(0.944829026726293,-0.327563902552534,0.));
#4773=DIRECTION('',(0.,0.,1.));
#4774=DIRECTION('center_axis',(0.,0.,-1.));
#4775=DIRECTION('ref_axis',(-0.944829026726005,0.327563902553365,0.));
#4776=DIRECTION('',(0.,0.,1.));
#4777=DIRECTION('center_axis',(0.,0.,1.));
#4778=DIRECTION('ref_axis',(-0.944829026726005,0.327563902553365,0.));
#4779=DIRECTION('center_axis',(0.,0.,-1.));
#4780=DIRECTION('ref_axis',(0.,1.,0.));
#4781=DIRECTION('',(0.,0.,1.));
#4782=DIRECTION('center_axis',(0.,0.,-1.));
#4783=DIRECTION('ref_axis',(0.,1.,0.));
#4784=DIRECTION('center_axis',(0.,0.,1.));
#4785=DIRECTION('ref_axis',(1.,0.,0.));
#4786=DIRECTION('',(1.20760422970888E-16,1.,0.));
#4787=DIRECTION('center_axis',(0.,0.,1.));
#4788=DIRECTION('ref_axis',(1.,0.,0.));
#4789=DIRECTION('',(1.,0.,0.));
#4790=DIRECTION('center_axis',(0.,0.,1.));
#4791=DIRECTION('ref_axis',(1.,0.,0.));
#4792=DIRECTION('',(0.,-1.,0.));
#4793=DIRECTION('center_axis',(0.,0.,1.));
#4794=DIRECTION('ref_axis',(1.,0.,0.));
#4795=DIRECTION('',(0.,-1.,0.));
#4796=DIRECTION('center_axis',(0.,0.,1.));
#4797=DIRECTION('ref_axis',(1.,0.,0.));
#4798=DIRECTION('',(-1.,-1.88304134060585E-16,0.));
#4799=DIRECTION('center_axis',(-1.,1.52642945640489E-16,0.));
#4800=DIRECTION('ref_axis',(1.52642945640489E-16,1.,0.));
#4801=DIRECTION('',(0.,0.,1.));
#4802=DIRECTION('',(-1.52642945640489E-16,-1.,1.5264294564049E-16));
#4803=DIRECTION('center_axis',(0.99654575824488,-1.20343287275496E-16,0.0830454798537398));
#4804=DIRECTION('ref_axis',(0.0830454798537398,0.,-0.99654575824488));
#4805=DIRECTION('',(-1.20760422970888E-16,-1.,0.));
#4806=DIRECTION('center_axis',(0.,-0.99654575824488,0.0830454798537397));
#4807=DIRECTION('ref_axis',(0.,-0.0830454798537397,-0.99654575824488));
#4808=DIRECTION('',(-1.,0.,0.));
#4809=DIRECTION('center_axis',(-0.99654575824488,0.,0.0830454798537397));
#4810=DIRECTION('ref_axis',(0.0830454798537397,0.,0.99654575824488));
#4811=DIRECTION('',(0.,1.,0.));
#4812=DIRECTION('center_axis',(-0.99654575824488,0.,0.0830454798537397));
#4813=DIRECTION('ref_axis',(0.0830454798537397,0.,0.99654575824488));
#4814=DIRECTION('',(0.,1.,0.));
#4815=DIRECTION('center_axis',(-1.87653686058051E-16,0.99654575824488,0.0830454798537401));
#4816=DIRECTION('ref_axis',(0.,-0.0830454798537401,0.99654575824488));
#4817=DIRECTION('',(1.,1.88304134060585E-16,0.));
#4818=DIRECTION('center_axis',(0.,0.,1.));
#4819=DIRECTION('ref_axis',(1.,0.,0.));
#4820=DIRECTION('',(0.,-1.,0.));
#4821=DIRECTION('',(1.,0.,0.));
#4822=DIRECTION('',(0.,1.,0.));
#4823=DIRECTION('',(-1.,0.,0.));
#4824=DIRECTION('center_axis',(0.,-1.,0.));
#4825=DIRECTION('ref_axis',(1.,0.,0.));
#4826=DIRECTION('',(0.,0.,1.));
#4827=DIRECTION('',(0.,0.,-1.));
#4828=DIRECTION('center_axis',(0.707106781186549,0.,0.707106781186546));
#4829=DIRECTION('ref_axis',(0.707106781186546,0.,-0.707106781186549));
#4830=DIRECTION('',(0.,1.,0.));
#4831=DIRECTION('',(0.577350269189625,0.577350269189625,-0.577350269189627));
#4832=DIRECTION('',(-0.577350269189624,0.577350269189627,0.577350269189627));
#4833=DIRECTION('center_axis',(0.707106781186549,0.707106781186546,0.));
#4834=DIRECTION('ref_axis',(0.,0.,-1.));
#4835=DIRECTION('',(0.,0.,-1.));
#4836=DIRECTION('center_axis',(0.,0.,-1.));
#4837=DIRECTION('ref_axis',(-1.,0.,0.));
#4838=DIRECTION('',(6.05576195250085E-16,-1.,0.));
#4839=DIRECTION('',(1.,1.88304134060585E-16,0.));
#4840=DIRECTION('',(-1.21115239050017E-15,1.,0.));
#4841=DIRECTION('',(1.,-8.32667268468867E-15,0.));
#4842=DIRECTION('',(-4.03717463500059E-16,-1.,0.));
#4843=DIRECTION('',(1.,1.88304134060585E-16,0.));
#4844=DIRECTION('',(1.,1.88304134060585E-16,0.));
#4845=DIRECTION('',(0.,1.,0.));
#4846=DIRECTION('',(0.,1.,0.));
#4847=DIRECTION('',(0.,1.,0.));
#4848=DIRECTION('center_axis',(0.,0.,-1.));
#4849=DIRECTION('ref_axis',(-0.944829026726293,0.327563902552534,0.));
#4850=DIRECTION('center_axis',(0.,0.,1.));
#4851=DIRECTION('ref_axis',(0.944829026726005,-0.327563902553366,0.));
#4852=DIRECTION('center_axis',(0.,0.,-1.));
#4853=DIRECTION('ref_axis',(0.,-1.,0.));
#4854=DIRECTION('',(-1.,0.,0.));
#4855=DIRECTION('',(-1.,0.,0.));
#4856=DIRECTION('center_axis',(0.,0.,-1.));
#4857=DIRECTION('ref_axis',(-0.327563902552531,-0.944829026726294,0.));
#4858=DIRECTION('center_axis',(0.,0.,1.));
#4859=DIRECTION('ref_axis',(0.32756390255337,0.944829026726003,0.));
#4860=DIRECTION('center_axis',(0.,0.,-1.));
#4861=DIRECTION('ref_axis',(1.,-1.39295982156109E-12,0.));
#4862=DIRECTION('',(-1.20760422970888E-16,-1.,0.));
#4863=DIRECTION('',(-1.20760422970888E-16,-1.,0.));
#4864=DIRECTION('',(1.,1.88304134060585E-16,0.));
#4865=DIRECTION('',(4.03717463500057E-16,1.,0.));
#4866=DIRECTION('',(1.,2.7755575615629E-15,0.));
#4867=DIRECTION('center_axis',(0.,0.,-1.));
#4868=DIRECTION('ref_axis',(1.,0.,0.));
#4869=DIRECTION('center_axis',(0.,0.,-1.));
#4870=DIRECTION('ref_axis',(1.,0.,0.));
#4871=DIRECTION('center_axis',(0.,0.,-1.));
#4872=DIRECTION('ref_axis',(1.,0.,0.));
#4873=DIRECTION('center_axis',(0.,0.,1.));
#4874=DIRECTION('ref_axis',(1.,0.,0.));
#4875=DIRECTION('',(1.21115239050017E-15,-1.,0.));
#4876=DIRECTION('',(-1.,-1.88304134060585E-16,0.));
#4877=DIRECTION('',(4.03717463500059E-16,1.,0.));
#4878=DIRECTION('',(-1.,8.32667268468867E-15,0.));
#4879=DIRECTION('center_axis',(-1.,-1.21115239050017E-15,0.));
#4880=DIRECTION('ref_axis',(1.21115239050017E-15,-1.,0.));
#4881=DIRECTION('',(0.,0.,-1.));
#4882=DIRECTION('',(0.,0.,1.));
#4883=DIRECTION('center_axis',(1.,-4.03717463500059E-16,0.));
#4884=DIRECTION('ref_axis',(4.03717463500059E-16,1.,0.));
#4885=DIRECTION('',(0.,0.,1.));
#4886=DIRECTION('',(0.,0.,1.));
#4887=DIRECTION('center_axis',(8.32667268468867E-15,1.,0.));
#4888=DIRECTION('ref_axis',(-1.,8.32667268468867E-15,0.));
#4889=DIRECTION('center_axis',(-1.88304134060585E-16,1.,0.));
#4890=DIRECTION('ref_axis',(1.,1.88304134060585E-16,0.));
#4891=DIRECTION('',(0.,0.,1.));
#4892=DIRECTION('',(-1.,-1.88304134060585E-16,0.));
#4893=DIRECTION('',(0.,0.,-1.));
#4894=DIRECTION('center_axis',(0.,0.,1.));
#4895=DIRECTION('ref_axis',(1.,0.,0.));
#4896=DIRECTION('',(-4.03717463500057E-16,-1.,0.));
#4897=DIRECTION('',(-6.05576195250085E-16,1.,0.));
#4898=DIRECTION('',(-1.,-2.7755575615629E-15,0.));
#4899=DIRECTION('center_axis',(-1.,4.03717463500057E-16,0.));
#4900=DIRECTION('ref_axis',(-4.03717463500057E-16,-1.,0.));
#4901=DIRECTION('',(0.,0.,1.));
#4902=DIRECTION('center_axis',(1.,6.05576195250085E-16,0.));
#4903=DIRECTION('ref_axis',(-6.05576195250085E-16,1.,0.));
#4904=DIRECTION('',(0.,0.,1.));
#4905=DIRECTION('center_axis',(-2.7755575615629E-15,1.,0.));
#4906=DIRECTION('ref_axis',(-1.,-2.7755575615629E-15,0.));
#4907=DIRECTION('center_axis',(0.,-0.707106781186549,0.707106781186546));
#4908=DIRECTION('ref_axis',(0.,-0.707106781186546,-0.707106781186549));
#4909=DIRECTION('',(1.,0.,0.));
#4910=DIRECTION('',(-0.00499991777686795,-0.707089103877456,-0.707106781186548));
#4911=DIRECTION('',(-1.,0.,0.));
#4912=DIRECTION('',(0.,-0.707106781186546,-0.707106781186549));
#4913=DIRECTION('center_axis',(0.,0.,-1.));
#4914=DIRECTION('ref_axis',(0.00707095153079711,-0.999975000509737,0.));
#4915=DIRECTION('center_axis',(0.,0.,-1.));
#4916=DIRECTION('ref_axis',(0.00707095153079711,-0.999975000509737,0.));
#4917=DIRECTION('',(0.231629704812748,-0.668092568322951,-0.707106781186549));
#4918=DIRECTION('center_axis',(0.,0.,1.));
#4919=DIRECTION('ref_axis',(0.00707095153079711,-0.999975000509737,0.));
#4920=DIRECTION('center_axis',(0.,0.,1.));
#4921=DIRECTION('ref_axis',(-0.327553934575976,0.944832482477078,0.));
#4922=DIRECTION('center_axis',(0.,0.,1.));
#4923=DIRECTION('ref_axis',(0.944829199882626,-0.327563403098022,0.));
#4924=DIRECTION('',(-0.668095134300063,0.231622303599154,-0.707106781186549));
#4925=DIRECTION('center_axis',(0.,0.,-1.));
#4926=DIRECTION('ref_axis',(-0.327553934575976,0.944832482477078,0.));
#4927=DIRECTION('center_axis',(0.,0.,-1.));
#4928=DIRECTION('ref_axis',(-0.944828853578209,0.327564401982398,0.));
#4929=DIRECTION('center_axis',(0.,0.,-1.));
#4930=DIRECTION('ref_axis',(-0.94482885357821,0.327564401982398,0.));
#4931=DIRECTION('',(-0.707089109244336,0.00499915873414292,-0.707106781186549));
#4932=DIRECTION('center_axis',(0.,0.,1.));
#4933=DIRECTION('ref_axis',(-0.94482885357821,0.327564401982398,0.));
#4934=DIRECTION('center_axis',(-0.707106781186549,-5.53383083667614E-15,
0.707106781186546));
#4935=DIRECTION('ref_axis',(-0.707106781186546,-5.45607129392611E-15,-0.707106781186549));
#4936=DIRECTION('',(0.,1.,7.82601862110587E-15));
#4937=DIRECTION('',(-0.707106781186546,-5.45607129392611E-15,-0.707106781186549));
#4938=DIRECTION('',(7.82601862110583E-15,-1.,0.));
#4939=DIRECTION('center_axis',(0.,0.,-1.));
#4940=DIRECTION('ref_axis',(-0.999975000624947,-0.00707093523782728,0.));
#4941=DIRECTION('',(-0.668094889425862,-0.23162300991707,-0.707106781186549));
#4942=DIRECTION('center_axis',(0.,0.,1.));
#4943=DIRECTION('ref_axis',(-0.999975000624947,-0.00707093523782728,0.));
#4944=DIRECTION('center_axis',(0.,0.,1.));
#4945=DIRECTION('ref_axis',(0.944829199882626,0.327563403098022,0.));
#4946=DIRECTION('',(0.231614902022378,0.668097700311236,-0.707106781186549));
#4947=DIRECTION('center_axis',(0.,0.,-1.));
#4948=DIRECTION('ref_axis',(0.944829199882626,0.327563403098022,0.));
#4949=DIRECTION('center_axis',(0.,0.,-1.));
#4950=DIRECTION('ref_axis',(0.327573869994665,0.944825571042993,0.));
#4951=DIRECTION('',(0.00499991777686812,0.707089103877455,-0.707106781186549));
#4952=DIRECTION('center_axis',(0.,0.,1.));
#4953=DIRECTION('ref_axis',(0.327573869994665,0.944825571042993,0.));
#4954=DIRECTION('center_axis',(0.,0.707106781186549,0.707106781186546));
#4955=DIRECTION('ref_axis',(7.85046229341886E-17,0.707106781186547,-0.707106781186549));
#4956=DIRECTION('',(7.85046229341886E-17,0.707106781186546,-0.707106781186549));
#4957=DIRECTION('',(-1.,0.,0.));
#4958=DIRECTION('center_axis',(0.,0.,-1.));
#4959=DIRECTION('ref_axis',(-0.00707095153079711,0.999975000509737,0.));
#4960=DIRECTION('',(-0.231629704812748,0.668092568322951,-0.707106781186549));
#4961=DIRECTION('center_axis',(0.,0.,1.));
#4962=DIRECTION('ref_axis',(-0.00707095153079712,0.999975000509737,0.));
#4963=DIRECTION('center_axis',(0.,0.,1.));
#4964=DIRECTION('ref_axis',(0.327553934575976,-0.944832482477078,0.));
#4965=DIRECTION('',(0.668095134300064,-0.231622303599154,-0.707106781186549));
#4966=DIRECTION('center_axis',(0.,0.,-1.));
#4967=DIRECTION('ref_axis',(0.327553934575976,-0.944832482477078,0.));
#4968=DIRECTION('center_axis',(0.,0.,-1.));
#4969=DIRECTION('ref_axis',(0.94482885357821,-0.327564401982398,0.));
#4970=DIRECTION('',(0.707089109244336,-0.00499915873420881,-0.707106781186549));
#4971=DIRECTION('center_axis',(0.,0.,1.));
#4972=DIRECTION('ref_axis',(0.94482885357821,-0.327564401982398,0.));
#4973=DIRECTION('center_axis',(0.707106781186549,0.,0.707106781186546));
#4974=DIRECTION('ref_axis',(0.707106781186547,-1.96261557335471E-16,-0.707106781186549));
#4975=DIRECTION('',(0.707106781186546,-1.96261557335471E-16,-0.707106781186549));
#4976=DIRECTION('',(0.,1.,0.));
#4977=DIRECTION('center_axis',(0.,0.,-1.));
#4978=DIRECTION('ref_axis',(0.999975000624987,0.00707093523207925,0.));
#4979=DIRECTION('center_axis',(0.,0.,-1.));
#4980=DIRECTION('ref_axis',(0.999975000624987,-0.00707093523211144,0.));
#4981=DIRECTION('',(0.668094889425863,0.23162300991707,-0.707106781186549));
#4982=DIRECTION('center_axis',(0.,0.,1.));
#4983=DIRECTION('ref_axis',(0.999975000624988,0.00707093523207925,0.));
#4984=DIRECTION('center_axis',(0.,0.,1.));
#4985=DIRECTION('ref_axis',(-0.944829199882626,-0.327563403098022,0.));
#4986=DIRECTION('center_axis',(0.,0.,1.));
#4987=DIRECTION('ref_axis',(0.327553934575976,0.944832482477078,0.));
#4988=DIRECTION('',(-0.231614902022378,-0.668097700311237,-0.707106781186549));
#4989=DIRECTION('center_axis',(0.,0.,-1.));
#4990=DIRECTION('ref_axis',(-0.944829199882626,-0.327563403098022,0.));
#4991=DIRECTION('center_axis',(0.,0.,-1.));
#4992=DIRECTION('ref_axis',(-0.327573869994666,-0.944825571042993,0.));
#4993=DIRECTION('center_axis',(0.,0.,-1.));
#4994=DIRECTION('ref_axis',(-0.327573869994666,-0.944825571042993,0.));
#4995=DIRECTION('center_axis',(0.,0.,1.));
#4996=DIRECTION('ref_axis',(-0.327573869994666,-0.944825571042993,0.));
#4997=DIRECTION('center_axis',(0.,0.,1.));
#4998=DIRECTION('ref_axis',(1.,0.,0.));
#4999=DIRECTION('center_axis',(0.,0.,1.));
#5000=DIRECTION('ref_axis',(1.,0.,0.));
#5001=DIRECTION('',(0.,0.,1.));
#5002=DIRECTION('center_axis',(0.,0.,-1.));
#5003=DIRECTION('ref_axis',(1.,0.,0.));
#5004=DIRECTION('center_axis',(0.,0.,-1.));
#5005=DIRECTION('ref_axis',(1.,0.,0.));
#5006=DIRECTION('',(0.371390676354104,-4.54822403030224E-17,0.928476690885259));
#5007=DIRECTION('center_axis',(0.,0.,1.));
#5008=DIRECTION('ref_axis',(1.,0.,0.));
#5009=DIRECTION('center_axis',(0.,0.,1.));
#5010=DIRECTION('ref_axis',(1.,0.,0.));
#5011=DIRECTION('',(0.,0.,1.));
#5012=DIRECTION('center_axis',(0.,0.,-1.));
#5013=DIRECTION('ref_axis',(1.,0.,0.));
#5014=DIRECTION('center_axis',(0.,0.,-1.));
#5015=DIRECTION('ref_axis',(1.,0.,0.));
#5016=DIRECTION('',(0.371390676354104,-4.54822403030224E-17,0.928476690885259));
#5017=DIRECTION('center_axis',(0.,0.,1.));
#5018=DIRECTION('ref_axis',(1.,0.,0.));
#5019=DIRECTION('center_axis',(0.,0.,1.));
#5020=DIRECTION('ref_axis',(1.,0.,0.));
#5021=DIRECTION('',(0.,0.,1.));
#5022=DIRECTION('center_axis',(0.,0.,-1.));
#5023=DIRECTION('ref_axis',(-1.,0.,0.));
#5024=DIRECTION('center_axis',(0.,0.,-1.));
#5025=DIRECTION('ref_axis',(1.,0.,0.));
#5026=DIRECTION('center_axis',(0.,0.,-1.));
#5027=DIRECTION('ref_axis',(1.,0.,0.));
#5028=DIRECTION('',(0.371390676354104,-4.54822403030224E-17,0.928476690885259));
#5029=DIRECTION('center_axis',(1.,-1.20760422970888E-16,0.));
#5030=DIRECTION('ref_axis',(-1.20760422970888E-16,-1.,0.));
#5031=DIRECTION('',(0.,0.,1.));
#5032=DIRECTION('center_axis',(0.,0.,-1.));
#5033=DIRECTION('ref_axis',(1.,-1.39295982156109E-12,0.));
#5034=DIRECTION('',(0.,0.,1.));
#5035=DIRECTION('center_axis',(0.,0.,-1.));
#5036=DIRECTION('ref_axis',(0.32756390255337,0.944829026726003,0.));
#5037=DIRECTION('',(0.,0.,1.));
#5038=DIRECTION('center_axis',(0.,0.,-1.));
#5039=DIRECTION('ref_axis',(-0.327563902552531,-0.944829026726294,0.));
#5040=DIRECTION('',(0.,0.,1.));
#5041=DIRECTION('center_axis',(0.,-1.,0.));
#5042=DIRECTION('ref_axis',(-1.,0.,0.));
#5043=DIRECTION('',(0.,0.,1.));
#5044=DIRECTION('center_axis',(0.,0.,-1.));
#5045=DIRECTION('ref_axis',(0.,-1.,0.));
#5046=DIRECTION('',(0.,0.,1.));
#5047=DIRECTION('center_axis',(0.,0.,-1.));
#5048=DIRECTION('ref_axis',(0.944829026726005,-0.327563902553366,0.));
#5049=DIRECTION('',(0.,0.,1.));
#5050=DIRECTION('center_axis',(0.,0.,-1.));
#5051=DIRECTION('ref_axis',(-0.944829026726293,0.327563902552534,0.));
#5052=DIRECTION('',(0.,0.,1.));
#5053=DIRECTION('center_axis',(-1.,0.,0.));
#5054=DIRECTION('ref_axis',(0.,1.,0.));
#5055=DIRECTION('',(0.,0.,1.));
#5056=DIRECTION('center_axis',(0.,1.,0.));
#5057=DIRECTION('ref_axis',(-1.,0.,0.));
#5058=DIRECTION('',(0.,0.,-1.));
#5059=DIRECTION('center_axis',(0.707106781186548,-0.707106781186548,0.));
#5060=DIRECTION('ref_axis',(0.,0.,-1.));
#5061=DIRECTION('',(0.,0.,1.));
#5062=DIRECTION('center_axis',(1.,0.,0.));
#5063=DIRECTION('ref_axis',(0.,-1.,0.));
#5064=DIRECTION('',(0.,0.,1.));
#5065=DIRECTION('center_axis',(0.,0.,-1.));
#5066=DIRECTION('ref_axis',(-0.94482885357821,0.327564401982398,0.));
#5067=DIRECTION('',(0.,0.,1.));
#5068=DIRECTION('center_axis',(0.,0.,-1.));
#5069=DIRECTION('ref_axis',(0.944829199882626,-0.327563403098022,0.));
#5070=DIRECTION('',(0.,0.,1.));
#5071=DIRECTION('center_axis',(0.,0.,-1.));
#5072=DIRECTION('ref_axis',(0.00707095153079711,-0.999975000509737,0.));
#5073=DIRECTION('',(0.,0.,1.));
#5074=DIRECTION('center_axis',(0.,1.,0.));
#5075=DIRECTION('ref_axis',(1.,0.,0.));
#5076=DIRECTION('',(0.,0.,1.));
#5077=DIRECTION('center_axis',(0.,0.,-1.));
#5078=DIRECTION('ref_axis',(-0.327573869994666,-0.944825571042993,0.));
#5079=DIRECTION('',(0.,0.,1.));
#5080=DIRECTION('center_axis',(0.,0.,-1.));
#5081=DIRECTION('ref_axis',(0.327553934575976,0.944832482477078,0.));
#5082=DIRECTION('',(0.,0.,1.));
#5083=DIRECTION('center_axis',(0.,0.,-1.));
#5084=DIRECTION('ref_axis',(0.999975000624987,-0.00707093523211144,0.));
#5085=DIRECTION('center_axis',(0.25881904510252,-0.965925826289069,0.));
#5086=DIRECTION('ref_axis',(0.965925826289068,0.25881904510252,0.));
#5087=DIRECTION('',(0.965925826289068,0.25881904510252,0.));
#5088=DIRECTION('',(0.,0.,1.));
#5089=DIRECTION('',(0.965925826289068,0.25881904510252,0.));
#5090=DIRECTION('',(0.,0.,-1.));
#5091=DIRECTION('center_axis',(0.965925826289069,-0.258819045102519,0.));
#5092=DIRECTION('ref_axis',(0.258819045102519,0.965925826289069,0.));
#5093=DIRECTION('',(0.258819045102519,0.965925826289069,0.));
#5094=DIRECTION('',(0.258819045102519,0.965925826289069,0.));
#5095=DIRECTION('',(0.,0.,-1.));
#5096=DIRECTION('center_axis',(0.965925826289068,0.258819045102521,0.));
#5097=DIRECTION('ref_axis',(-0.258819045102521,0.965925826289068,0.));
#5098=DIRECTION('',(-0.258819045102521,0.965925826289068,0.));
#5099=DIRECTION('',(0.,0.,1.));
#5100=DIRECTION('',(-0.258819045102521,0.965925826289068,0.));
#5101=DIRECTION('',(0.,0.,-1.));
#5102=DIRECTION('center_axis',(0.258819045102521,0.965925826289068,0.));
#5103=DIRECTION('ref_axis',(-0.965925826289068,0.258819045102521,0.));
#5104=DIRECTION('',(-0.965925826289068,0.258819045102521,0.));
#5105=DIRECTION('',(-0.965925826289068,0.258819045102521,0.));
#5106=DIRECTION('',(0.,0.,-1.));
#5107=DIRECTION('center_axis',(-0.965925826289069,-0.25881904510252,0.));
#5108=DIRECTION('ref_axis',(0.25881904510252,-0.965925826289069,0.));
#5109=DIRECTION('',(0.25881904510252,-0.965925826289069,0.));
#5110=DIRECTION('',(0.,0.,1.));
#5111=DIRECTION('',(0.25881904510252,-0.965925826289069,0.));
#5112=DIRECTION('',(0.,0.,-1.));
#5113=DIRECTION('center_axis',(-0.25881904510252,-0.965925826289069,0.));
#5114=DIRECTION('ref_axis',(0.965925826289069,-0.25881904510252,0.));
#5115=DIRECTION('',(0.965925826289069,-0.25881904510252,0.));
#5116=DIRECTION('',(0.965925826289069,-0.25881904510252,0.));
#5117=DIRECTION('',(0.,0.,-1.));
#5118=DIRECTION('center_axis',(-0.965925826289068,0.258819045102521,0.));
#5119=DIRECTION('ref_axis',(-0.25881904510252,-0.965925826289068,0.));
#5120=DIRECTION('',(-0.25881904510252,-0.965925826289068,0.));
#5121=DIRECTION('',(0.,0.,1.));
#5122=DIRECTION('',(-0.25881904510252,-0.965925826289068,0.));
#5123=DIRECTION('',(0.,0.,-1.));
#5124=DIRECTION('center_axis',(-0.258819045102519,0.965925826289069,0.));
#5125=DIRECTION('ref_axis',(-0.965925826289069,-0.258819045102519,0.));
#5126=DIRECTION('',(-0.965925826289069,-0.258819045102519,0.));
#5127=DIRECTION('',(0.,0.,1.));
#5128=DIRECTION('',(-0.965925826289069,-0.258819045102519,0.));
#5129=DIRECTION('center_axis',(0.,0.,-1.));
#5130=DIRECTION('ref_axis',(0.707106781186547,-0.707106781186548,0.));
#5131=DIRECTION('center_axis',(0.,0.,-1.));
#5132=DIRECTION('ref_axis',(-0.944829026726004,-0.327563902553367,0.));
#5133=DIRECTION('',(0.,0.,-1.));
#5134=DIRECTION('center_axis',(0.,0.,1.));
#5135=DIRECTION('ref_axis',(1.,0.,0.));
#5136=DIRECTION('',(0.,0.,1.));
#5137=DIRECTION('center_axis',(0.,0.,-1.));
#5138=DIRECTION('ref_axis',(-0.944829026726004,-0.327563902553367,0.));
#5139=DIRECTION('center_axis',(0.,0.,-1.));
#5140=DIRECTION('ref_axis',(-0.944829026726004,-0.327563902553367,0.));
#5141=DIRECTION('center_axis',(0.,0.,-1.));
#5142=DIRECTION('ref_axis',(0.707106781186548,0.707106781186547,0.));
#5143=DIRECTION('center_axis',(0.,0.,-1.));
#5144=DIRECTION('ref_axis',(0.327563902553371,-0.944829026726003,0.));
#5145=DIRECTION('',(0.,0.,-1.));
#5146=DIRECTION('center_axis',(0.,0.,1.));
#5147=DIRECTION('ref_axis',(1.,0.,0.));
#5148=DIRECTION('',(0.,0.,1.));
#5149=DIRECTION('center_axis',(0.,0.,-1.));
#5150=DIRECTION('ref_axis',(0.327563902553371,-0.944829026726003,0.));
#5151=DIRECTION('center_axis',(0.,0.,-1.));
#5152=DIRECTION('ref_axis',(0.327563902553371,-0.944829026726003,0.));
#5153=DIRECTION('center_axis',(0.,0.,-1.));
#5154=DIRECTION('ref_axis',(-0.707106781186548,-0.707106781186547,0.));
#5155=DIRECTION('center_axis',(0.,0.,-1.));
#5156=DIRECTION('ref_axis',(-0.32756390255337,0.944829026726003,0.));
#5157=DIRECTION('',(0.,0.,-1.));
#5158=DIRECTION('center_axis',(0.,0.,1.));
#5159=DIRECTION('ref_axis',(-1.,0.,0.));
#5160=DIRECTION('',(0.,0.,1.));
#5161=DIRECTION('center_axis',(0.,0.,-1.));
#5162=DIRECTION('ref_axis',(-0.32756390255337,0.944829026726003,0.));
#5163=DIRECTION('center_axis',(0.,0.,1.));
#5164=DIRECTION('ref_axis',(-0.32756390255337,0.944829026726003,0.));
#5165=DIRECTION('center_axis',(0.,0.,-1.));
#5166=DIRECTION('ref_axis',(1.,0.,0.));
#5167=DIRECTION('center_axis',(0.,0.,-1.));
#5168=DIRECTION('ref_axis',(0.944829026726004,0.327563902553368,0.));
#5169=DIRECTION('center_axis',(0.,0.,-1.));
#5170=DIRECTION('ref_axis',(-0.707106781186544,0.707106781186551,0.));
#5171=DIRECTION('center_axis',(0.,0.,-1.));
#5172=DIRECTION('ref_axis',(0.944829026726004,0.327563902553368,0.));
#5173=DIRECTION('',(0.,0.,-1.));
#5174=DIRECTION('center_axis',(0.,0.,1.));
#5175=DIRECTION('ref_axis',(-1.,0.,0.));
#5176=DIRECTION('',(0.,0.,1.));
#5177=DIRECTION('center_axis',(0.,0.,-1.));
#5178=DIRECTION('ref_axis',(0.944829026726004,0.327563902553368,0.));
#5179=DIRECTION('center_axis',(0.707106781186548,0.707106781186548,0.));
#5180=DIRECTION('ref_axis',(0.,0.,-1.));
#5181=DIRECTION('',(-0.577350269189592,0.577350269189592,-0.577350269189694));
#5182=DIRECTION('',(0.,0.,1.));
#5183=DIRECTION('',(-0.707106781186548,0.707106781186548,0.));
#5184=DIRECTION('',(0.,0.,-1.));
#5185=DIRECTION('center_axis',(0.70710678118661,0.,-0.707106781186485));
#5186=DIRECTION('ref_axis',(-0.707106781186485,0.,-0.70710678118661));
#5187=DIRECTION('',(0.,-1.,0.));
#5188=DIRECTION('',(0.577350269189591,0.577350269189593,0.577350269189693));
#5189=DIRECTION('',(0.,1.,0.));
#5190=DIRECTION('center_axis',(1.,0.,0.));
#5191=DIRECTION('ref_axis',(0.,1.,0.));
#5192=DIRECTION('',(0.,1.,0.));
#5193=DIRECTION('',(0.,0.,1.));
#5194=DIRECTION('',(0.,-1.,7.82601862110585E-15));
#5195=DIRECTION('',(0.,0.,1.));
#5196=DIRECTION('',(0.,1.,0.));
#5197=DIRECTION('',(0.,0.,1.));
#5198=DIRECTION('center_axis',(0.707106781186549,-0.707106781186546,0.));
#5199=DIRECTION('ref_axis',(0.,0.,-1.));
#5200=DIRECTION('',(0.707106781186546,0.707106781186549,0.));
#5201=DIRECTION('',(0.,0.,-1.));
#5202=DIRECTION('center_axis',(0.,-1.,0.));
#5203=DIRECTION('ref_axis',(-1.,0.,0.));
#5204=DIRECTION('',(1.,0.,0.));
#5205=DIRECTION('',(0.,0.,-1.));
#5206=DIRECTION('',(1.,0.,0.));
#5207=DIRECTION('center_axis',(0.,1.,0.));
#5208=DIRECTION('ref_axis',(1.,0.,0.));
#5209=DIRECTION('',(-1.,0.,0.));
#5210=DIRECTION('',(0.,0.,-1.));
#5211=DIRECTION('',(-1.,0.,0.));
#5212=DIRECTION('center_axis',(0.,0.,1.));
#5213=DIRECTION('ref_axis',(1.,0.,0.));
#5214=DIRECTION('center_axis',(0.,0.,-1.));
#5215=DIRECTION('ref_axis',(-0.999975000624987,0.00707093523211172,0.));
#5216=DIRECTION('center_axis',(0.,0.,1.));
#5217=DIRECTION('ref_axis',(-0.327553934575976,-0.944832482477078,0.));
#5218=DIRECTION('center_axis',(0.,0.,-1.));
#5219=DIRECTION('ref_axis',(0.327573869994665,0.944825571042993,0.));
#5220=DIRECTION('',(1.,1.87393789640582E-16,0.));
#5221=DIRECTION('center_axis',(0.,0.,-1.));
#5222=DIRECTION('ref_axis',(-0.00707095153079712,0.999975000509737,0.));
#5223=DIRECTION('center_axis',(0.,0.,1.));
#5224=DIRECTION('ref_axis',(-0.944829199882626,0.327563403098022,0.));
#5225=DIRECTION('center_axis',(0.,0.,-1.));
#5226=DIRECTION('ref_axis',(0.94482885357821,-0.327564401982398,0.));
#5227=DIRECTION('',(-1.52642945640489E-16,-1.,0.));
#5228=DIRECTION('',(-0.847998304005088,-0.52999894000318,0.));
#5229=DIRECTION('',(-1.,2.22044604925031E-16,0.));
#5230=DIRECTION('',(1.20760422970888E-16,1.,0.));
#5231=DIRECTION('center_axis',(0.,0.,-1.));
#5232=DIRECTION('ref_axis',(1.,0.,0.));
#5233=DIRECTION('center_axis',(0.,0.,-1.));
#5234=DIRECTION('ref_axis',(0.,1.,0.));
#5235=DIRECTION('',(-1.,-1.88304134060585E-16,0.));
#5236=DIRECTION('',(0.,1.,0.));
#5237=DIRECTION('',(-1.,0.,0.));
#5238=DIRECTION('',(0.,-1.,0.));
#5239=DIRECTION('',(-1.,-1.88304134060585E-16,0.));
#5240=DIRECTION('center_axis',(0.,0.,-1.));
#5241=DIRECTION('ref_axis',(0.,1.,0.));
#5242=DIRECTION('center_axis',(0.,0.,-1.));
#5243=DIRECTION('ref_axis',(-1.,0.,0.));
#5244=DIRECTION('',(0.,-1.,0.));
#5245=DIRECTION('center_axis',(0.,0.,1.));
#5246=DIRECTION('ref_axis',(1.,0.,0.));
#5247=DIRECTION('',(0.,-1.,0.));
#5248=DIRECTION('center_axis',(0.,0.,1.));
#5249=DIRECTION('ref_axis',(1.,0.,0.));
#5250=DIRECTION('',(0.,-1.,0.));
#5251=DIRECTION('center_axis',(0.,0.,-1.));
#5252=DIRECTION('ref_axis',(-1.,0.,0.));
#5253=DIRECTION('center_axis',(0.,0.,-1.));
#5254=DIRECTION('ref_axis',(0.,-1.,0.));
#5255=DIRECTION('',(1.,0.,0.));
#5256=DIRECTION('',(0.,-1.,0.));
#5257=DIRECTION('',(1.,0.,0.));
#5258=DIRECTION('',(0.,1.,0.));
#5259=DIRECTION('',(1.,0.,0.));
#5260=DIRECTION('center_axis',(0.,0.,-1.));
#5261=DIRECTION('ref_axis',(0.,-1.,0.));
#5262=DIRECTION('center_axis',(0.,0.,-1.));
#5263=DIRECTION('ref_axis',(1.,0.,0.));
#5264=DIRECTION('',(1.20760422970888E-16,1.,0.));
#5265=DIRECTION('',(1.,-2.22044604925031E-16,0.));
#5266=DIRECTION('',(0.847998304005089,-0.529998940003179,0.));
#5267=DIRECTION('',(-1.52642945640489E-16,-1.,0.));
#5268=DIRECTION('center_axis',(0.,0.,-1.));
#5269=DIRECTION('ref_axis',(0.999975000624987,-0.00707093523211144,0.));
#5270=DIRECTION('center_axis',(0.,0.,1.));
#5271=DIRECTION('ref_axis',(0.327553934575976,0.944832482477078,0.));
#5272=DIRECTION('center_axis',(0.,0.,-1.));
#5273=DIRECTION('ref_axis',(-0.327573869994666,-0.944825571042993,0.));
#5274=DIRECTION('',(-1.,0.,0.));
#5275=DIRECTION('center_axis',(0.,0.,-1.));
#5276=DIRECTION('ref_axis',(0.00707095153079711,-0.999975000509737,0.));
#5277=DIRECTION('center_axis',(0.,0.,1.));
#5278=DIRECTION('ref_axis',(0.944829199882626,-0.327563403098022,0.));
#5279=DIRECTION('center_axis',(0.,0.,-1.));
#5280=DIRECTION('ref_axis',(-0.94482885357821,0.327564401982398,0.));
#5281=DIRECTION('center_axis',(-1.88304134060585E-16,1.,0.));
#5282=DIRECTION('ref_axis',(-1.,-1.88304134060585E-16,0.));
#5283=DIRECTION('',(0.,0.,1.));
#5284=DIRECTION('',(1.,2.99323214887715E-13,0.));
#5285=DIRECTION('',(0.,0.,1.));
#5286=DIRECTION('center_axis',(0.,-1.,0.));
#5287=DIRECTION('ref_axis',(1.,0.,0.));
#5288=DIRECTION('',(-1.,-2.99357376105142E-13,0.));
#5289=DIRECTION('',(0.,0.,-1.));
#5290=DIRECTION('',(0.,0.,-1.));
#5291=DIRECTION('center_axis',(1.,0.,0.));
#5292=DIRECTION('ref_axis',(0.,0.,1.));
#5293=DIRECTION('',(0.,0.,1.));
#5294=DIRECTION('',(0.,-2.13921268270515E-14,-1.));
#5295=DIRECTION('',(0.,-0.642787609686538,-0.766044443118979));
#5296=DIRECTION('',(0.,-0.642787609686553,0.766044443118966));
#5297=DIRECTION('',(0.,1.,-1.85037170770855E-15));
#5298=DIRECTION('center_axis',(0.,-1.85037170770855E-15,-1.));
#5299=DIRECTION('ref_axis',(0.,1.,-1.85037170770855E-15));
#5300=DIRECTION('',(1.,0.,0.));
#5301=DIRECTION('',(0.,1.,-1.85037170770855E-15));
#5302=DIRECTION('center_axis',(0.,0.,-1.));
#5303=DIRECTION('ref_axis',(0.,-1.,0.));
#5304=DIRECTION('center_axis',(0.,0.,-1.));
#5305=DIRECTION('ref_axis',(-1.,0.,0.));
#5306=DIRECTION('',(-3.65356369837438E-13,1.,0.));
#5307=DIRECTION('center_axis',(0.,0.,-1.));
#5308=DIRECTION('ref_axis',(-1.,0.,0.));
#5309=DIRECTION('center_axis',(0.,0.,-1.));
#5310=DIRECTION('ref_axis',(0.,1.,0.));
#5311=DIRECTION('',(0.,-1.,-1.85037170770855E-15));
#5312=DIRECTION('',(1.,0.,0.));
#5313=DIRECTION('',(0.,-1.,-1.85037170770855E-15));
#5314=DIRECTION('',(1.,2.99323214887715E-13,0.));
#5315=DIRECTION('center_axis',(0.,0.,-1.));
#5316=DIRECTION('ref_axis',(0.,1.,0.));
#5317=DIRECTION('center_axis',(0.,0.,-1.));
#5318=DIRECTION('ref_axis',(1.,0.,0.));
#5319=DIRECTION('',(2.23796900364043E-12,-1.,0.));
#5320=DIRECTION('center_axis',(0.,0.,-1.));
#5321=DIRECTION('ref_axis',(1.,0.,0.));
#5322=DIRECTION('center_axis',(0.,0.,-1.));
#5323=DIRECTION('ref_axis',(0.,-1.,0.));
#5324=DIRECTION('',(-1.,-2.99357376105142E-13,0.));
#5325=DIRECTION('center_axis',(-1.,0.,0.));
#5326=DIRECTION('ref_axis',(0.,0.,-1.));
#5327=DIRECTION('',(0.,0.642787609686553,-0.766044443118966));
#5328=DIRECTION('',(0.,0.642787609686538,0.766044443118979));
#5329=DIRECTION('',(0.,-2.13921268270515E-14,-1.));
#5330=DIRECTION('center_axis',(0.,-1.,2.13921268270515E-14));
#5331=DIRECTION('ref_axis',(0.,-2.13921268270515E-14,-1.));
#5332=DIRECTION('',(-1.,0.,0.));
#5333=DIRECTION('center_axis',(0.,-0.766044443118979,0.642787609686538));
#5334=DIRECTION('ref_axis',(0.,-0.642787609686538,-0.766044443118979));
#5335=DIRECTION('',(-1.,0.,0.));
#5336=DIRECTION('center_axis',(0.,-0.766044443118966,-0.642787609686553));
#5337=DIRECTION('ref_axis',(0.,0.642787609686553,-0.766044443118966));
#5338=DIRECTION('center_axis',(-1.,0.,0.));
#5339=DIRECTION('ref_axis',(0.,0.,1.));
#5340=DIRECTION('',(0.,0.,-1.));
#5341=DIRECTION('',(0.,0.642787609686553,0.766044443118966));
#5342=DIRECTION('',(0.,-0.642787609686538,0.766044443118979));
#5343=DIRECTION('',(0.,2.13921268270515E-14,-1.));
#5344=DIRECTION('center_axis',(0.,-1.,-2.13921268270515E-14));
#5345=DIRECTION('ref_axis',(0.,2.13921268270515E-14,-1.));
#5346=DIRECTION('',(1.,0.,0.));
#5347=DIRECTION('',(0.,2.13921268270515E-14,-1.));
#5348=DIRECTION('center_axis',(0.,-0.766044443118979,-0.642787609686538));
#5349=DIRECTION('ref_axis',(0.,0.642787609686538,-0.766044443118979));
#5350=DIRECTION('',(1.,0.,0.));
#5351=DIRECTION('',(0.,0.642787609686538,-0.766044443118979));
#5352=DIRECTION('center_axis',(0.,-0.766044443118966,0.642787609686553));
#5353=DIRECTION('ref_axis',(0.,-0.642787609686553,-0.766044443118966));
#5354=DIRECTION('',(0.,-0.642787609686553,-0.766044443118966));
#5355=DIRECTION('center_axis',(1.,0.,0.));
#5356=DIRECTION('ref_axis',(0.,0.,-1.));
#5357=DIRECTION('center_axis',(0.,-1.,0.));
#5358=DIRECTION('ref_axis',(1.,0.,0.));
#5359=DIRECTION('',(0.,0.,1.));
#5360=DIRECTION('center_axis',(0.,0.,-1.));
#5361=DIRECTION('ref_axis',(1.,0.,0.));
#5362=DIRECTION('center_axis',(0.,0.,-1.));
#5363=DIRECTION('ref_axis',(1.,0.,0.));
#5364=DIRECTION('center_axis',(0.,0.,-1.));
#5365=DIRECTION('ref_axis',(1.,0.,0.));
#5366=DIRECTION('center_axis',(0.,0.,1.));
#5367=DIRECTION('ref_axis',(0.,-1.,0.));
#5368=DIRECTION('center_axis',(0.,0.,-1.));
#5369=DIRECTION('ref_axis',(1.,0.,0.));
#5370=DIRECTION('',(0.,0.,-1.));
#5371=DIRECTION('center_axis',(1.,-1.20760422970888E-16,0.));
#5372=DIRECTION('ref_axis',(1.20760422970888E-16,1.,0.));
#5373=DIRECTION('',(0.,0.,1.));
#5374=DIRECTION('',(0.,0.,1.));
#5375=DIRECTION('center_axis',(1.,-1.20760422970888E-16,0.));
#5376=DIRECTION('ref_axis',(0.,-0.707106781186549,0.707106781186546));
#5377=DIRECTION('',(2.23796900364043E-12,-1.,0.));
#5378=DIRECTION('center_axis',(1.,-1.20760422970888E-16,0.));
#5379=DIRECTION('ref_axis',(0.,0.707106781186549,0.707106781186546));
#5380=DIRECTION('',(0.,0.,1.));
#5381=DIRECTION('center_axis',(0.,0.,1.));
#5382=DIRECTION('ref_axis',(-1.,0.,0.));
#5383=DIRECTION('',(0.,0.,1.));
#5384=DIRECTION('center_axis',(0.,0.,-1.));
#5385=DIRECTION('ref_axis',(0.,-1.,0.));
#5386=DIRECTION('center_axis',(0.,0.,1.));
#5387=DIRECTION('ref_axis',(0.,1.,0.));
#5388=DIRECTION('center_axis',(-1.88304134060585E-16,1.,0.));
#5389=DIRECTION('ref_axis',(-1.,-1.88304134060585E-16,0.));
#5390=DIRECTION('',(0.,0.,-1.));
#5391=DIRECTION('center_axis',(0.,0.,-1.));
#5392=DIRECTION('ref_axis',(-1.,0.,0.));
#5393=DIRECTION('',(0.,0.,-1.));
#5394=DIRECTION('center_axis',(-1.,0.,0.));
#5395=DIRECTION('ref_axis',(0.,-1.,0.));
#5396=DIRECTION('center_axis',(0.,0.,-1.));
#5397=DIRECTION('ref_axis',(0.,1.,0.));
#5398=DIRECTION('center_axis',(0.,0.,1.));
#5399=DIRECTION('ref_axis',(1.,0.,0.));
#5400=DIRECTION('center_axis',(0.,0.,1.));
#5401=DIRECTION('ref_axis',(0.327573869994665,-0.944825571042993,0.));
#5402=DIRECTION('',(0.231614902022378,-0.668097700311238,0.707106781186547));
#5403=DIRECTION('center_axis',(0.,0.,1.));
#5404=DIRECTION('ref_axis',(0.00707095153079711,-0.999975000509737,0.));
#5405=DIRECTION('',(0.004999917776868,-0.707089103877457,0.707106781186547));
#5406=DIRECTION('center_axis',(0.,0.,-1.));
#5407=DIRECTION('ref_axis',(0.327573869994665,-0.944825571042993,0.));
#5408=DIRECTION('center_axis',(0.,0.,-1.));
#5409=DIRECTION('ref_axis',(0.944829199882625,-0.327563403098023,0.));
#5410=DIRECTION('',(-0.668094889425864,0.23162300991707,0.707106781186547));
#5411=DIRECTION('center_axis',(0.,0.,-1.));
#5412=DIRECTION('ref_axis',(0.944829199882626,-0.327563403098022,0.));
#5413=DIRECTION('center_axis',(0.,0.,1.));
#5414=DIRECTION('ref_axis',(0.944829199882625,-0.327563403098023,0.));
#5415=DIRECTION('center_axis',(0.,0.,1.));
#5416=DIRECTION('ref_axis',(-0.999975000624736,0.00707093526763481,0.));
#5417=DIRECTION('',(-0.707106781186548,-5.49532360539321E-15,0.707106781186547));
#5418=DIRECTION('center_axis',(0.,0.,1.));
#5419=DIRECTION('ref_axis',(-0.94482885357821,0.327564401982398,0.));
#5420=DIRECTION('center_axis',(0.,0.,-1.));
#5421=DIRECTION('ref_axis',(-0.999975000624736,0.00707093526763481,0.));
#5422=DIRECTION('center_axis',(-0.707106781186548,-5.53383083667613E-15,
-0.707106781186547));
#5423=DIRECTION('ref_axis',(-0.707106781186548,-5.49532360539321E-15,0.707106781186547));
#5424=DIRECTION('',(-0.707089109244487,-0.00499915871308415,0.707106781186547));
#5425=DIRECTION('',(-7.82601862110583E-15,1.,0.));
#5426=DIRECTION('center_axis',(0.,0.,1.));
#5427=DIRECTION('ref_axis',(-0.944828853578213,-0.327564401982388,0.));
#5428=DIRECTION('',(-0.668095134300065,-0.231622303599154,0.707106781186547));
#5429=DIRECTION('center_axis',(0.,0.,1.));
#5430=DIRECTION('ref_axis',(-0.999975000624987,0.00707093523211172,0.));
#5431=DIRECTION('center_axis',(0.,0.,-1.));
#5432=DIRECTION('ref_axis',(-0.944828853578213,-0.327564401982388,0.));
#5433=DIRECTION('center_axis',(0.,0.,-1.));
#5434=DIRECTION('ref_axis',(-0.327553934575976,-0.944832482477078,0.));
#5435=DIRECTION('',(0.231629704812746,0.668092568322954,0.707106781186547));
#5436=DIRECTION('center_axis',(0.,0.,-1.));
#5437=DIRECTION('ref_axis',(-0.327553934575976,-0.944832482477078,0.));
#5438=DIRECTION('center_axis',(0.,0.,1.));
#5439=DIRECTION('ref_axis',(-0.327553934575976,-0.944832482477077,0.));
#5440=DIRECTION('center_axis',(0.,0.,1.));
#5441=DIRECTION('ref_axis',(0.00707095153079703,0.999975000509737,0.));
#5442=DIRECTION('',(3.92523114670944E-17,0.707106781186548,0.707106781186547));
#5443=DIRECTION('center_axis',(0.,0.,1.));
#5444=DIRECTION('ref_axis',(0.327573869994665,0.944825571042993,0.));
#5445=DIRECTION('center_axis',(0.,0.,-1.));
#5446=DIRECTION('ref_axis',(0.00707095153079703,0.999975000509737,0.));
#5447=DIRECTION('center_axis',(5.93963864380256E-17,0.707106781186548,-0.707106781186547));
#5448=DIRECTION('ref_axis',(3.92523114670944E-17,0.707106781186548,0.707106781186547));
#5449=DIRECTION('',(-0.0049999177768667,0.707089103877457,0.707106781186547));
#5450=DIRECTION('',(-1.,-1.87393789640582E-16,-2.71392964897191E-16));
#5451=DIRECTION('',(1.,-8.39991752566092E-17,0.));
#5452=DIRECTION('center_axis',(0.,0.,1.));
#5453=DIRECTION('ref_axis',(-0.327573869994667,0.944825571042992,0.));
#5454=DIRECTION('',(-0.231614902022379,0.668097700311237,0.707106781186547));
#5455=DIRECTION('center_axis',(0.,0.,1.));
#5456=DIRECTION('ref_axis',(-0.00707095153079712,0.999975000509737,0.));
#5457=DIRECTION('center_axis',(0.,0.,-1.));
#5458=DIRECTION('ref_axis',(-0.327573869994667,0.944825571042992,0.));
#5459=DIRECTION('center_axis',(0.,0.,-1.));
#5460=DIRECTION('ref_axis',(-0.944829199882626,0.327563403098022,0.));
#5461=DIRECTION('',(0.668094889425864,-0.23162300991707,0.707106781186547));
#5462=DIRECTION('center_axis',(0.,0.,-1.));
#5463=DIRECTION('ref_axis',(-0.944829199882626,0.327563403098022,0.));
#5464=DIRECTION('center_axis',(0.,0.,1.));
#5465=DIRECTION('ref_axis',(-0.944829199882626,0.327563403098022,0.));
#5466=DIRECTION('center_axis',(0.,0.,1.));
#5467=DIRECTION('ref_axis',(0.999975000624735,-0.007070935267726,0.));
#5468=DIRECTION('',(0.707106781186548,3.92523114670944E-17,0.707106781186547));
#5469=DIRECTION('center_axis',(0.,0.,1.));
#5470=DIRECTION('ref_axis',(0.94482885357821,-0.327564401982398,0.));
#5471=DIRECTION('center_axis',(0.,0.,-1.));
#5472=DIRECTION('ref_axis',(0.999975000624735,-0.007070935267726,0.));
#5473=DIRECTION('center_axis',(0.707106781186548,0.,-0.707106781186547));
#5474=DIRECTION('ref_axis',(0.707106781186548,3.92523114670944E-17,0.707106781186547));
#5475=DIRECTION('',(0.707089109244516,0.0049991587090023,0.707106781186547));
#5476=DIRECTION('',(1.52642945640489E-16,1.,1.52642945640489E-16));
#5477=DIRECTION('',(0.,-1.,0.));
#5478=DIRECTION('center_axis',(0.,0.,1.));
#5479=DIRECTION('ref_axis',(0.94482885357821,0.327564401982398,0.));
#5480=DIRECTION('',(0.668095134300064,0.231622303599155,0.707106781186547));
#5481=DIRECTION('center_axis',(0.,0.,1.));
#5482=DIRECTION('ref_axis',(0.999975000624987,-0.00707093523211144,0.));
#5483=DIRECTION('center_axis',(0.,0.,-1.));
#5484=DIRECTION('ref_axis',(0.94482885357821,0.327564401982398,0.));
#5485=DIRECTION('center_axis',(0.,0.,-1.));
#5486=DIRECTION('ref_axis',(0.327553934575973,0.944832482477079,0.));
#5487=DIRECTION('',(-0.231629704812748,-0.668092568322952,0.707106781186548));
#5488=DIRECTION('center_axis',(0.,0.,-1.));
#5489=DIRECTION('ref_axis',(0.327553934575976,0.944832482477078,0.));
#5490=DIRECTION('center_axis',(0.,0.,1.));
#5491=DIRECTION('ref_axis',(0.327553934575973,0.944832482477079,0.));
#5492=DIRECTION('center_axis',(0.,0.,1.));
#5493=DIRECTION('ref_axis',(-0.00707095153079657,-0.999975000509737,0.));
#5494=DIRECTION('',(0.,-0.707106781186547,0.707106781186547));
#5495=DIRECTION('center_axis',(0.,0.,1.));
#5496=DIRECTION('ref_axis',(-0.327573869994666,-0.944825571042993,0.));
#5497=DIRECTION('center_axis',(0.,0.,-1.));
#5498=DIRECTION('ref_axis',(-0.00707095153079657,-0.999975000509737,0.));
#5499=DIRECTION('center_axis',(-1.12072847219591E-16,-0.707106781186548,
-0.707106781186548));
#5500=DIRECTION('ref_axis',(0.,-0.707106781186548,0.707106781186548));
#5501=DIRECTION('',(-1.,1.58494940511714E-16,0.));
#5502=DIRECTION('',(1.,0.,-1.58494940511714E-16));
#5503=DIRECTION('center_axis',(0.,0.,1.));
#5504=DIRECTION('ref_axis',(-0.00707095153079712,0.999975000509737,0.));
#5505=DIRECTION('',(0.,0.,1.));
#5506=DIRECTION('',(0.,0.,1.));
#5507=DIRECTION('center_axis',(0.,0.,1.));
#5508=DIRECTION('ref_axis',(-0.944829199882626,0.327563403098022,0.));
#5509=DIRECTION('',(0.,0.,1.));
#5510=DIRECTION('center_axis',(0.,0.,1.));
#5511=DIRECTION('ref_axis',(0.94482885357821,-0.327564401982398,0.));
#5512=DIRECTION('',(0.,0.,1.));
#5513=DIRECTION('center_axis',(-1.,1.52642945640489E-16,0.));
#5514=DIRECTION('ref_axis',(-1.52642945640489E-16,-1.,0.));
#5515=DIRECTION('',(0.,0.,1.));
#5516=DIRECTION('',(0.,0.,-1.));
#5517=DIRECTION('center_axis',(-1.,1.52642945640489E-16,0.));
#5518=DIRECTION('ref_axis',(1.07934861962679E-16,0.707106781186549,0.707106781186546));
#5519=DIRECTION('',(1.52642945640489E-16,1.,0.));
#5520=DIRECTION('center_axis',(-1.,1.52642945640489E-16,0.));
#5521=DIRECTION('ref_axis',(-1.07934861962679E-16,-0.707106781186549,0.707106781186546));
#5522=DIRECTION('',(0.,0.,1.));
#5523=DIRECTION('center_axis',(0.,0.,1.));
#5524=DIRECTION('ref_axis',(0.999975000624987,-0.00707093523211144,0.));
#5525=DIRECTION('',(0.,0.,1.));
#5526=DIRECTION('center_axis',(0.,0.,1.));
#5527=DIRECTION('ref_axis',(0.327553934575976,0.944832482477078,0.));
#5528=DIRECTION('',(0.,0.,1.));
#5529=DIRECTION('center_axis',(0.,0.,1.));
#5530=DIRECTION('ref_axis',(-0.327573869994666,-0.944825571042993,0.));
#5531=DIRECTION('',(0.,0.,1.));
#5532=DIRECTION('center_axis',(0.,1.,0.));
#5533=DIRECTION('ref_axis',(-1.,0.,0.));
#5534=DIRECTION('',(0.,0.,1.));
#5535=DIRECTION('center_axis',(-1.,0.,0.));
#5536=DIRECTION('ref_axis',(6.19038178903602E-17,0.707106781186549,0.707106781186546));
#5537=DIRECTION('',(0.84799830400509,-0.529998940003177,0.));
#5538=DIRECTION('center_axis',(1.,-1.52642945640489E-16,0.));
#5539=DIRECTION('ref_axis',(0.,0.707106781186549,0.707106781186546));
#5540=DIRECTION('',(-0.847998304005089,0.,0.529998940003179));
#5541=DIRECTION('center_axis',(-0.529998940003182,8.09005993884224E-17,
-0.847998304005087));
#5542=DIRECTION('ref_axis',(-0.847998304005087,0.,0.529998940003182));
#5543=DIRECTION('',(-0.847998304005087,0.,0.529998940003182));
#5544=DIRECTION('',(-1.52642945640489E-16,-1.,0.));
#5545=DIRECTION('center_axis',(-0.529998940003179,-0.847998304005089,0.));
#5546=DIRECTION('ref_axis',(0.,0.,1.));
#5547=DIRECTION('',(0.,0.,1.));
#5548=DIRECTION('center_axis',(-1.,0.,0.));
#5549=DIRECTION('ref_axis',(-6.19038178903602E-17,-0.707106781186549,0.707106781186546));
#5550=DIRECTION('center_axis',(1.,-1.52642945640489E-16,0.));
#5551=DIRECTION('ref_axis',(0.,-0.707106781186549,0.707106781186546));
#5552=DIRECTION('',(-0.84799830400509,-0.529998940003176,0.));
#5553=DIRECTION('center_axis',(-0.52999894000318,0.847998304005088,0.));
#5554=DIRECTION('ref_axis',(0.,0.,1.));
#5555=DIRECTION('',(0.,0.,-1.));
#5556=DIRECTION('center_axis',(2.22044604925031E-16,1.,0.));
#5557=DIRECTION('ref_axis',(-1.,2.22044604925031E-16,0.));
#5558=DIRECTION('',(-1.,2.22044604925031E-16,0.));
#5559=DIRECTION('center_axis',(-1.,2.22044604925031E-16,0.));
#5560=DIRECTION('ref_axis',(0.,-0.707106781186549,0.707106781186546));
#5561=DIRECTION('',(1.,-2.22044604925031E-16,0.));
#5562=DIRECTION('center_axis',(0.,0.,1.));
#5563=DIRECTION('ref_axis',(-1.,0.,0.));
#5564=DIRECTION('',(-1.,2.22044604925031E-16,0.));
#5565=DIRECTION('center_axis',(1.,-2.22044604925031E-16,0.));
#5566=DIRECTION('ref_axis',(0.,0.707106781186549,0.707106781186546));
#5567=DIRECTION('',(1.,-2.22044604925031E-16,0.));
#5568=DIRECTION('center_axis',(-2.22044604925031E-16,-1.,0.));
#5569=DIRECTION('ref_axis',(1.,-2.22044604925031E-16,0.));
#5570=DIRECTION('center_axis',(0.,0.,1.));
#5571=DIRECTION('ref_axis',(-1.,0.,0.));
#5572=DIRECTION('center_axis',(0.,0.,1.));
#5573=DIRECTION('ref_axis',(0.00707095153079711,-0.999975000509737,0.));
#5574=DIRECTION('',(0.,0.,1.));
#5575=DIRECTION('center_axis',(0.,0.,1.));
#5576=DIRECTION('ref_axis',(0.944829199882626,-0.327563403098022,0.));
#5577=DIRECTION('',(0.,0.,1.));
#5578=DIRECTION('center_axis',(0.,0.,1.));
#5579=DIRECTION('ref_axis',(-0.94482885357821,0.327564401982398,0.));
#5580=DIRECTION('center_axis',(0.,0.,1.));
#5581=DIRECTION('ref_axis',(-0.999975000624987,0.00707093523211172,0.));
#5582=DIRECTION('',(0.,0.,1.));
#5583=DIRECTION('center_axis',(0.,0.,1.));
#5584=DIRECTION('ref_axis',(-0.327553934575976,-0.944832482477078,0.));
#5585=DIRECTION('',(0.,0.,1.));
#5586=DIRECTION('center_axis',(0.,0.,1.));
#5587=DIRECTION('ref_axis',(0.327573869994665,0.944825571042993,0.));
#5588=DIRECTION('',(0.,0.,1.));
#5589=DIRECTION('center_axis',(1.87393789640582E-16,-1.,0.));
#5590=DIRECTION('ref_axis',(1.,1.87393789640582E-16,0.));
#5591=CARTESIAN_POINT('',(0.,0.,0.));
#5592=CARTESIAN_POINT('Origin',(23.,28.215,16.3010090322182));
#5593=CARTESIAN_POINT('',(23.,28.015,13.4020180644363));
#5594=CARTESIAN_POINT('',(23.,28.015,15.6));
#5595=CARTESIAN_POINT('',(23.,28.015,9.27550451610908));
#5596=CARTESIAN_POINT('',(23.,27.215,15.6));
#5597=CARTESIAN_POINT('',(23.,27.215,15.6));
#5598=CARTESIAN_POINT('',(23.,27.215,19.2));
#5599=CARTESIAN_POINT('',(23.,27.215,15.6));
#5600=CARTESIAN_POINT('',(23.,28.415,19.2));
#5601=CARTESIAN_POINT('',(23.,27.215,19.2));
#5602=CARTESIAN_POINT('',(23.,29.215,18.2465971259247));
#5603=CARTESIAN_POINT('',(23.,28.415,19.2));
#5604=CARTESIAN_POINT('',(23.,28.415,17.2931942518493));
#5605=CARTESIAN_POINT('',(23.,29.215,18.2465971259247));
#5606=CARTESIAN_POINT('',(23.,28.415,15.6));
#5607=CARTESIAN_POINT('',(23.,28.415,17.2931942518493));
#5608=CARTESIAN_POINT('',(23.,20.9325,15.6));
#5609=CARTESIAN_POINT('Origin',(30.,28.415,17.2931942518493));
#5610=CARTESIAN_POINT('',(37.,28.415,15.6));
#5611=CARTESIAN_POINT('',(30.,28.415,15.6));
#5612=CARTESIAN_POINT('',(37.,28.415,17.2931942518493));
#5613=CARTESIAN_POINT('',(30.,28.415,17.2931942518493));
#5614=CARTESIAN_POINT('',(37.,28.415,17.2931942518493));
#5615=CARTESIAN_POINT('Origin',(30.,29.215,18.2465971259247));
#5616=CARTESIAN_POINT('',(37.,29.215,18.2465971259247));
#5617=CARTESIAN_POINT('',(30.,29.215,18.2465971259247));
#5618=CARTESIAN_POINT('',(37.,29.215,18.2465971259247));
#5619=CARTESIAN_POINT('Origin',(30.,28.415,19.2));
#5620=CARTESIAN_POINT('',(37.,28.415,19.2));
#5621=CARTESIAN_POINT('',(30.,28.415,19.2));
#5622=CARTESIAN_POINT('',(37.,28.415,19.2));
#5623=CARTESIAN_POINT('Origin',(30.,27.215,19.2));
#5624=CARTESIAN_POINT('',(37.,27.215,19.2));
#5625=CARTESIAN_POINT('',(30.,27.215,19.2));
#5626=CARTESIAN_POINT('',(37.,27.215,19.2));
#5627=CARTESIAN_POINT('Origin',(30.,27.215,15.6));
#5628=CARTESIAN_POINT('',(37.,27.215,15.6));
#5629=CARTESIAN_POINT('',(30.,27.215,15.6));
#5630=CARTESIAN_POINT('',(37.,27.215,15.6));
#5631=CARTESIAN_POINT('Origin',(30.,28.015,13.4020180644363));
#5632=CARTESIAN_POINT('',(37.,28.015,13.4020180644363));
#5633=CARTESIAN_POINT('',(25.8575,28.015,13.4020180644363));
#5634=CARTESIAN_POINT('',(37.,27.215,15.6));
#5635=CARTESIAN_POINT('Origin',(37.,28.215,16.3010090322182));
#5636=CARTESIAN_POINT('',(37.,28.015,15.6));
#5637=CARTESIAN_POINT('',(37.,28.015,9.27550451610908));
#5638=CARTESIAN_POINT('',(37.,20.9325,15.6));
#5639=CARTESIAN_POINT('Origin',(23.,-0.914999999999999,16.3010090322182));
#5640=CARTESIAN_POINT('',(23.,-0.715000000000003,15.6));
#5641=CARTESIAN_POINT('',(23.,-0.715000000000003,13.4020180644363));
#5642=CARTESIAN_POINT('',(23.,-0.714999999999999,9.27550451610908));
#5643=CARTESIAN_POINT('',(23.,-1.11499999999996,15.6));
#5644=CARTESIAN_POINT('',(23.,6.3675,15.6));
#5645=CARTESIAN_POINT('',(23.,-1.115,17.2931942518493));
#5646=CARTESIAN_POINT('',(23.,-1.115,17.2931942518493));
#5647=CARTESIAN_POINT('',(23.,-1.915,18.2465971259247));
#5648=CARTESIAN_POINT('',(23.,-1.915,18.2465971259247));
#5649=CARTESIAN_POINT('',(23.,-1.11500000000004,19.2));
#5650=CARTESIAN_POINT('',(23.,-1.11500000000004,19.2));
#5651=CARTESIAN_POINT('',(23.,0.0849999999999929,19.2));
#5652=CARTESIAN_POINT('',(23.,0.0849999999999929,19.2));
#5653=CARTESIAN_POINT('',(23.,0.0850000000000006,15.6));
#5654=CARTESIAN_POINT('',(23.,0.0850000000000007,15.6));
#5655=CARTESIAN_POINT('',(23.,0.0850000000000007,15.6));
#5656=CARTESIAN_POINT('Origin',(30.,-1.115,17.2931942518493));
#5657=CARTESIAN_POINT('',(37.,-1.11499999999996,15.6));
#5658=CARTESIAN_POINT('',(30.,-1.11499999999997,15.6));
#5659=CARTESIAN_POINT('',(37.,-1.115,17.2931942518493));
#5660=CARTESIAN_POINT('',(37.,-1.115,17.2931942518493));
#5661=CARTESIAN_POINT('',(30.,-1.115,17.2931942518493));
#5662=CARTESIAN_POINT('Origin',(30.,-1.915,18.2465971259247));
#5663=CARTESIAN_POINT('',(37.,-1.915,18.2465971259247));
#5664=CARTESIAN_POINT('',(37.,-1.915,18.2465971259247));
#5665=CARTESIAN_POINT('',(30.,-1.915,18.2465971259247));
#5666=CARTESIAN_POINT('Origin',(30.,-1.11500000000004,19.2));
#5667=CARTESIAN_POINT('',(37.,-1.11500000000004,19.2));
#5668=CARTESIAN_POINT('',(37.,-1.11500000000004,19.2));
#5669=CARTESIAN_POINT('',(30.,-1.11500000000004,19.2));
#5670=CARTESIAN_POINT('Origin',(30.,0.0849999999999929,19.2));
#5671=CARTESIAN_POINT('',(37.,0.0849999999999929,19.2));
#5672=CARTESIAN_POINT('',(37.,0.0849999999999929,19.2));
#5673=CARTESIAN_POINT('',(30.,0.0849999999999929,19.2));
#5674=CARTESIAN_POINT('Origin',(30.,0.0850000000000007,15.6));
#5675=CARTESIAN_POINT('',(37.,0.0850000000000006,15.6));
#5676=CARTESIAN_POINT('',(37.,0.0850000000000007,15.6));
#5677=CARTESIAN_POINT('',(30.,0.0850000000000007,15.6));
#5678=CARTESIAN_POINT('Origin',(30.,-0.715000000000003,13.4020180644363));
#5679=CARTESIAN_POINT('',(37.,-0.715000000000003,13.4020180644363));
#5680=CARTESIAN_POINT('',(37.,0.0850000000000007,15.6));
#5681=CARTESIAN_POINT('',(16.7970717171259,-0.715,13.4020180644363));
#5682=CARTESIAN_POINT('Origin',(37.,-0.914999999999999,16.3010090322182));
#5683=CARTESIAN_POINT('',(37.,-0.715000000000003,15.6));
#5684=CARTESIAN_POINT('',(37.,-0.714999999999997,9.27550451610908));
#5685=CARTESIAN_POINT('',(37.,6.3675,15.6));
#5686=CARTESIAN_POINT('Origin',(30.,13.65,15.6));
#5687=CARTESIAN_POINT('',(3.59414343425184,-0.715000000000003,15.6));
#5688=CARTESIAN_POINT('',(-0.585000000000008,-0.715000000000004,15.6));
#5689=CARTESIAN_POINT('',(1.62876001893665,-1.04602583964224,15.6));
#5690=CARTESIAN_POINT('Origin',(3.59414343425184,-6.71500000000001,15.6));
#5691=CARTESIAN_POINT('',(-0.916025839627324,1.49876001893147,15.6));
#5692=CARTESIAN_POINT('Origin',(0.97363221382472,0.843632213824725,15.6));
#5693=CARTESIAN_POINT('',(-0.584999999984213,3.46414343426021,15.6));
#5694=CARTESIAN_POINT('Origin',(-6.58500000000003,3.46414343425185,15.6));
#5695=CARTESIAN_POINT('',(-0.585000000000007,9.07300000000002,15.6));
#5696=CARTESIAN_POINT('',(-0.585000000000004,28.015,15.6));
#5697=CARTESIAN_POINT('',(-1.78500000000001,9.07300000000002,15.6));
#5698=CARTESIAN_POINT('',(13.7075,9.07300000000001,15.6));
#5699=CARTESIAN_POINT('',(-2.58500000000001,8.57300000000002,15.6));
#5700=CARTESIAN_POINT('',(10.4718539325843,16.7335337078652,15.6));
#5701=CARTESIAN_POINT('',(-2.58500000000001,3.43585898608741,15.6));
#5702=CARTESIAN_POINT('',(-2.585,30.015,15.6));
#5703=CARTESIAN_POINT('',(-2.80559010280087,2.15385306988173,15.6));
#5704=CARTESIAN_POINT('Origin',(-6.58500000000003,3.46414343425185,15.6));
#5705=CARTESIAN_POINT('',(2.28381519673515,-2.93560323283535,15.6));
#5706=CARTESIAN_POINT('Origin',(0.973632213824702,0.843632213824729,15.6));
#5707=CARTESIAN_POINT('',(3.56585892103023,-2.715,15.6));
#5708=CARTESIAN_POINT('Origin',(3.59414343425184,-6.71500000000001,15.6));
#5709=CARTESIAN_POINT('',(56.4341410789698,-2.715,15.6));
#5710=CARTESIAN_POINT('',(-2.58500000000001,-2.71500000000001,15.6));
#5711=CARTESIAN_POINT('',(57.7161848032648,-2.93560323283535,15.6));
#5712=CARTESIAN_POINT('Origin',(56.4058565657482,-6.71500000000001,15.6));
#5713=CARTESIAN_POINT('',(62.8055901027858,2.15385306987651,15.6));
#5714=CARTESIAN_POINT('Origin',(59.0263677861753,0.843632213824729,15.6));
#5715=CARTESIAN_POINT('',(62.5850000000002,3.43585898620702,15.6));
#5716=CARTESIAN_POINT('Origin',(66.585,3.46414343425185,15.6));
#5717=CARTESIAN_POINT('',(62.585,5.35,15.6));
#5718=CARTESIAN_POINT('',(62.585,30.015,15.6));
#5719=CARTESIAN_POINT('',(62.085,5.85,15.6));
#5720=CARTESIAN_POINT('',(52.2387500000001,15.69625,15.6));
#5721=CARTESIAN_POINT('',(60.585,5.85,15.6));
#5722=CARTESIAN_POINT('',(45.2925,5.85,15.6));
#5723=CARTESIAN_POINT('',(60.5849999999917,3.46414343426021,15.6));
#5724=CARTESIAN_POINT('',(60.585,28.015,15.6));
#5725=CARTESIAN_POINT('',(60.9160258396273,1.49876001893146,15.6));
#5726=CARTESIAN_POINT('Origin',(66.585,3.46414343425185,15.6));
#5727=CARTESIAN_POINT('',(58.3712399810685,-1.0460258396273,15.6));
#5728=CARTESIAN_POINT('Origin',(59.0263677861753,0.843632213824725,15.6));
#5729=CARTESIAN_POINT('',(56.4058565657482,-0.714999999984193,15.6));
#5730=CARTESIAN_POINT('Origin',(56.4058565657482,-6.71500000000001,15.6));
#5731=CARTESIAN_POINT('',(-0.585000000000008,-0.715000000000004,15.6));
#5732=CARTESIAN_POINT('Origin',(-2.185,16.963,15.25));
#5733=CARTESIAN_POINT('',(-2.58500000000001,16.963,13.3));
#5734=CARTESIAN_POINT('',(-1.785,16.963,13.8));
#5735=CARTESIAN_POINT('',(-2.58500000000001,16.963,13.3));
#5736=CARTESIAN_POINT('',(-1.785,18.413,15.25));
#5737=CARTESIAN_POINT('Origin',(-1.785,16.963,15.25));
#5738=CARTESIAN_POINT('',(-2.58500000000001,18.913,15.25));
#5739=CARTESIAN_POINT('',(-1.785,18.413,15.25));
#5740=CARTESIAN_POINT('Origin',(-2.58500000000001,16.963,15.25));
#5741=CARTESIAN_POINT('Origin',(-2.18500000000001,18.663,8.025));
#5742=CARTESIAN_POINT('',(-1.78500000000001,18.413,15.6));
#5743=CARTESIAN_POINT('',(-2.58500000000001,18.913,15.6));
#5744=CARTESIAN_POINT('',(10.5136516853933,10.7263426966292,15.6));
#5745=CARTESIAN_POINT('',(-2.58500000000001,18.913,8.025));
#5746=CARTESIAN_POINT('',(-1.78500000000001,18.413,8.025));
#5747=CARTESIAN_POINT('Origin',(-2.18500000000001,6.25442949304371,13.55));
#5748=CARTESIAN_POINT('',(-2.58500000000001,10.523,13.3));
#5749=CARTESIAN_POINT('',(-2.58500000000001,6.25442949304371,13.3));
#5750=CARTESIAN_POINT('',(-1.78500000000001,10.523,13.8));
#5751=CARTESIAN_POINT('',(-2.58500000000001,10.523,13.3));
#5752=CARTESIAN_POINT('',(-1.78500000000001,6.25442949304371,13.8));
#5753=CARTESIAN_POINT('Origin',(-2.18500000000001,10.523,15.25));
#5754=CARTESIAN_POINT('',(-2.58500000000001,8.57300000000002,15.25));
#5755=CARTESIAN_POINT('',(-1.78500000000001,9.07300000000002,15.25));
#5756=CARTESIAN_POINT('',(-2.58500000000001,8.57300000000002,15.25));
#5757=CARTESIAN_POINT('Origin',(-1.78500000000001,10.523,15.25));
#5758=CARTESIAN_POINT('Origin',(-2.58500000000001,10.523,15.25));
#5759=CARTESIAN_POINT('Origin',(-2.18500000000001,8.82300000000002,8.925));
#5760=CARTESIAN_POINT('',(-1.78500000000001,9.07300000000002,8.925));
#5761=CARTESIAN_POINT('',(-2.58500000000001,8.57300000000002,8.925));
#5762=CARTESIAN_POINT('Origin',(-2.58500000000001,18.413,13.8));
#5763=CARTESIAN_POINT('',(-0.585000000000006,18.413,15.25));
#5764=CARTESIAN_POINT('',(-2.58500000000001,18.413,15.25));
#5765=CARTESIAN_POINT('',(-0.585000000000006,18.413,15.6));
#5766=CARTESIAN_POINT('',(-0.585000000000006,18.413,8.025));
#5767=CARTESIAN_POINT('',(13.7075,18.413,15.6));
#5768=CARTESIAN_POINT('Origin',(-2.58500000000001,16.963,15.25));
#5769=CARTESIAN_POINT('',(-0.585000000000006,16.963,13.8));
#5770=CARTESIAN_POINT('',(-2.58500000000001,16.963,13.8));
#5771=CARTESIAN_POINT('Origin',(-0.585000000000006,16.963,15.25));
#5772=CARTESIAN_POINT('Origin',(-2.58500000000001,9.07300000000002,13.8));
#5773=CARTESIAN_POINT('',(-0.585000000000006,10.523,13.8));
#5774=CARTESIAN_POINT('',(-2.58500000000001,10.523,13.8));
#5775=CARTESIAN_POINT('',(-0.585000000000006,16.4544282828699,13.8));
#5776=CARTESIAN_POINT('Origin',(-2.58500000000001,10.523,15.25));
#5777=CARTESIAN_POINT('',(-0.585000000000007,9.07300000000002,15.25));
#5778=CARTESIAN_POINT('',(-2.58500000000001,9.07300000000002,15.25));
#5779=CARTESIAN_POINT('Origin',(-0.585000000000008,10.523,15.25));
#5780=CARTESIAN_POINT('Origin',(-2.58500000000001,9.07300000000002,15.6));
#5781=CARTESIAN_POINT('',(-0.585000000000007,9.07300000000002,8.925));
#5782=CARTESIAN_POINT('Origin',(30.,13.65,15.6));
#5783=CARTESIAN_POINT('',(56.4058565657482,28.015,15.6));
#5784=CARTESIAN_POINT('',(-0.585000000000004,28.015,15.6));
#5785=CARTESIAN_POINT('',(58.3712399810685,28.3460258396273,15.6));
#5786=CARTESIAN_POINT('Origin',(56.4058565657482,34.015,15.6));
#5787=CARTESIAN_POINT('',(60.9160258396273,25.8012399810685,15.6));
#5788=CARTESIAN_POINT('Origin',(59.0263677861753,26.4563677861753,15.6));
#5789=CARTESIAN_POINT('',(60.5849999999842,23.8358565657398,15.6));
#5790=CARTESIAN_POINT('Origin',(66.585,23.8358565657482,15.6));
#5791=CARTESIAN_POINT('',(60.585,21.45,15.6));
#5792=CARTESIAN_POINT('',(60.585,28.015,15.6));
#5793=CARTESIAN_POINT('',(62.085,21.45,15.6));
#5794=CARTESIAN_POINT('',(46.2925,21.45,15.6));
#5795=CARTESIAN_POINT('',(62.585,21.95,15.6));
#5796=CARTESIAN_POINT('',(52.23875,11.60375,15.6));
#5797=CARTESIAN_POINT('',(62.585,23.8641410139122,15.6));
#5798=CARTESIAN_POINT('',(62.585,30.015,15.6));
#5799=CARTESIAN_POINT('',(62.8055901028009,25.1461469301183,15.6));
#5800=CARTESIAN_POINT('Origin',(66.585,23.8358565657482,15.6));
#5801=CARTESIAN_POINT('',(57.7161848032648,30.2356032328353,15.6));
#5802=CARTESIAN_POINT('Origin',(59.0263677861753,26.4563677861753,15.6));
#5803=CARTESIAN_POINT('',(56.4341410789698,30.015,15.6));
#5804=CARTESIAN_POINT('Origin',(56.4058565657482,34.015,15.6));
#5805=CARTESIAN_POINT('',(3.56585892103023,30.015,15.6));
#5806=CARTESIAN_POINT('',(-2.585,30.015,15.6));
#5807=CARTESIAN_POINT('',(2.28381519673515,30.2356032328354,15.6));
#5808=CARTESIAN_POINT('Origin',(3.59414343425184,34.015,15.6));
#5809=CARTESIAN_POINT('',(-2.80559010280182,25.1461469301179,15.6));
#5810=CARTESIAN_POINT('Origin',(0.973632213824702,26.4563677861753,15.6));
#5811=CARTESIAN_POINT('',(-2.58500000000001,23.86414101377,15.6));
#5812=CARTESIAN_POINT('Origin',(-6.58500000000003,23.8358565657482,15.6));
#5813=CARTESIAN_POINT('',(-2.585,30.015,15.6));
#5814=CARTESIAN_POINT('',(-0.584999999991656,23.8358565657398,15.6));
#5815=CARTESIAN_POINT('',(-0.585000000000004,28.015,15.6));
#5816=CARTESIAN_POINT('',(-0.916025839634358,25.8012399810661,15.6));
#5817=CARTESIAN_POINT('Origin',(-6.58500000000003,23.8358565657482,15.6));
#5818=CARTESIAN_POINT('',(1.62876001893147,28.3460258396273,15.6));
#5819=CARTESIAN_POINT('Origin',(0.97363221382472,26.4563677861753,15.6));
#5820=CARTESIAN_POINT('',(3.59414343425184,28.0149999999842,15.6));
#5821=CARTESIAN_POINT('Origin',(3.59414343425184,34.015,15.6));
#5822=CARTESIAN_POINT('',(-0.585000000000004,28.015,15.6));
#5823=CARTESIAN_POINT('Origin',(59.0263677861753,0.843632213824729,0.));
#5824=CARTESIAN_POINT('',(57.7161848032646,-2.9356032328363,-2.8));
#5825=CARTESIAN_POINT('',(57.7161848032648,-2.93560323283535,2.25));
#5826=CARTESIAN_POINT('',(62.8055901027868,2.15385306987679,-2.8));
#5827=CARTESIAN_POINT('Origin',(59.0263677861753,0.843632213824729,-2.80000000000112));
#5828=CARTESIAN_POINT('',(62.8055901027858,2.15385306987651,2.25));
#5829=CARTESIAN_POINT('Origin',(56.4058565657482,-6.71500000000001,0.));
#5830=CARTESIAN_POINT('',(56.4341410789697,-2.71500000000101,-2.8));
#5831=CARTESIAN_POINT('',(56.4341410789698,-2.715,2.25));
#5832=CARTESIAN_POINT('Origin',(56.4058565657482,-6.71500000000001,-2.80000000000098));
#5833=CARTESIAN_POINT('Origin',(56.4341410789698,-2.715,0.));
#5834=CARTESIAN_POINT('',(3.56585892103011,-2.71500000000103,-2.8));
#5835=CARTESIAN_POINT('',(3.56585892103023,-2.715,2.25));
#5836=CARTESIAN_POINT('',(56.4341410789697,-2.715,-2.80000000000103));
#5837=CARTESIAN_POINT('Origin',(3.59414343425184,-6.71500000000001,0.));
#5838=CARTESIAN_POINT('',(2.28381519673543,-2.93560323283632,-2.8));
#5839=CARTESIAN_POINT('',(2.28381519673516,-2.93560323283535,2.25));
#5840=CARTESIAN_POINT('Origin',(3.59414343425184,-6.71500000000001,-2.80000000000097));
#5841=CARTESIAN_POINT('Origin',(0.973632213824702,0.843632213824729,0.));
#5842=CARTESIAN_POINT('',(-2.80559010278681,2.15385306987675,-2.8));
#5843=CARTESIAN_POINT('',(-2.80559010280087,2.15385306988173,2.25));
#5844=CARTESIAN_POINT('Origin',(0.973632213824702,0.843632213824729,-2.79999999998506));
#5845=CARTESIAN_POINT('Origin',(-6.58500000000003,3.46414343425185,0.));
#5846=CARTESIAN_POINT('',(-2.58499999998507,3.43585898608723,-2.8));
#5847=CARTESIAN_POINT('',(-2.58500000000001,3.43585898608741,2.25));
#5848=CARTESIAN_POINT('Origin',(-6.58500000000003,3.46414343425185,-2.79999999998515));
#5849=CARTESIAN_POINT('Origin',(66.585,3.46414343425185,0.));
#5850=CARTESIAN_POINT('',(62.5849999999843,3.43585898620695,-2.8));
#5851=CARTESIAN_POINT('Origin',(66.585,3.46414343425185,-2.79999999998406));
#5852=CARTESIAN_POINT('',(62.5850000000002,3.43585898620702,2.25));
#5853=CARTESIAN_POINT('Origin',(25.215,-0.714999999999999,0.));
#5854=CARTESIAN_POINT('',(25.215,2.285,0.));
#5855=CARTESIAN_POINT('',(25.215,-0.214999999999998,0.));
#5856=CARTESIAN_POINT('',(25.215,-0.714999999999999,0.));
#5857=CARTESIAN_POINT('',(25.215,2.285,-1.8));
#5858=CARTESIAN_POINT('',(25.215,2.285,0.));
#5859=CARTESIAN_POINT('',(25.215,-0.714999999999999,-1.8));
#5860=CARTESIAN_POINT('',(25.215,-0.714999999999999,-1.8));
#5861=CARTESIAN_POINT('',(25.215,-0.714999999999999,6.));
#5862=CARTESIAN_POINT('',(25.215,-0.714999999999999,0.));
#5863=CARTESIAN_POINT('',(25.215,-0.341724137931033,1.52068965517241));
#5864=CARTESIAN_POINT('Origin',(25.215,2.285,0.));
#5865=CARTESIAN_POINT('',(27.215,2.285,0.));
#5866=CARTESIAN_POINT('',(25.215,2.285,0.));
#5867=CARTESIAN_POINT('',(27.215,2.285,-1.8));
#5868=CARTESIAN_POINT('',(27.215,2.285,0.));
#5869=CARTESIAN_POINT('',(25.215,2.285,-1.8));
#5870=CARTESIAN_POINT('Origin',(27.215,2.285,0.));
#5871=CARTESIAN_POINT('',(27.215,-0.714999999999999,6.));
#5872=CARTESIAN_POINT('',(27.215,-0.714999999999998,-1.8));
#5873=CARTESIAN_POINT('',(27.215,-0.714999999999998,0.));
#5874=CARTESIAN_POINT('',(27.215,2.285,-1.8));
#5875=CARTESIAN_POINT('',(27.215,-0.214999999999998,0.));
#5876=CARTESIAN_POINT('',(27.215,2.285,0.));
#5877=CARTESIAN_POINT('',(27.215,-0.331379310344825,1.39655172413793));
#5878=CARTESIAN_POINT('Origin',(56.4058565657482,-6.71500000000001,0.));
#5879=CARTESIAN_POINT('',(58.3712399810685,-1.0460258396273,-1.8));
#5880=CARTESIAN_POINT('',(58.3712399810685,-1.0460258396273,2.25));
#5881=CARTESIAN_POINT('',(56.4058565657482,-0.714999999984193,-1.8));
#5882=CARTESIAN_POINT('Origin',(56.4058565657482,-6.71500000000001,-1.8));
#5883=CARTESIAN_POINT('',(56.4058565657482,-0.714999999984193,2.25));
#5884=CARTESIAN_POINT('Origin',(59.0263677861753,0.843632213824725,0.));
#5885=CARTESIAN_POINT('',(60.9160258396273,1.49876001893146,-1.8));
#5886=CARTESIAN_POINT('',(60.9160258396273,1.49876001893146,2.25));
#5887=CARTESIAN_POINT('Origin',(59.0263677861753,0.843632213824725,-1.8));
#5888=CARTESIAN_POINT('Origin',(66.585,3.46414343425185,0.));
#5889=CARTESIAN_POINT('',(60.5849999999917,3.46414343426021,-1.8));
#5890=CARTESIAN_POINT('',(60.5849999999917,3.46414343426021,2.25));
#5891=CARTESIAN_POINT('Origin',(66.585,3.46414343425185,-1.8));
#5892=CARTESIAN_POINT('Origin',(60.585,3.65,0.));
#5893=CARTESIAN_POINT('',(57.585,3.65,0.));
#5894=CARTESIAN_POINT('',(60.085,3.65,0.));
#5895=CARTESIAN_POINT('',(60.585,3.65,0.));
#5896=CARTESIAN_POINT('',(57.585,3.65,-1.8));
#5897=CARTESIAN_POINT('',(57.585,3.65,0.));
#5898=CARTESIAN_POINT('',(60.585,3.65,-1.8));
#5899=CARTESIAN_POINT('',(60.585,3.65,-1.8));
#5900=CARTESIAN_POINT('',(60.585,3.65,6.));
#5901=CARTESIAN_POINT('',(60.585,3.65,0.));
#5902=CARTESIAN_POINT('',(60.211724137931,3.65,1.52068965517241));
#5903=CARTESIAN_POINT('Origin',(57.585,3.65,0.));
#5904=CARTESIAN_POINT('',(57.585,5.65,0.));
#5905=CARTESIAN_POINT('',(57.585,3.65,0.));
#5906=CARTESIAN_POINT('',(57.585,5.65,-1.8));
#5907=CARTESIAN_POINT('',(57.585,5.65,0.));
#5908=CARTESIAN_POINT('',(57.585,3.65,-1.8));
#5909=CARTESIAN_POINT('Origin',(57.585,5.65,0.));
#5910=CARTESIAN_POINT('',(60.585,5.64999999999999,6.));
#5911=CARTESIAN_POINT('',(60.585,5.64999999999999,-1.8));
#5912=CARTESIAN_POINT('',(60.585,5.64999999999999,0.));
#5913=CARTESIAN_POINT('',(57.585,5.65,-1.8));
#5914=CARTESIAN_POINT('',(60.085,5.64999999999999,0.));
#5915=CARTESIAN_POINT('',(57.585,5.65,0.));
#5916=CARTESIAN_POINT('',(60.2013793103448,5.64999999999999,1.39655172413793));
#5917=CARTESIAN_POINT('Origin',(60.585,21.65,0.));
#5918=CARTESIAN_POINT('',(57.585,21.65,0.));
#5919=CARTESIAN_POINT('',(60.085,21.65,0.));
#5920=CARTESIAN_POINT('',(57.585,21.65,0.));
#5921=CARTESIAN_POINT('',(57.585,21.65,-1.8));
#5922=CARTESIAN_POINT('',(57.585,21.65,0.));
#5923=CARTESIAN_POINT('',(60.585,21.65,-1.8));
#5924=CARTESIAN_POINT('',(57.585,21.65,-1.8));
#5925=CARTESIAN_POINT('',(60.585,21.65,6.));
#5926=CARTESIAN_POINT('',(60.585,21.65,0.));
#5927=CARTESIAN_POINT('',(60.211724137931,21.65,1.52068965517241));
#5928=CARTESIAN_POINT('Origin',(57.585,21.65,0.));
#5929=CARTESIAN_POINT('',(57.585,23.65,0.));
#5930=CARTESIAN_POINT('',(57.585,23.65,0.));
#5931=CARTESIAN_POINT('',(57.585,23.65,-1.8));
#5932=CARTESIAN_POINT('',(57.585,23.65,0.));
#5933=CARTESIAN_POINT('',(57.585,23.65,-1.8));
#5934=CARTESIAN_POINT('Origin',(57.585,23.65,0.));
#5935=CARTESIAN_POINT('',(60.585,23.65,6.));
#5936=CARTESIAN_POINT('',(60.585,23.65,-1.8));
#5937=CARTESIAN_POINT('',(60.585,23.65,0.));
#5938=CARTESIAN_POINT('',(60.585,23.65,-1.8));
#5939=CARTESIAN_POINT('',(60.085,23.65,0.));
#5940=CARTESIAN_POINT('',(60.585,23.65,0.));
#5941=CARTESIAN_POINT('',(60.2013793103448,23.65,1.39655172413793));
#5942=CARTESIAN_POINT('Origin',(23.715,28.015,0.));
#5943=CARTESIAN_POINT('',(23.715,25.015,0.));
#5944=CARTESIAN_POINT('',(23.715,27.515,0.));
#5945=CARTESIAN_POINT('',(23.715,25.015,0.));
#5946=CARTESIAN_POINT('',(23.715,25.015,-1.8));
#5947=CARTESIAN_POINT('',(23.715,25.015,0.));
#5948=CARTESIAN_POINT('',(23.715,28.015,-1.8));
#5949=CARTESIAN_POINT('',(23.715,25.015,-1.8));
#5950=CARTESIAN_POINT('',(23.715,28.015,6.));
#5951=CARTESIAN_POINT('',(23.715,28.015,0.));
#5952=CARTESIAN_POINT('',(23.715,27.641724137931,1.52068965517241));
#5953=CARTESIAN_POINT('Origin',(23.715,25.015,0.));
#5954=CARTESIAN_POINT('',(21.715,25.015,0.));
#5955=CARTESIAN_POINT('',(21.715,25.015,0.));
#5956=CARTESIAN_POINT('',(21.715,25.015,-1.8));
#5957=CARTESIAN_POINT('',(21.715,25.015,0.));
#5958=CARTESIAN_POINT('',(21.715,25.015,-1.8));
#5959=CARTESIAN_POINT('Origin',(21.715,25.015,0.));
#5960=CARTESIAN_POINT('',(21.715,28.015,6.));
#5961=CARTESIAN_POINT('',(21.715,28.015,-1.8));
#5962=CARTESIAN_POINT('',(21.715,28.015,0.));
#5963=CARTESIAN_POINT('',(21.715,28.015,-1.8));
#5964=CARTESIAN_POINT('',(21.715,27.515,0.));
#5965=CARTESIAN_POINT('',(21.715,28.015,0.));
#5966=CARTESIAN_POINT('',(21.715,27.6313793103448,1.39655172413793));
#5967=CARTESIAN_POINT('Origin',(-0.585000000000006,14.65,0.));
#5968=CARTESIAN_POINT('',(2.41499999999999,14.65,0.));
#5969=CARTESIAN_POINT('',(-0.0850000000000067,14.65,0.));
#5970=CARTESIAN_POINT('',(-0.585000000000006,14.65,0.));
#5971=CARTESIAN_POINT('',(2.41499999999999,14.65,-1.8));
#5972=CARTESIAN_POINT('',(2.41499999999999,14.65,0.));
#5973=CARTESIAN_POINT('',(-0.585000000000004,14.65,-1.8));
#5974=CARTESIAN_POINT('',(-0.585000000000006,14.65,-1.8));
#5975=CARTESIAN_POINT('',(-0.585000000000006,14.65,6.));
#5976=CARTESIAN_POINT('',(-0.585000000000006,14.65,0.));
#5977=CARTESIAN_POINT('',(-0.211724137931041,14.65,1.52068965517241));
#5978=CARTESIAN_POINT('Origin',(2.41499999999999,14.65,0.));
#5979=CARTESIAN_POINT('',(2.415,12.65,0.));
#5980=CARTESIAN_POINT('',(2.41499999999999,14.65,0.));
#5981=CARTESIAN_POINT('',(2.41499999999999,12.65,-1.8));
#5982=CARTESIAN_POINT('',(2.415,12.65,0.));
#5983=CARTESIAN_POINT('',(2.41499999999999,14.65,-1.8));
#5984=CARTESIAN_POINT('Origin',(2.415,12.65,0.));
#5985=CARTESIAN_POINT('',(-0.585000000000006,12.65,6.));
#5986=CARTESIAN_POINT('',(-0.585000000000004,12.65,-1.8));
#5987=CARTESIAN_POINT('',(-0.585000000000006,12.65,0.));
#5988=CARTESIAN_POINT('',(2.415,12.65,-1.8));
#5989=CARTESIAN_POINT('',(-0.0850000000000065,12.65,0.));
#5990=CARTESIAN_POINT('',(2.415,12.65,0.));
#5991=CARTESIAN_POINT('',(-0.201379310344835,12.65,1.39655172413793));
#5992=CARTESIAN_POINT('Origin',(-6.58500000000003,3.46414343425185,0.));
#5993=CARTESIAN_POINT('',(-0.916025839627324,1.49876001893147,-1.8));
#5994=CARTESIAN_POINT('',(-0.916025839627324,1.49876001893147,2.25));
#5995=CARTESIAN_POINT('',(-0.584999999984208,3.46414343426021,-1.8));
#5996=CARTESIAN_POINT('Origin',(-6.58500000000003,3.46414343425185,-1.8));
#5997=CARTESIAN_POINT('',(-0.584999999984208,3.46414343426021,2.25));
#5998=CARTESIAN_POINT('Origin',(0.97363221382472,0.843632213824725,0.));
#5999=CARTESIAN_POINT('',(1.62876001893665,-1.04602583964224,-1.8));
#6000=CARTESIAN_POINT('',(1.62876001893665,-1.04602583964224,2.25));
#6001=CARTESIAN_POINT('Origin',(0.97363221382472,0.843632213824725,-1.8));
#6002=CARTESIAN_POINT('Origin',(3.59414343425184,-6.71500000000001,0.));
#6003=CARTESIAN_POINT('',(3.59414343425184,-0.715000000000003,-1.8));
#6004=CARTESIAN_POINT('',(3.59414343425184,-0.715000000000003,2.25));
#6005=CARTESIAN_POINT('Origin',(3.59414343425184,-6.71500000000001,-1.8));
#6006=CARTESIAN_POINT('Origin',(30.,13.65,0.));
#6007=CARTESIAN_POINT('',(-0.0850000000000062,18.7429282828699,0.));
#6008=CARTESIAN_POINT('Origin',(30.,13.65,0.));
#6009=CARTESIAN_POINT('',(25.8575,27.515,0.));
#6010=CARTESIAN_POINT('Origin',(30.,13.65,0.));
#6011=CARTESIAN_POINT('',(60.085,18.65,0.));
#6012=CARTESIAN_POINT('Origin',(30.,13.65,0.));
#6013=CARTESIAN_POINT('',(60.085,18.65,0.));
#6014=CARTESIAN_POINT('Origin',(30.,13.65,0.));
#6015=CARTESIAN_POINT('',(16.7970717171259,-0.215,0.));
#6016=CARTESIAN_POINT('Origin',(-2.58500000000001,3.43585898608741,0.));
#6017=CARTESIAN_POINT('',(-2.58499999998512,23.8641410137701,-2.8));
#6018=CARTESIAN_POINT('',(-2.58500000000001,23.86414101377,0.));
#6019=CARTESIAN_POINT('',(-2.58500000000001,3.43585898608743,-2.79999999998511));
#6020=CARTESIAN_POINT('Origin',(-0.335000000000006,18.7429282828699,3.));
#6021=CARTESIAN_POINT('',(-0.585000000000005,18.7429282828699,6.));
#6022=CARTESIAN_POINT('Origin',(25.8575,27.765,3.));
#6023=CARTESIAN_POINT('',(25.8575,28.015,6.));
#6024=CARTESIAN_POINT('Origin',(60.335,18.65,3.));
#6025=CARTESIAN_POINT('',(60.585,18.65,6.));
#6026=CARTESIAN_POINT('Origin',(60.335,18.65,3.));
#6027=CARTESIAN_POINT('',(60.585,18.65,6.));
#6028=CARTESIAN_POINT('Origin',(16.7970717171259,-0.465,3.));
#6029=CARTESIAN_POINT('',(16.7970717171259,-0.715000000000001,6.));
#6030=CARTESIAN_POINT('Origin',(61.5849999999926,13.65,1.4));
#6031=CARTESIAN_POINT('',(62.085,21.45,1.4));
#6032=CARTESIAN_POINT('',(62.085,5.85,1.4));
#6033=CARTESIAN_POINT('',(62.085,18.7570705069561,1.4));
#6034=CARTESIAN_POINT('',(60.585,21.45,1.4));
#6035=CARTESIAN_POINT('',(61.0849999999963,21.45,1.4));
#6036=CARTESIAN_POINT('',(60.585,5.85,1.4));
#6037=CARTESIAN_POINT('',(60.585,18.65,1.4));
#6038=CARTESIAN_POINT('',(62.0849999999963,5.85,1.4));
#6039=CARTESIAN_POINT('Origin',(60.585,5.85,1.4));
#6040=CARTESIAN_POINT('',(62.085,5.85,2.95));
#6041=CARTESIAN_POINT('',(60.585,5.85,2.95));
#6042=CARTESIAN_POINT('Origin',(62.335,18.7570705069561,1.15));
#6043=CARTESIAN_POINT('',(62.585,5.35,0.9));
#6044=CARTESIAN_POINT('',(62.585,21.95,0.9));
#6045=CARTESIAN_POINT('',(62.585,18.7570705069561,0.9));
#6046=CARTESIAN_POINT('',(62.085,21.45,1.4));
#6047=CARTESIAN_POINT('',(62.585,5.35,0.9));
#6048=CARTESIAN_POINT('Origin',(62.335,5.6,0.7));
#6049=CARTESIAN_POINT('',(62.585,5.35,2.95));
#6050=CARTESIAN_POINT('Origin',(30.,13.65,-1.8));
#6051=CARTESIAN_POINT('',(8.61949999999997,4.785,-1.8));
#6052=CARTESIAN_POINT('',(8.61949999999998,-0.715000000000002,-1.8));
#6053=CARTESIAN_POINT('',(8.61949999999997,6.46749999999999,-1.8));
#6054=CARTESIAN_POINT('',(14.8045,-0.715000000000001,-1.8));
#6055=CARTESIAN_POINT('',(-0.585000000000008,-0.715000000000004,-1.8));
#6056=CARTESIAN_POINT('',(14.8045,4.78499999999998,-1.8));
#6057=CARTESIAN_POINT('',(14.8045,9.21749999999998,-1.8));
#6058=CARTESIAN_POINT('',(15.6045,4.78499999999998,-1.8));
#6059=CARTESIAN_POINT('',(22.80225,4.78499999999991,-1.8));
#6060=CARTESIAN_POINT('',(15.6045,-0.715000000000001,-1.8));
#6061=CARTESIAN_POINT('',(15.6045,6.4675,-1.8));
#6062=CARTESIAN_POINT('',(-0.585000000000008,-0.715000000000004,-1.8));
#6063=CARTESIAN_POINT('',(-0.585000000000008,-0.715000000000004,-1.8));
#6064=CARTESIAN_POINT('',(60.585,28.015,-1.8));
#6065=CARTESIAN_POINT('',(60.585,28.015,-1.8));
#6066=CARTESIAN_POINT('',(60.5849999999842,23.8358565657398,-1.8));
#6067=CARTESIAN_POINT('',(60.585,28.015,-1.8));
#6068=CARTESIAN_POINT('',(60.9160258396273,25.8012399810685,-1.8));
#6069=CARTESIAN_POINT('Origin',(66.585,23.8358565657482,-1.8));
#6070=CARTESIAN_POINT('',(58.3712399810685,28.3460258396273,-1.8));
#6071=CARTESIAN_POINT('Origin',(59.0263677861753,26.4563677861753,-1.8));
#6072=CARTESIAN_POINT('',(56.4058565657482,28.015,-1.8));
#6073=CARTESIAN_POINT('Origin',(56.4058565657482,34.015,-1.8));
#6074=CARTESIAN_POINT('',(-0.585000000000004,28.015,-1.8));
#6075=CARTESIAN_POINT('',(3.59414343425183,28.0149999999842,-1.8));
#6076=CARTESIAN_POINT('',(-0.585000000000004,28.015,-1.8));
#6077=CARTESIAN_POINT('',(1.62876001893147,28.3460258396273,-1.8));
#6078=CARTESIAN_POINT('Origin',(3.59414343425184,34.015,-1.8));
#6079=CARTESIAN_POINT('',(-0.916025839634358,25.8012399810661,-1.8));
#6080=CARTESIAN_POINT('Origin',(0.97363221382472,26.4563677861753,-1.8));
#6081=CARTESIAN_POINT('',(-0.584999999991656,23.8358565657398,-1.8));
#6082=CARTESIAN_POINT('Origin',(-6.58500000000003,23.8358565657482,-1.8));
#6083=CARTESIAN_POINT('',(-0.585000000000004,28.015,-1.8));
#6084=CARTESIAN_POINT('',(-0.585000000000004,28.015,-1.8));
#6085=CARTESIAN_POINT('',(7.81949999999997,-0.715000000000002,-1.8));
#6086=CARTESIAN_POINT('',(-0.585000000000008,-0.715000000000004,-1.8));
#6087=CARTESIAN_POINT('',(7.81949999999997,4.785,-1.8));
#6088=CARTESIAN_POINT('',(7.81949999999998,9.2175,-1.8));
#6089=CARTESIAN_POINT('',(19.30975,4.78500000000003,-1.8));
#6090=CARTESIAN_POINT('',(3.58399999999996,2.313,-1.8));
#6091=CARTESIAN_POINT('Origin',(4.72699999999996,2.313,-1.8));
#6092=CARTESIAN_POINT('',(10.569,2.313,-1.8));
#6093=CARTESIAN_POINT('Origin',(11.712,2.313,-1.8));
#6094=CARTESIAN_POINT('',(17.554,2.31300000000001,-1.8));
#6095=CARTESIAN_POINT('Origin',(18.697,2.31300000000001,-1.8));
#6096=CARTESIAN_POINT('Origin',(15.2045,2.03499999999999,-0.6));
#6097=CARTESIAN_POINT('',(14.8045,4.78499999999998,-0.6));
#6098=CARTESIAN_POINT('',(14.8045,-0.715000000000001,-0.6));
#6099=CARTESIAN_POINT('',(14.8045,4.78499999999998,-0.6));
#6100=CARTESIAN_POINT('',(15.6045,-0.715000000000001,-0.6));
#6101=CARTESIAN_POINT('',(9.39932171712591,-0.715000000000002,-0.6));
#6102=CARTESIAN_POINT('',(15.6045,4.78499999999998,-0.6));
#6103=CARTESIAN_POINT('',(15.6045,-0.715000000000001,-0.6));
#6104=CARTESIAN_POINT('',(15.6045,4.78499999999998,-0.6));
#6105=CARTESIAN_POINT('Origin',(14.8045,4.78499999999998,-1.8));
#6106=CARTESIAN_POINT('',(14.8045,-0.715000000000001,-0.9));
#6107=CARTESIAN_POINT('',(14.8045,4.78499999999998,-1.8));
#6108=CARTESIAN_POINT('Origin',(15.6045,-0.715000000000001,-1.8));
#6109=CARTESIAN_POINT('',(15.6045,4.78499999999998,-1.8));
#6110=CARTESIAN_POINT('',(15.6045,-0.715000000000001,-0.9));
#6111=CARTESIAN_POINT('Origin',(15.6045,4.78499999999998,-1.8));
#6112=CARTESIAN_POINT('Origin',(3.59414343425184,-0.715000000000003,0.));
#6113=CARTESIAN_POINT('',(8.61949999999998,-0.715000000000002,-0.6));
#6114=CARTESIAN_POINT('',(8.61949999999998,-0.715000000000002,-0.9));
#6115=CARTESIAN_POINT('',(7.81949999999997,-0.715000000000002,-0.6));
#6116=CARTESIAN_POINT('',(5.9068217171259,-0.715000000000003,-0.6));
#6117=CARTESIAN_POINT('',(7.81949999999997,-0.715000000000002,-0.9));
#6118=CARTESIAN_POINT('Origin',(8.21949999999997,2.035,-0.6));
#6119=CARTESIAN_POINT('',(7.81949999999997,4.785,-0.6));
#6120=CARTESIAN_POINT('',(7.81949999999997,4.785,-0.6));
#6121=CARTESIAN_POINT('',(8.61949999999997,4.785,-0.6));
#6122=CARTESIAN_POINT('',(8.61949999999998,-0.715000000000002,-0.6));
#6123=CARTESIAN_POINT('',(8.61949999999997,4.785,-0.6));
#6124=CARTESIAN_POINT('Origin',(7.81949999999997,4.785,-1.8));
#6125=CARTESIAN_POINT('',(7.81949999999997,4.785,-1.8));
#6126=CARTESIAN_POINT('Origin',(8.61949999999998,-0.715000000000002,-1.8));
#6127=CARTESIAN_POINT('',(8.61949999999997,4.785,-1.8));
#6128=CARTESIAN_POINT('Origin',(8.61949999999997,4.785,-1.8));
#6129=CARTESIAN_POINT('Origin',(31.585,30.015,-2.8));
#6130=CARTESIAN_POINT('',(3.55878796949952,29.0150249994923,-3.8));
#6131=CARTESIAN_POINT('',(56.4341410789698,29.015,-3.8));
#6132=CARTESIAN_POINT('',(30.7925,29.015,-3.8));
#6133=CARTESIAN_POINT('',(3.56585892103033,30.015000000002,-2.8));
#6134=CARTESIAN_POINT('',(3.55878796949952,29.0150249994923,-3.8));
#6135=CARTESIAN_POINT('',(56.4341410789698,30.015,-2.8));
#6136=CARTESIAN_POINT('',(17.5754294605151,30.015,-2.79999999999999));
#6137=CARTESIAN_POINT('',(56.4341410789698,29.015,-3.8));
#6138=CARTESIAN_POINT('Origin',(56.4058565657482,34.015,-3.3));
#6139=CARTESIAN_POINT('',(57.7161848032648,30.2356032328354,-2.8));
#6140=CARTESIAN_POINT('Origin',(56.4058565657482,34.015,-2.8));
#6141=CARTESIAN_POINT('',(58.0437586732595,29.2907776617924,-3.8));
#6142=CARTESIAN_POINT('',(58.0437586732595,29.2907776617924,-3.8));
#6143=CARTESIAN_POINT('Origin',(56.4058565657482,34.015,-3.8));
#6144=CARTESIAN_POINT('Origin',(59.0263677861753,26.4563677861753,-3.3));
#6145=CARTESIAN_POINT('',(62.8055901027859,25.1461469301235,-2.8));
#6146=CARTESIAN_POINT('Origin',(59.0263677861753,26.4563677861753,-2.79999999998408));
#6147=CARTESIAN_POINT('',(61.8607609029032,25.4737103332215,-3.8));
#6148=CARTESIAN_POINT('',(61.8607609029032,25.4737103332215,-3.8));
#6149=CARTESIAN_POINT('Origin',(59.0263677861753,26.4563677861753,-3.8));
#6150=CARTESIAN_POINT('Origin',(66.585,23.8358565657481,-3.3));
#6151=CARTESIAN_POINT('',(62.5849999999841,23.8641410139123,-2.8));
#6152=CARTESIAN_POINT('Origin',(66.585,23.8358565657482,-2.79999999998421));
#6153=CARTESIAN_POINT('',(61.5850249918844,23.8712108919946,-3.8));
#6154=CARTESIAN_POINT('',(61.5850249918844,23.8712108919946,-3.8));
#6155=CARTESIAN_POINT('Origin',(66.585,23.8358565657481,-3.8));
#6156=CARTESIAN_POINT('Origin',(62.5849999999841,23.8641410139122,-2.8));
#6157=CARTESIAN_POINT('',(62.585,23.8641410139122,-2.7999999999841));
#6158=CARTESIAN_POINT('',(61.5849999999843,3.43585898620694,-3.8));
#6159=CARTESIAN_POINT('',(61.5849999999843,3.43585898620694,-3.8));
#6160=CARTESIAN_POINT('',(61.5849999999842,18.7570705069562,-3.8));
#6161=CARTESIAN_POINT('Origin',(66.5850000000001,3.46414343425182,-3.3));
#6162=CARTESIAN_POINT('',(61.8607612492086,1.82628866789439,-3.8));
#6163=CARTESIAN_POINT('',(61.8607612492086,1.82628866789439,-3.8));
#6164=CARTESIAN_POINT('Origin',(66.5850000000001,3.46414343425182,-3.8));
#6165=CARTESIAN_POINT('Origin',(59.0263677861753,0.843632213824699,-3.3));
#6166=CARTESIAN_POINT('',(58.0437377389523,-1.99077040406587,-3.8));
#6167=CARTESIAN_POINT('',(58.0437377389523,-1.99077040406587,-3.8));
#6168=CARTESIAN_POINT('Origin',(59.0263677861753,0.843632213824699,-3.8));
#6169=CARTESIAN_POINT('Origin',(56.4058565657481,-6.71500000000004,-3.3));
#6170=CARTESIAN_POINT('',(56.4412120305005,-1.71502499949128,-3.8));
#6171=CARTESIAN_POINT('',(56.4412120305005,-1.71502499949128,-3.8));
#6172=CARTESIAN_POINT('Origin',(56.4058565657481,-6.71500000000004,-3.8));
#6173=CARTESIAN_POINT('Origin',(56.4341410789697,-2.71500000000103,-2.8));
#6174=CARTESIAN_POINT('',(3.56585892103011,-1.71500000000103,-3.8));
#6175=CARTESIAN_POINT('',(3.56585892103011,-1.71500000000103,-3.8));
#6176=CARTESIAN_POINT('',(43.2170705394849,-1.71500000000104,-3.8));
#6177=CARTESIAN_POINT('Origin',(3.59414343425178,-6.71500000000007,-3.3));
#6178=CARTESIAN_POINT('',(1.95624132674077,-1.99077766179333,-3.8));
#6179=CARTESIAN_POINT('',(1.95624132674078,-1.99077766179333,-3.8));
#6180=CARTESIAN_POINT('Origin',(3.59414343425178,-6.71500000000007,-3.8));
#6181=CARTESIAN_POINT('Origin',(0.973632213824658,0.843632213824663,-3.3));
#6182=CARTESIAN_POINT('',(-1.86076090290418,1.82628966677873,-3.8));
#6183=CARTESIAN_POINT('',(-1.86076090290418,1.82628966677873,-3.8));
#6184=CARTESIAN_POINT('Origin',(0.973632213824658,0.843632213824663,-3.8));
#6185=CARTESIAN_POINT('Origin',(-6.58500000000007,3.46414343425193,-3.3));
#6186=CARTESIAN_POINT('',(-1.58502499188541,3.42878910800486,-3.8));
#6187=CARTESIAN_POINT('',(-1.58502499188541,3.42878910800486,-3.8));
#6188=CARTESIAN_POINT('Origin',(-6.58500000000007,3.46414343425193,-3.8));
#6189=CARTESIAN_POINT('Origin',(-2.58499999998512,3.43585898608745,-2.8));
#6190=CARTESIAN_POINT('',(-1.58499999998512,23.8641410137701,-3.8));
#6191=CARTESIAN_POINT('',(-1.58499999998512,23.8641410137701,-3.8));
#6192=CARTESIAN_POINT('',(-1.58499999998514,8.54292949304373,-3.8));
#6193=CARTESIAN_POINT('Origin',(-6.58500000000009,23.8358565657482,-3.3));
#6194=CARTESIAN_POINT('',(-2.80559010278776,25.1461469301229,-2.8));
#6195=CARTESIAN_POINT('Origin',(-6.58500000000003,23.8358565657482,-2.79999999998505));
#6196=CARTESIAN_POINT('',(-1.86076124920955,25.4737113321053,-3.8));
#6197=CARTESIAN_POINT('',(-1.86076124920955,25.4737113321053,-3.8));
#6198=CARTESIAN_POINT('Origin',(-6.58500000000009,23.8358565657482,-3.8));
#6199=CARTESIAN_POINT('Origin',(0.973632213824622,26.4563677861753,-3.3));
#6200=CARTESIAN_POINT('',(2.28381519673571,30.2356032328373,-2.8));
#6201=CARTESIAN_POINT('Origin',(0.973632213824702,26.4563677861753,-2.80000000000209));
#6202=CARTESIAN_POINT('',(1.95626226104795,29.2907704040668,-3.8));
#6203=CARTESIAN_POINT('',(1.95626226104795,29.2907704040668,-3.8));
#6204=CARTESIAN_POINT('Origin',(0.973632213824622,26.4563677861753,-3.8));
#6205=CARTESIAN_POINT('Origin',(3.59414343425195,34.0150000000001,-3.3));
#6206=CARTESIAN_POINT('Origin',(3.59414343425184,34.015,-2.80000000000195));
#6207=CARTESIAN_POINT('Origin',(3.59414343425195,34.0150000000001,-3.8));
#6208=CARTESIAN_POINT('Origin',(18.697,2.31300000000001,-3.8));
#6209=CARTESIAN_POINT('',(17.554,2.31300000000001,-2.8));
#6210=CARTESIAN_POINT('Origin',(18.697,2.31300000000001,-2.8));
#6211=CARTESIAN_POINT('',(17.554,2.31300000000001,-3.8));
#6212=CARTESIAN_POINT('Origin',(18.697,2.31300000000001,-3.3));
#6213=CARTESIAN_POINT('',(17.154,2.31300000000001,-3.8));
#6214=CARTESIAN_POINT('Origin',(18.697,2.31300000000001,-3.8));
#6215=CARTESIAN_POINT('',(17.354,2.31300000000001,-3.3));
#6216=CARTESIAN_POINT('Origin',(11.712,2.313,-3.8));
#6217=CARTESIAN_POINT('',(10.569,2.313,-2.8));
#6218=CARTESIAN_POINT('Origin',(11.712,2.313,-2.8));
#6219=CARTESIAN_POINT('',(10.569,2.313,-3.8));
#6220=CARTESIAN_POINT('Origin',(11.712,2.313,-3.3));
#6221=CARTESIAN_POINT('',(10.169,2.313,-3.8));
#6222=CARTESIAN_POINT('Origin',(11.712,2.313,-3.8));
#6223=CARTESIAN_POINT('',(10.369,2.313,-3.3));
#6224=CARTESIAN_POINT('Origin',(4.72699999999996,2.313,-3.8));
#6225=CARTESIAN_POINT('',(3.58399999999996,2.313,-2.8));
#6226=CARTESIAN_POINT('Origin',(4.72699999999996,2.313,-2.8));
#6227=CARTESIAN_POINT('',(3.58399999999996,2.313,-3.8));
#6228=CARTESIAN_POINT('Origin',(30.,13.65,-3.8));
#6229=CARTESIAN_POINT('',(3.18399999999996,2.313,-3.8));
#6230=CARTESIAN_POINT('Origin',(4.72699999999996,2.313,-3.8));
#6231=CARTESIAN_POINT('Origin',(4.72699999999996,2.313,-3.3));
#6232=CARTESIAN_POINT('',(3.38399999999996,2.313,-3.3));
#6233=CARTESIAN_POINT('Origin',(-0.585000000000005,23.8358565657398,0.));
#6234=CARTESIAN_POINT('',(-0.584999999991656,23.8358565657398,2.25));
#6235=CARTESIAN_POINT('Origin',(-6.58500000000003,23.8358565657482,0.));
#6236=CARTESIAN_POINT('',(-0.916025839634358,25.8012399810661,2.25));
#6237=CARTESIAN_POINT('Origin',(0.97363221382472,26.4563677861753,0.));
#6238=CARTESIAN_POINT('',(1.62876001893147,28.3460258396273,2.25));
#6239=CARTESIAN_POINT('Origin',(3.59414343425184,34.015,0.));
#6240=CARTESIAN_POINT('',(3.59414343425183,28.0149999999842,0.));
#6241=CARTESIAN_POINT('Origin',(21.715,28.015,0.));
#6242=CARTESIAN_POINT('',(56.4058565657482,28.015,2.25));
#6243=CARTESIAN_POINT('Origin',(56.4058565657482,34.015,0.));
#6244=CARTESIAN_POINT('',(58.3712399810685,28.3460258396273,2.25));
#6245=CARTESIAN_POINT('Origin',(59.0263677861753,26.4563677861753,0.));
#6246=CARTESIAN_POINT('',(60.9160258396273,25.8012399810685,2.25));
#6247=CARTESIAN_POINT('Origin',(66.585,23.8358565657482,0.));
#6248=CARTESIAN_POINT('',(60.5849999999842,23.8358565657398,0.));
#6249=CARTESIAN_POINT('Origin',(60.585,23.65,0.));
#6250=CARTESIAN_POINT('',(60.585,21.45,0.7));
#6251=CARTESIAN_POINT('Origin',(62.585,21.45,1.4));
#6252=CARTESIAN_POINT('',(62.085,21.45,0.7));
#6253=CARTESIAN_POINT('Origin',(62.335,21.7,0.7));
#6254=CARTESIAN_POINT('',(62.585,21.95,0.7));
#6255=CARTESIAN_POINT('Origin',(62.585,23.8641410139122,0.));
#6256=CARTESIAN_POINT('',(62.585,23.8641410139122,2.25));
#6257=CARTESIAN_POINT('Origin',(66.585,23.8358565657482,0.));
#6258=CARTESIAN_POINT('',(62.8055901028009,25.1461469301183,2.25));
#6259=CARTESIAN_POINT('Origin',(59.0263677861753,26.4563677861753,0.));
#6260=CARTESIAN_POINT('',(57.7161848032648,30.2356032328353,2.25));
#6261=CARTESIAN_POINT('Origin',(56.4058565657482,34.015,0.));
#6262=CARTESIAN_POINT('',(56.4341410789698,30.015,2.25));
#6263=CARTESIAN_POINT('Origin',(3.56585892103024,30.015,0.));
#6264=CARTESIAN_POINT('',(3.56585892103024,30.015,2.25));
#6265=CARTESIAN_POINT('Origin',(3.59414343425184,34.015,0.));
#6266=CARTESIAN_POINT('',(2.28381519673515,30.2356032328354,2.25));
#6267=CARTESIAN_POINT('Origin',(0.973632213824702,26.4563677861753,0.));
#6268=CARTESIAN_POINT('',(-2.80559010280182,25.1461469301179,2.25));
#6269=CARTESIAN_POINT('Origin',(-6.58500000000003,23.8358565657482,0.));
#6270=CARTESIAN_POINT('Origin',(-0.433510280741807,27.8635102807418,12.4));
#6271=CARTESIAN_POINT('',(-0.433510280741807,27.8635102807418,15.6));
#6272=CARTESIAN_POINT('',(1.48868211358067,28.3785601804978,15.6));
#6273=CARTESIAN_POINT('',(11.9872267617153,31.1916367406675,15.6));
#6274=CARTESIAN_POINT('',(1.48868211358067,28.3785601804978,12.4));
#6275=CARTESIAN_POINT('',(1.48868211358067,28.3785601804978,17.4));
#6276=CARTESIAN_POINT('',(-0.433510280741807,27.8635102807418,12.4));
#6277=CARTESIAN_POINT('',(26.9454894882817,35.1996911584235,12.4));
#6278=CARTESIAN_POINT('',(-0.433510280741799,27.8635102807418,17.4));
#6279=CARTESIAN_POINT('Origin',(-0.948560180497759,25.9413178864193,12.4));
#6280=CARTESIAN_POINT('',(-0.948560180497759,25.9413178864193,15.6));
#6281=CARTESIAN_POINT('',(-1.44839470289138,24.0759100534694,15.6));
#6282=CARTESIAN_POINT('',(-0.948560180497759,25.9413178864193,12.4));
#6283=CARTESIAN_POINT('',(1.07542670251835,33.4949397676885,12.4));
#6284=CARTESIAN_POINT('',(-0.948560180497754,25.9413178864193,17.4));
#6285=CARTESIAN_POINT('Origin',(-0.433510280747705,-0.563510280747699,12.4));
#6286=CARTESIAN_POINT('',(-0.433510280747705,-0.563510280747699,15.6));
#6287=CARTESIAN_POINT('',(-0.948560180505819,1.35868211358284,15.6));
#6288=CARTESIAN_POINT('',(-1.19086975301984,2.26299374936546,15.6));
#6289=CARTESIAN_POINT('',(-0.948560180505819,1.35868211358284,12.4));
#6290=CARTESIAN_POINT('',(-0.948560180505819,1.35868211358284,17.4));
#6291=CARTESIAN_POINT('',(-0.433510280747705,-0.563510280747699,12.4));
#6292=CARTESIAN_POINT('',(-1.79107639160145,4.50299541959215,12.4));
#6293=CARTESIAN_POINT('',(-0.433510280747705,-0.563510280747699,17.4));
#6294=CARTESIAN_POINT('Origin',(1.48868211358283,-1.07856018050581,12.4));
#6295=CARTESIAN_POINT('',(1.48868211358283,-1.07856018050581,15.6));
#6296=CARTESIAN_POINT('',(12.9483229588766,-4.149161690553,15.6));
#6297=CARTESIAN_POINT('',(1.48868211358283,-1.07856018050581,12.4));
#6298=CARTESIAN_POINT('',(24.7825576414517,-7.32013531678937,12.4));
#6299=CARTESIAN_POINT('',(1.48868211358283,-1.07856018050581,17.4));
#6300=CARTESIAN_POINT('Origin',(60.4335102807477,27.8635102807477,12.4));
#6301=CARTESIAN_POINT('',(60.4335102807477,27.8635102807477,15.6));
#6302=CARTESIAN_POINT('',(60.9485601805058,25.9413178864172,15.6));
#6303=CARTESIAN_POINT('',(61.1908697530198,25.0370062506345,15.6));
#6304=CARTESIAN_POINT('',(60.9485601805058,25.9413178864172,12.4));
#6305=CARTESIAN_POINT('',(60.9485601805058,25.9413178864172,17.4));
#6306=CARTESIAN_POINT('',(60.4335102807477,27.8635102807477,12.4));
#6307=CARTESIAN_POINT('',(60.5906631144382,27.2770079208612,12.4));
#6308=CARTESIAN_POINT('',(60.4335102807477,27.8635102807477,17.4));
#6309=CARTESIAN_POINT('Origin',(58.5113178864172,28.3785601805058,12.4));
#6310=CARTESIAN_POINT('',(58.5113178864172,28.3785601805058,15.6));
#6311=CARTESIAN_POINT('',(47.0516770411234,31.449161690553,15.6));
#6312=CARTESIAN_POINT('',(58.5113178864172,28.3785601805058,12.4));
#6313=CARTESIAN_POINT('',(58.8859117236984,28.2781880643166,12.4));
#6314=CARTESIAN_POINT('',(58.5113178864172,28.3785601805058,17.4));
#6315=CARTESIAN_POINT('Origin',(60.9485601804978,1.35868211358068,12.4));
#6316=CARTESIAN_POINT('',(60.9485601804978,1.35868211358068,15.6));
#6317=CARTESIAN_POINT('',(60.4335102807418,-0.563510280741797,15.6));
#6318=CARTESIAN_POINT('',(61.4483947028914,3.22408994653059,15.6));
#6319=CARTESIAN_POINT('',(60.4335102807418,-0.563510280741797,12.4));
#6320=CARTESIAN_POINT('',(60.4335102807418,-0.563510280741785,17.4));
#6321=CARTESIAN_POINT('',(60.9485601804978,1.35868211358068,12.4));
#6322=CARTESIAN_POINT('',(63.9722161083011,12.6431196607497,12.4));
#6323=CARTESIAN_POINT('',(60.9485601804978,1.35868211358066,17.4));
#6324=CARTESIAN_POINT('Origin',(60.4335102807418,-0.563510280741797,12.4));
#6325=CARTESIAN_POINT('',(58.5113178864193,-1.07856018049775,15.6));
#6326=CARTESIAN_POINT('',(48.0127732382847,-3.89163674066748,15.6));
#6327=CARTESIAN_POINT('',(58.5113178864193,-1.07856018049775,12.4));
#6328=CARTESIAN_POINT('',(58.5113178864193,-1.07856018049775,17.4));
#6329=CARTESIAN_POINT('',(62.9710359648512,0.116417677088529,12.4));
#6330=CARTESIAN_POINT('Origin',(0.97363221382472,26.4563677861753,17.4));
#6331=CARTESIAN_POINT('',(2.92859147901931,26.8281664836711,15.6));
#6332=CARTESIAN_POINT('Origin',(0.97363221382472,26.4563677861753,15.6));
#6333=CARTESIAN_POINT('',(2.92859147902751,26.8281664836727,19.4));
#6334=CARTESIAN_POINT('',(2.92859147901931,26.8281664836711,17.4));
#6335=CARTESIAN_POINT('',(0.601833516327306,24.5014085209725,19.4));
#6336=CARTESIAN_POINT('Origin',(0.97363221382472,26.4563677861753,19.4));
#6337=CARTESIAN_POINT('',(0.601833516328867,24.5014085209807,15.6));
#6338=CARTESIAN_POINT('',(0.601833516328867,24.5014085209807,17.4));
#6339=CARTESIAN_POINT('Origin',(0.97363221382472,26.4563677861753,15.6));
#6340=CARTESIAN_POINT('Origin',(0.97363221382472,26.4563677861753,12.4));
#6341=CARTESIAN_POINT('Origin',(0.97363221382472,0.843632213824725,17.4));
#6342=CARTESIAN_POINT('',(0.601833516328344,2.79859147902771,15.6));
#6343=CARTESIAN_POINT('Origin',(0.97363221382472,0.843632213824725,15.6));
#6344=CARTESIAN_POINT('',(0.601833516328344,2.79859147902771,19.4));
#6345=CARTESIAN_POINT('',(0.601833516328344,2.79859147902771,17.4));
#6346=CARTESIAN_POINT('',(2.92859147902771,0.471833516328348,19.4));
#6347=CARTESIAN_POINT('Origin',(0.97363221382472,0.843632213824725,19.4));
#6348=CARTESIAN_POINT('',(2.92859147902771,0.471833516328348,15.6));
#6349=CARTESIAN_POINT('',(2.92859147902771,0.471833516328348,17.4));
#6350=CARTESIAN_POINT('Origin',(0.97363221382472,0.843632213824725,15.6));
#6351=CARTESIAN_POINT('Origin',(0.97363221382472,0.843632213824725,12.4));
#6352=CARTESIAN_POINT('Origin',(59.0263677861753,26.4563677861753,17.4));
#6353=CARTESIAN_POINT('',(59.3981664836717,24.5014085209723,15.6));
#6354=CARTESIAN_POINT('Origin',(59.0263677861753,26.4563677861753,15.6));
#6355=CARTESIAN_POINT('',(59.3981664836717,24.5014085209723,19.4));
#6356=CARTESIAN_POINT('',(59.3981664836717,24.5014085209723,17.4));
#6357=CARTESIAN_POINT('',(57.0714085209723,26.8281664836717,19.4));
#6358=CARTESIAN_POINT('Origin',(59.0263677861753,26.4563677861753,19.4));
#6359=CARTESIAN_POINT('',(57.0714085209723,26.8281664836717,15.6));
#6360=CARTESIAN_POINT('',(57.0714085209723,26.8281664836717,17.4));
#6361=CARTESIAN_POINT('Origin',(59.0263677861753,26.4563677861753,15.6));
#6362=CARTESIAN_POINT('Origin',(59.0263677861753,26.4563677861753,12.4));
#6363=CARTESIAN_POINT('Origin',(58.7161121759696,26.1461121759655,12.4));
#6364=CARTESIAN_POINT('Origin',(59.0263677861753,0.843632213824725,12.4));
#6365=CARTESIAN_POINT('Origin',(59.0263677861753,0.843632213824725,17.4));
#6366=CARTESIAN_POINT('',(57.0714085209807,0.471833516328876,15.6));
#6367=CARTESIAN_POINT('Origin',(59.0263677861753,0.843632213824725,15.6));
#6368=CARTESIAN_POINT('',(57.0714085209725,0.471833516327317,19.4));
#6369=CARTESIAN_POINT('',(57.0714085209807,0.471833516328876,17.4));
#6370=CARTESIAN_POINT('',(59.3981664836727,2.79859147902752,19.4));
#6371=CARTESIAN_POINT('Origin',(59.0263677861753,0.843632213824725,19.4));
#6372=CARTESIAN_POINT('',(59.3981664836711,2.79859147901932,15.6));
#6373=CARTESIAN_POINT('',(59.3981664836711,2.79859147901932,17.4));
#6374=CARTESIAN_POINT('Origin',(59.0263677861753,0.843632213824725,15.6));
#6375=CARTESIAN_POINT('Origin',(62.335,21.2,15.6));
#6376=CARTESIAN_POINT('',(62.585,20.95,14.95796));
#6377=CARTESIAN_POINT('',(62.085,21.45,14.45796));
#6378=CARTESIAN_POINT('',(64.5931850844825,18.9418149155175,16.9661450844829));
#6379=CARTESIAN_POINT('',(62.085,21.45,15.6));
#6380=CARTESIAN_POINT('',(62.085,21.45,15.6));
#6381=CARTESIAN_POINT('',(62.585,20.95,15.6));
#6382=CARTESIAN_POINT('',(56.13875,27.39625,15.6));
#6383=CARTESIAN_POINT('',(62.585,20.95,15.6));
#6384=CARTESIAN_POINT('Origin',(62.3350000000001,8.54292949310351,14.70796));
#6385=CARTESIAN_POINT('',(62.585,6.35,14.95796));
#6386=CARTESIAN_POINT('',(62.585,8.54292949310351,14.95796));
#6387=CARTESIAN_POINT('',(62.085,5.85,14.45796));
#6388=CARTESIAN_POINT('',(62.8908282488506,6.65582824885056,15.2637882488506));
#6389=CARTESIAN_POINT('',(62.0850000000001,8.54292949310351,14.45796));
#6390=CARTESIAN_POINT('Origin',(62.585,3.43585898620702,15.6));
#6391=CARTESIAN_POINT('',(62.585,23.8641410139122,15.6));
#6392=CARTESIAN_POINT('',(62.585,30.015,15.6));
#6393=CARTESIAN_POINT('',(62.584999999982,23.8641410139123,20.4));
#6394=CARTESIAN_POINT('',(62.585,23.8641410139122,15.6));
#6395=CARTESIAN_POINT('',(62.584999999982,3.43585898620703,20.4));
#6396=CARTESIAN_POINT('',(62.585,3.43585898620704,20.3999999999822));
#6397=CARTESIAN_POINT('',(62.5850000000002,3.43585898620702,15.6));
#6398=CARTESIAN_POINT('',(62.5850000000002,3.43585898620702,15.6));
#6399=CARTESIAN_POINT('',(62.585,6.35,15.6));
#6400=CARTESIAN_POINT('',(62.585,30.015,15.6));
#6401=CARTESIAN_POINT('',(62.585,6.35,15.6));
#6402=CARTESIAN_POINT('Origin',(62.335,6.1,15.6));
#6403=CARTESIAN_POINT('',(62.085,5.85,15.6));
#6404=CARTESIAN_POINT('',(56.13875,-0.0962499999999955,15.6));
#6405=CARTESIAN_POINT('',(62.085,5.85,15.6));
#6406=CARTESIAN_POINT('Origin',(62.085,5.85,15.6));
#6407=CARTESIAN_POINT('',(60.585,5.85,15.6));
#6408=CARTESIAN_POINT('',(46.0425,5.85,15.6));
#6409=CARTESIAN_POINT('',(60.585,5.85,14.45796));
#6410=CARTESIAN_POINT('',(60.585,5.85,15.6));
#6411=CARTESIAN_POINT('',(61.835,5.85,14.45796));
#6412=CARTESIAN_POINT('Origin',(60.585,21.45,15.6));
#6413=CARTESIAN_POINT('',(60.585,21.45,14.45796));
#6414=CARTESIAN_POINT('',(61.085,21.45,14.45796));
#6415=CARTESIAN_POINT('',(60.585,21.45,15.6));
#6416=CARTESIAN_POINT('',(60.585,21.45,15.6));
#6417=CARTESIAN_POINT('',(45.2925,21.45,15.6));
#6418=CARTESIAN_POINT('Origin',(30.,13.65,15.6));
#6419=CARTESIAN_POINT('',(62.8055901027858,2.15385306987651,15.6));
#6420=CARTESIAN_POINT('Origin',(66.585,3.46414343425185,15.6));
#6421=CARTESIAN_POINT('',(57.7161848032648,-2.93560323283535,15.6));
#6422=CARTESIAN_POINT('Origin',(59.0263677861753,0.843632213824729,15.6));
#6423=CARTESIAN_POINT('',(56.4341410789698,-2.715,15.6));
#6424=CARTESIAN_POINT('Origin',(56.4058565657482,-6.71500000000001,15.6));
#6425=CARTESIAN_POINT('',(3.56585892103023,-2.715,15.6));
#6426=CARTESIAN_POINT('',(-2.58500000000001,-2.71500000000001,15.6));
#6427=CARTESIAN_POINT('',(2.28381519673515,-2.93560323283535,15.6));
#6428=CARTESIAN_POINT('Origin',(3.59414343425184,-6.71500000000001,15.6));
#6429=CARTESIAN_POINT('',(-2.80559010280087,2.15385306988173,15.6));
#6430=CARTESIAN_POINT('Origin',(0.973632213824702,0.843632213824729,15.6));
#6431=CARTESIAN_POINT('',(-2.58500000000001,3.43585898608741,15.6));
#6432=CARTESIAN_POINT('Origin',(-6.58500000000003,3.46414343425185,15.6));
#6433=CARTESIAN_POINT('',(-2.58500000000001,8.57300000000002,15.6));
#6434=CARTESIAN_POINT('',(-2.585,30.015,15.6));
#6435=CARTESIAN_POINT('',(-1.78500000000001,9.07300000000002,15.6));
#6436=CARTESIAN_POINT('',(10.4718539325843,16.7335337078652,15.6));
#6437=CARTESIAN_POINT('',(-0.585000000000007,9.07300000000002,15.6));
#6438=CARTESIAN_POINT('',(13.7075,9.07300000000001,15.6));
#6439=CARTESIAN_POINT('',(-0.585000000000007,3.78098306957416,15.6));
#6440=CARTESIAN_POINT('',(-0.585000000000004,28.015,15.6));
#6441=CARTESIAN_POINT('Origin',(0.414999999999993,3.78098306957416,15.6));
#6442=CARTESIAN_POINT('',(3.91098306957416,-0.715000000000003,15.6));
#6443=CARTESIAN_POINT('Origin',(3.91098306957416,0.284999999999997,15.6));
#6444=CARTESIAN_POINT('',(22.8,-0.714999999999999,15.6));
#6445=CARTESIAN_POINT('',(-0.585000000000008,-0.715000000000004,15.6));
#6446=CARTESIAN_POINT('',(22.8,-1.31499999999997,15.6));
#6447=CARTESIAN_POINT('',(22.8,6.3675,15.6));
#6448=CARTESIAN_POINT('',(37.2,-1.31499999999997,15.6));
#6449=CARTESIAN_POINT('',(30.,-1.31499999999997,15.6));
#6450=CARTESIAN_POINT('',(37.2,-0.714999999999997,15.6));
#6451=CARTESIAN_POINT('',(37.2,6.3675,15.6));
#6452=CARTESIAN_POINT('',(56.0890169304343,-0.714999999999993,15.6));
#6453=CARTESIAN_POINT('',(-0.585000000000008,-0.715000000000004,15.6));
#6454=CARTESIAN_POINT('Origin',(56.0890169304343,0.285000000000007,15.6));
#6455=CARTESIAN_POINT('',(60.585,3.78098306956566,15.6));
#6456=CARTESIAN_POINT('Origin',(59.585,3.78098306956567,15.6));
#6457=CARTESIAN_POINT('',(60.585,28.015,15.6));
#6458=CARTESIAN_POINT('Origin',(61.5850000000001,13.65,14.45796));
#6459=CARTESIAN_POINT('',(60.585,9.75,14.45796));
#6460=CARTESIAN_POINT('Origin',(30.,13.65,15.6));
#6461=CARTESIAN_POINT('',(60.585,23.5190169304258,15.6));
#6462=CARTESIAN_POINT('',(60.585,28.015,15.6));
#6463=CARTESIAN_POINT('Origin',(59.585,23.5190169304258,15.6));
#6464=CARTESIAN_POINT('',(56.0890169304258,28.015,15.6));
#6465=CARTESIAN_POINT('Origin',(56.0890169304258,27.015,15.6));
#6466=CARTESIAN_POINT('',(37.2,28.015,15.6));
#6467=CARTESIAN_POINT('',(-0.585000000000004,28.015,15.6));
#6468=CARTESIAN_POINT('',(37.2,28.615,15.6));
#6469=CARTESIAN_POINT('',(37.2,20.9325,15.6));
#6470=CARTESIAN_POINT('',(22.8,28.615,15.6));
#6471=CARTESIAN_POINT('',(30.,28.615,15.6));
#6472=CARTESIAN_POINT('',(22.8,28.015,15.6));
#6473=CARTESIAN_POINT('',(22.8,20.9325,15.6));
#6474=CARTESIAN_POINT('',(3.91098306956566,28.015,15.6));
#6475=CARTESIAN_POINT('',(-0.585000000000004,28.015,15.6));
#6476=CARTESIAN_POINT('Origin',(3.91098306956566,27.015,15.6));
#6477=CARTESIAN_POINT('',(-0.585000000000005,23.5190169304343,15.6));
#6478=CARTESIAN_POINT('Origin',(0.414999999999995,23.5190169304343,15.6));
#6479=CARTESIAN_POINT('',(-0.585000000000006,18.413,15.6));
#6480=CARTESIAN_POINT('',(-0.585000000000004,28.015,15.6));
#6481=CARTESIAN_POINT('',(-1.78500000000001,18.413,15.6));
#6482=CARTESIAN_POINT('',(13.7075,18.413,15.6));
#6483=CARTESIAN_POINT('',(-2.58500000000001,18.913,15.6));
#6484=CARTESIAN_POINT('',(10.5136516853933,10.7263426966292,15.6));
#6485=CARTESIAN_POINT('',(-2.58500000000001,23.86414101377,15.6));
#6486=CARTESIAN_POINT('',(-2.585,30.015,15.6));
#6487=CARTESIAN_POINT('',(-2.80559010280182,25.1461469301179,15.6));
#6488=CARTESIAN_POINT('Origin',(-6.58500000000003,23.8358565657482,15.6));
#6489=CARTESIAN_POINT('',(2.28381519673515,30.2356032328354,15.6));
#6490=CARTESIAN_POINT('Origin',(0.973632213824702,26.4563677861753,15.6));
#6491=CARTESIAN_POINT('',(3.56585892103023,30.015,15.6));
#6492=CARTESIAN_POINT('Origin',(3.59414343425184,34.015,15.6));
#6493=CARTESIAN_POINT('',(56.4341410789698,30.015,15.6));
#6494=CARTESIAN_POINT('',(-2.585,30.015,15.6));
#6495=CARTESIAN_POINT('',(57.7161848032648,30.2356032328353,15.6));
#6496=CARTESIAN_POINT('Origin',(56.4058565657482,34.015,15.6));
#6497=CARTESIAN_POINT('',(62.8055901028009,25.1461469301183,15.6));
#6498=CARTESIAN_POINT('Origin',(59.0263677861753,26.4563677861753,15.6));
#6499=CARTESIAN_POINT('Origin',(66.585,23.8358565657482,15.6));
#6500=CARTESIAN_POINT('Origin',(56.4058565657482,-0.714999999999993,15.6));
#6501=CARTESIAN_POINT('',(37.2,-0.714999999997484,19.4));
#6502=CARTESIAN_POINT('',(37.2,-0.714999999999997,15.9505045161091));
#6503=CARTESIAN_POINT('',(56.0890169304343,-0.71499999998429,19.4));
#6504=CARTESIAN_POINT('',(56.4058565657482,-0.714999999984196,19.4));
#6505=CARTESIAN_POINT('',(56.0890169304343,-0.714999999999993,17.4));
#6506=CARTESIAN_POINT('Origin',(3.59414343425183,28.015,15.6));
#6507=CARTESIAN_POINT('',(56.0890169304258,28.0149999999999,19.4));
#6508=CARTESIAN_POINT('',(37.2,28.015,19.4));
#6509=CARTESIAN_POINT('',(3.59414343425184,28.0149999999842,19.4));
#6510=CARTESIAN_POINT('',(37.2,28.015,15.9505045161091));
#6511=CARTESIAN_POINT('',(56.0890169304258,28.015,17.4));
#6512=CARTESIAN_POINT('Origin',(22.8,28.215,16.3010090322182));
#6513=CARTESIAN_POINT('',(22.8,28.0149999999975,19.4));
#6514=CARTESIAN_POINT('',(22.8,28.015,15.9505045161091));
#6515=CARTESIAN_POINT('',(22.8,28.615,17.5315449703682));
#6516=CARTESIAN_POINT('',(22.8,28.615,16.7971016420337));
#6517=CARTESIAN_POINT('',(22.8,29.3455407289332,18.4021695086108));
#6518=CARTESIAN_POINT('',(22.8,28.5294044847041,17.4295362075044));
#6519=CARTESIAN_POINT('',(22.8,28.508261531631,19.4));
#6520=CARTESIAN_POINT('',(22.8,29.2406284927532,18.5271990429854));
#6521=CARTESIAN_POINT('',(22.8,27.715,19.4));
#6522=CARTESIAN_POINT('Origin',(30.,27.215,19.4));
#6523=CARTESIAN_POINT('',(37.2,28.508261531631,19.4));
#6524=CARTESIAN_POINT('',(30.,28.508261531631,19.4));
#6525=CARTESIAN_POINT('',(37.2,27.715,19.4));
#6526=CARTESIAN_POINT('Origin',(56.0890169304258,27.015,19.4));
#6527=CARTESIAN_POINT('',(60.5849999999843,23.5190169304258,19.4));
#6528=CARTESIAN_POINT('Origin',(59.585,23.5190169304258,19.4));
#6529=CARTESIAN_POINT('',(60.5849999999915,3.78098306956566,19.4));
#6530=CARTESIAN_POINT('',(60.5849999999842,23.8358565657398,19.4));
#6531=CARTESIAN_POINT('Origin',(59.585,3.78098306956567,19.4));
#6532=CARTESIAN_POINT('Origin',(56.0890169304343,0.285000000000007,19.4));
#6533=CARTESIAN_POINT('',(37.2,-1.20826153163104,19.4));
#6534=CARTESIAN_POINT('',(37.2,-0.415000000000006,19.4));
#6535=CARTESIAN_POINT('',(22.8,-1.20826153163104,19.4));
#6536=CARTESIAN_POINT('',(30.,-1.20826153163104,19.4));
#6537=CARTESIAN_POINT('',(22.8,-0.714999999998563,19.4));
#6538=CARTESIAN_POINT('',(22.8,-0.415000000000006,19.4));
#6539=CARTESIAN_POINT('',(3.91098306957416,-0.714999999999909,19.4));
#6540=CARTESIAN_POINT('',(56.4058565657482,-0.714999999984196,19.4));
#6541=CARTESIAN_POINT('Origin',(3.91098306957416,0.284999999999997,19.4));
#6542=CARTESIAN_POINT('',(-0.584999999984918,3.78098306957416,19.4));
#6543=CARTESIAN_POINT('Origin',(0.414999999999993,3.78098306957416,19.4));
#6544=CARTESIAN_POINT('',(-0.585000000029091,23.5190169304343,19.4));
#6545=CARTESIAN_POINT('',(-0.584999999984209,3.46414343426021,19.4));
#6546=CARTESIAN_POINT('Origin',(0.414999999999995,23.5190169304343,19.4));
#6547=CARTESIAN_POINT('',(3.91098306956566,28.0149999999843,19.4));
#6548=CARTESIAN_POINT('Origin',(3.91098306956566,27.015,19.4));
#6549=CARTESIAN_POINT('',(3.59414343425184,28.0149999999842,19.4));
#6550=CARTESIAN_POINT('Origin',(37.2,28.215,16.3010090322182));
#6551=CARTESIAN_POINT('',(37.2,29.3455407289332,18.4021695086108));
#6552=CARTESIAN_POINT('',(37.2,29.2406284927532,18.5271990429854));
#6553=CARTESIAN_POINT('',(37.2,28.615,17.5315449703682));
#6554=CARTESIAN_POINT('',(37.2,28.5294044847041,17.4295362075044));
#6555=CARTESIAN_POINT('',(37.2,28.615,16.7971016420337));
#6556=CARTESIAN_POINT('Origin',(30.,28.615,17.2931942518493));
#6557=CARTESIAN_POINT('',(30.,28.615,17.5315449703682));
#6558=CARTESIAN_POINT('Origin',(30.,29.215,18.2465971259247));
#6559=CARTESIAN_POINT('',(30.,29.3455407289332,18.4021695086108));
#6560=CARTESIAN_POINT('Origin',(30.,28.5682088886238,19.3285575219373));
#6561=CARTESIAN_POINT('Origin',(22.8,-0.914999999999999,16.3010090322182));
#6562=CARTESIAN_POINT('',(22.8,-0.715,15.9505045161091));
#6563=CARTESIAN_POINT('',(22.8,-2.04554072893323,18.4021695086108));
#6564=CARTESIAN_POINT('',(22.8,-1.94062849275315,18.5271990429854));
#6565=CARTESIAN_POINT('',(22.8,-1.31500000000001,17.5315449703682));
#6566=CARTESIAN_POINT('',(22.8,-1.22940448470412,17.4295362075044));
#6567=CARTESIAN_POINT('',(22.8,-1.31499999999999,16.7971016420337));
#6568=CARTESIAN_POINT('Origin',(30.,-1.315,17.2931942518493));
#6569=CARTESIAN_POINT('',(37.2,-1.31500000000001,17.5315449703682));
#6570=CARTESIAN_POINT('',(30.,-1.31500000000001,17.5315449703682));
#6571=CARTESIAN_POINT('',(37.2,-1.31499999999999,16.7971016420337));
#6572=CARTESIAN_POINT('Origin',(30.,-1.915,18.2465971259247));
#6573=CARTESIAN_POINT('',(37.2,-2.04554072893323,18.4021695086108));
#6574=CARTESIAN_POINT('',(30.,-2.04554072893323,18.4021695086108));
#6575=CARTESIAN_POINT('',(37.2,-1.22940448470412,17.4295362075044));
#6576=CARTESIAN_POINT('Origin',(30.,-1.26820888862383,19.3285575219373));
#6577=CARTESIAN_POINT('',(37.2,-1.94062849275315,18.5271990429854));
#6578=CARTESIAN_POINT('Origin',(37.2,-0.914999999999999,16.3010090322182));
#6579=CARTESIAN_POINT('Origin',(3.59414343425183,28.015,15.6));
#6580=CARTESIAN_POINT('',(3.91098306956566,28.015,17.4));
#6581=CARTESIAN_POINT('Origin',(58.7161121759696,26.1461121759655,12.4));
#6582=CARTESIAN_POINT('Origin',(58.7161121759696,26.1461121759655,12.4));
#6583=CARTESIAN_POINT('Origin',(58.7161121759696,26.1461121759655,12.4));
#6584=CARTESIAN_POINT('Origin',(3.91098306956566,27.015,17.4));
#6585=CARTESIAN_POINT('Origin',(0.414999999999995,23.5190169304343,17.4));
#6586=CARTESIAN_POINT('',(-0.585000000000005,23.5190169304343,17.4));
#6587=CARTESIAN_POINT('Origin',(-0.585000000000007,3.46414343426021,15.6));
#6588=CARTESIAN_POINT('',(-0.585000000000007,3.78098306957416,17.4));
#6589=CARTESIAN_POINT('',(-0.585000000000007,9.07300000000002,15.95));
#6590=CARTESIAN_POINT('',(-0.585000000000007,9.07300000000002,15.6));
#6591=CARTESIAN_POINT('',(-0.585000000000007,10.523,17.4));
#6592=CARTESIAN_POINT('Origin',(-0.585000000000004,10.523,15.95));
#6593=CARTESIAN_POINT('',(-0.585000000000004,16.963,17.4));
#6594=CARTESIAN_POINT('',(-0.585000000018401,18.7429282828357,17.4));
#6595=CARTESIAN_POINT('',(-0.585000000000006,18.413,15.95));
#6596=CARTESIAN_POINT('Origin',(-0.585000000000004,16.963,15.95));
#6597=CARTESIAN_POINT('',(-0.585000000000006,18.413,15.6));
#6598=CARTESIAN_POINT('Origin',(59.585,23.5190169304258,17.4));
#6599=CARTESIAN_POINT('',(60.585,23.5190169304258,17.4));
#6600=CARTESIAN_POINT('Origin',(56.0890169304258,27.015,17.4));
#6601=CARTESIAN_POINT('Origin',(56.0890169304343,0.285000000000007,17.4));
#6602=CARTESIAN_POINT('Origin',(56.4058565657482,-0.714999999999993,15.6));
#6603=CARTESIAN_POINT('',(3.91098306957416,-0.715000000000003,17.4));
#6604=CARTESIAN_POINT('Origin',(59.585,3.78098306956567,17.4));
#6605=CARTESIAN_POINT('',(60.585,3.78098306956567,17.4));
#6606=CARTESIAN_POINT('Origin',(60.585,5.85,15.6));
#6607=CARTESIAN_POINT('Origin',(3.91098306957416,0.284999999999997,17.4));
#6608=CARTESIAN_POINT('Origin',(0.414999999999993,3.78098306957416,17.4));
#6609=CARTESIAN_POINT('Origin',(56.4058565657482,34.0150000000002,20.9));
#6610=CARTESIAN_POINT('',(57.7161848032654,30.2356032328332,20.4));
#6611=CARTESIAN_POINT('',(58.0437377389532,29.2907704040627,21.4));
#6612=CARTESIAN_POINT('',(58.0437377389531,29.2907704040627,21.4));
#6613=CARTESIAN_POINT('',(56.4341410789697,30.014999999998,20.4));
#6614=CARTESIAN_POINT('Origin',(56.4058565657482,34.015,20.3999999999979));
#6615=CARTESIAN_POINT('',(56.4412120305005,29.0150249994883,21.4));
#6616=CARTESIAN_POINT('',(56.4412120305005,29.0150249994883,21.4));
#6617=CARTESIAN_POINT('Origin',(56.4058565657482,34.0150000000002,21.4));
#6618=CARTESIAN_POINT('Origin',(59.0263677861753,26.4563677861751,20.9));
#6619=CARTESIAN_POINT('',(62.805590102784,25.1461469301242,20.4));
#6620=CARTESIAN_POINT('',(61.8607612492057,25.4737113321066,21.4));
#6621=CARTESIAN_POINT('',(61.8607612492057,25.4737113321066,21.4));
#6622=CARTESIAN_POINT('Origin',(59.0263677861753,26.4563677861753,20.3999999999821));
#6623=CARTESIAN_POINT('Origin',(59.0263677861753,26.4563677861751,21.4));
#6624=CARTESIAN_POINT('Origin',(66.5850000000002,23.835856565748,20.9));
#6625=CARTESIAN_POINT('',(61.584999999982,23.8641410139123,21.4));
#6626=CARTESIAN_POINT('',(61.584999999982,23.8641410139123,21.4));
#6627=CARTESIAN_POINT('Origin',(66.585,23.8358565657482,20.3999999999819));
#6628=CARTESIAN_POINT('Origin',(66.5850000000002,23.835856565748,21.4));
#6629=CARTESIAN_POINT('Origin',(62.5849999999822,3.43585898620703,20.4));
#6630=CARTESIAN_POINT('',(61.5850249918822,3.42878910815453,21.4));
#6631=CARTESIAN_POINT('',(61.5850249918822,3.42878910815452,21.4));
#6632=CARTESIAN_POINT('',(61.5849999999822,8.54292949310364,21.4));
#6633=CARTESIAN_POINT('Origin',(66.5850000000004,3.46414343425185,20.9));
#6634=CARTESIAN_POINT('',(62.8055901027846,2.1538530698762,20.4));
#6635=CARTESIAN_POINT('',(61.860760902902,1.82628966677818,21.4));
#6636=CARTESIAN_POINT('',(61.860760902902,1.82628966677818,21.4));
#6637=CARTESIAN_POINT('Origin',(66.585,3.46414343425185,20.3999999999816));
#6638=CARTESIAN_POINT('Origin',(66.5850000000004,3.46414343425185,21.4));
#6639=CARTESIAN_POINT('Origin',(59.0263677861752,0.84363221382469,20.9));
#6640=CARTESIAN_POINT('',(57.7161848032652,-2.93560323283439,20.4));
#6641=CARTESIAN_POINT('',(58.0437586732599,-1.99077766179139,21.4));
#6642=CARTESIAN_POINT('',(58.0437586732599,-1.99077766179139,21.4));
#6643=CARTESIAN_POINT('Origin',(59.0263677861753,0.843632213824729,20.3999999999989));
#6644=CARTESIAN_POINT('Origin',(59.0263677861752,0.84363221382469,21.4));
#6645=CARTESIAN_POINT('Origin',(56.4058565657481,-6.71500000000014,20.9));
#6646=CARTESIAN_POINT('',(56.4341410789699,-2.71499999999896,20.4));
#6647=CARTESIAN_POINT('',(56.4341410789699,-1.71499999999896,21.4));
#6648=CARTESIAN_POINT('',(56.4341410789699,-1.71499999999896,21.4));
#6649=CARTESIAN_POINT('Origin',(56.4058565657482,-6.71500000000001,20.3999999999988));
#6650=CARTESIAN_POINT('Origin',(56.4058565657481,-6.71500000000014,21.4));
#6651=CARTESIAN_POINT('Origin',(3.56585892103022,-2.71499999999896,20.4));
#6652=CARTESIAN_POINT('',(3.56585892103024,-2.71499999999897,20.4));
#6653=CARTESIAN_POINT('',(3.55878796949944,-1.71502499948923,21.4));
#6654=CARTESIAN_POINT('',(3.55878796949945,-1.71502499948924,21.4));
#6655=CARTESIAN_POINT('',(3.56585892103023,-2.71500000000001,20.399999999999));
#6656=CARTESIAN_POINT('',(16.7829294605151,-1.71499999999897,21.4));
#6657=CARTESIAN_POINT('Origin',(3.59414343425179,-6.71500000000004,20.9));
#6658=CARTESIAN_POINT('',(2.28381519673482,-2.93560323283429,20.4));
#6659=CARTESIAN_POINT('',(1.95626226104706,-1.99077040406387,21.4));
#6660=CARTESIAN_POINT('',(1.95626226104706,-1.99077040406386,21.4));
#6661=CARTESIAN_POINT('Origin',(3.59414343425184,-6.71500000000001,20.3999999999989));
#6662=CARTESIAN_POINT('Origin',(3.59414343425179,-6.71500000000004,21.4));
#6663=CARTESIAN_POINT('Origin',(0.973632213824687,0.843632213824774,20.9));
#6664=CARTESIAN_POINT('',(-2.80559010278485,2.15385306987618,20.4));
#6665=CARTESIAN_POINT('',(-1.86076124920664,1.82628866789379,21.4));
#6666=CARTESIAN_POINT('',(-1.86076124920664,1.82628866789378,21.4));
#6667=CARTESIAN_POINT('Origin',(0.973632213824702,0.843632213824729,20.3999999999832));
#6668=CARTESIAN_POINT('Origin',(0.973632213824687,0.843632213824774,21.4));
#6669=CARTESIAN_POINT('Origin',(-6.58500000000005,3.46414343425188,20.9));
#6670=CARTESIAN_POINT('',(-2.58499999998305,3.43585898608741,20.4));
#6671=CARTESIAN_POINT('',(-1.58499999998305,3.43585898608741,21.4));
#6672=CARTESIAN_POINT('',(-1.58499999998305,3.43585898608741,21.4));
#6673=CARTESIAN_POINT('Origin',(-6.58500000000003,3.46414343425185,20.399999999983));
#6674=CARTESIAN_POINT('Origin',(-6.58500000000005,3.46414343425188,21.4));
#6675=CARTESIAN_POINT('Origin',(-2.58499999998305,23.86414101377,20.4));
#6676=CARTESIAN_POINT('',(-2.58499999998305,23.8641410137701,20.4));
#6677=CARTESIAN_POINT('',(-1.58502499188315,23.8712108918168,21.4));
#6678=CARTESIAN_POINT('',(-1.58502499188315,23.8712108918168,21.4));
#6679=CARTESIAN_POINT('',(-2.58500000000001,16.468570506885,20.399999999983));
#6680=CARTESIAN_POINT('',(-1.58499999998306,18.757070506885,21.4));
#6681=CARTESIAN_POINT('Origin',(-6.58500000000004,23.8358565657482,20.9));
#6682=CARTESIAN_POINT('',(-2.8055901027858,25.1461469301235,20.4));
#6683=CARTESIAN_POINT('',(-1.86076090290317,25.4737103332215,21.4));
#6684=CARTESIAN_POINT('',(-1.86076090290318,25.4737103332215,21.4));
#6685=CARTESIAN_POINT('Origin',(-6.58500000000003,23.8358565657482,20.3999999999832));
#6686=CARTESIAN_POINT('Origin',(-6.58500000000004,23.8358565657482,21.4));
#6687=CARTESIAN_POINT('Origin',(0.973632213824724,26.4563677861753,20.9));
#6688=CARTESIAN_POINT('',(2.28381519673515,30.2356032328354,20.4));
#6689=CARTESIAN_POINT('',(1.95624132674049,29.2907776617924,21.4));
#6690=CARTESIAN_POINT('',(1.95624132674048,29.2907776617924,21.4));
#6691=CARTESIAN_POINT('Origin',(0.973632213824702,26.4563677861753,20.4));
#6692=CARTESIAN_POINT('Origin',(0.973632213824724,26.4563677861753,21.4));
#6693=CARTESIAN_POINT('Origin',(3.59414343425184,34.015,20.9));
#6694=CARTESIAN_POINT('',(3.56585892103023,30.015,20.4));
#6695=CARTESIAN_POINT('',(3.56585892103023,29.015,21.4));
#6696=CARTESIAN_POINT('',(3.56585892103023,29.015,21.4));
#6697=CARTESIAN_POINT('Origin',(3.59414343425184,34.015,20.4));
#6698=CARTESIAN_POINT('Origin',(3.59414343425184,34.015,21.4));
#6699=CARTESIAN_POINT('Origin',(31.585,30.015,20.4));
#6700=CARTESIAN_POINT('',(30.7925,29.015,21.4));
#6701=CARTESIAN_POINT('',(44.0095705394849,30.015,20.4));
#6702=CARTESIAN_POINT('Origin',(3.59414343425184,-6.71500000000001,15.6));
#6703=CARTESIAN_POINT('',(2.28381519673515,-2.93560323283535,15.6));
#6704=CARTESIAN_POINT('',(3.56585892103023,-2.715,15.6));
#6705=CARTESIAN_POINT('Origin',(0.973632213824702,0.843632213824729,15.6));
#6706=CARTESIAN_POINT('',(-2.80559010280087,2.15385306988173,15.6));
#6707=CARTESIAN_POINT('Origin',(-6.58500000000003,3.46414343425185,15.6));
#6708=CARTESIAN_POINT('',(-2.58500000000001,3.43585898608741,15.6));
#6709=CARTESIAN_POINT('Origin',(-2.58500000000001,9.07300000000001,15.6));
#6710=CARTESIAN_POINT('',(-2.58500000000001,23.86414101377,15.6));
#6711=CARTESIAN_POINT('',(-2.58500000000001,18.913,15.95));
#6712=CARTESIAN_POINT('',(-2.58500000000001,18.913,15.6));
#6713=CARTESIAN_POINT('',(-2.58500000000001,16.963,17.9));
#6714=CARTESIAN_POINT('Origin',(-2.58500000000001,16.963,15.95));
#6715=CARTESIAN_POINT('',(-2.58500000000001,10.523,17.9));
#6716=CARTESIAN_POINT('',(-2.58500000000001,11.3615,17.9));
#6717=CARTESIAN_POINT('',(-2.58500000000001,8.57300000000002,15.95));
#6718=CARTESIAN_POINT('Origin',(-2.58500000000001,10.523,15.95));
#6719=CARTESIAN_POINT('',(-2.58500000000001,8.57300000000002,15.6));
#6720=CARTESIAN_POINT('Origin',(-6.58500000000003,23.8358565657482,15.6));
#6721=CARTESIAN_POINT('',(-2.80559010280182,25.1461469301179,15.6));
#6722=CARTESIAN_POINT('Origin',(0.973632213824702,26.4563677861753,15.6));
#6723=CARTESIAN_POINT('',(2.28381519673515,30.2356032328354,15.6));
#6724=CARTESIAN_POINT('Origin',(3.59414343425184,34.015,15.6));
#6725=CARTESIAN_POINT('',(3.56585892103023,30.015,15.6));
#6726=CARTESIAN_POINT('Origin',(56.4341410789698,30.015,15.6));
#6727=CARTESIAN_POINT('',(56.4341410789698,30.015,15.6));
#6728=CARTESIAN_POINT('Origin',(-2.185,16.963,15.95));
#6729=CARTESIAN_POINT('',(-1.785,18.413,15.95));
#6730=CARTESIAN_POINT('',(-2.58500000000001,18.913,15.95));
#6731=CARTESIAN_POINT('',(-1.785,16.963,17.4));
#6732=CARTESIAN_POINT('Origin',(-1.785,16.963,15.95));
#6733=CARTESIAN_POINT('',(-1.785,16.963,17.4));
#6734=CARTESIAN_POINT('Origin',(-2.18500000000001,11.3615,17.65));
#6735=CARTESIAN_POINT('',(-1.78500000000001,10.523,17.4));
#6736=CARTESIAN_POINT('',(-1.78500000000001,10.523,17.4));
#6737=CARTESIAN_POINT('',(-1.78500000000001,11.3615,17.4));
#6738=CARTESIAN_POINT('Origin',(-2.18500000000001,18.663,15.6));
#6739=CARTESIAN_POINT('',(-1.78500000000001,18.413,15.6));
#6740=CARTESIAN_POINT('Origin',(-2.18500000000001,10.523,15.95));
#6741=CARTESIAN_POINT('',(-1.78500000000001,9.07300000000002,15.95));
#6742=CARTESIAN_POINT('Origin',(-1.78500000000001,10.523,15.95));
#6743=CARTESIAN_POINT('',(-1.78500000000001,9.07300000000002,15.95));
#6744=CARTESIAN_POINT('Origin',(-2.18500000000001,8.82300000000002,15.6));
#6745=CARTESIAN_POINT('',(-1.78500000000001,9.07300000000002,15.6));
#6746=CARTESIAN_POINT('Origin',(-0.585000000000007,9.07300000000002,15.6));
#6747=CARTESIAN_POINT('',(14.7075,9.07300000000001,15.95));
#6748=CARTESIAN_POINT('Origin',(14.7075,10.523,15.95));
#6749=CARTESIAN_POINT('',(14.7075,10.523,17.4));
#6750=CARTESIAN_POINT('Origin',(30.,13.65,17.4));
#6751=CARTESIAN_POINT('',(13.7075,16.963,17.4));
#6752=CARTESIAN_POINT('Origin',(13.7075,16.963,15.95));
#6753=CARTESIAN_POINT('',(13.7075,18.413,15.95));
#6754=CARTESIAN_POINT('Origin',(-2.58500000000001,18.413,15.6));
#6755=CARTESIAN_POINT('Origin',(30.,13.65,21.4));
#6756=CARTESIAN_POINT('Origin',(56.4058565657482,34.015,15.6));
#6757=CARTESIAN_POINT('',(57.7161848032648,30.2356032328353,15.6));
#6758=CARTESIAN_POINT('Origin',(59.0263677861753,26.4563677861753,15.6));
#6759=CARTESIAN_POINT('',(62.8055901028009,25.1461469301183,15.6));
#6760=CARTESIAN_POINT('Origin',(66.585,23.8358565657482,15.6));
#6761=CARTESIAN_POINT('Origin',(66.585,3.46414343425185,15.6));
#6762=CARTESIAN_POINT('',(62.8055901027858,2.15385306987651,15.6));
#6763=CARTESIAN_POINT('Origin',(59.0263677861753,0.843632213824729,15.6));
#6764=CARTESIAN_POINT('',(57.7161848032648,-2.93560323283535,15.6));
#6765=CARTESIAN_POINT('Origin',(56.4058565657482,-6.71500000000001,15.6));
#6766=CARTESIAN_POINT('',(56.4341410789698,-2.715,15.6));
#6767=CARTESIAN_POINT('Origin',(3.56585892103023,-2.71500000000001,15.6));
#6768=UNCERTAINTY_MEASURE_WITH_UNIT(LENGTH_MEASURE(0.01),#6772,
'DISTANCE_ACCURACY_VALUE',
'Maximum model space distance between geometric entities at asserted c
onnectivities');
#6769=UNCERTAINTY_MEASURE_WITH_UNIT(LENGTH_MEASURE(0.01),#6772,
'DISTANCE_ACCURACY_VALUE',
'Maximum model space distance between geometric entities at asserted c
onnectivities');
#6770=(
GEOMETRIC_REPRESENTATION_CONTEXT(3)
GLOBAL_UNCERTAINTY_ASSIGNED_CONTEXT((#6768))
GLOBAL_UNIT_ASSIGNED_CONTEXT((#6772,#6774,#6775))
REPRESENTATION_CONTEXT('','3D')
);
#6771=(
GEOMETRIC_REPRESENTATION_CONTEXT(3)
GLOBAL_UNCERTAINTY_ASSIGNED_CONTEXT((#6769))
GLOBAL_UNIT_ASSIGNED_CONTEXT((#6772,#6774,#6775))
REPRESENTATION_CONTEXT('','3D')
);
#6772=(
LENGTH_UNIT()
NAMED_UNIT(*)
SI_UNIT(.MILLI.,.METRE.)
);
#6773=(
LENGTH_UNIT()
NAMED_UNIT(*)
SI_UNIT($,.METRE.)
);
#6774=(
NAMED_UNIT(*)
PLANE_ANGLE_UNIT()
SI_UNIT($,.RADIAN.)
);
#6775=(
NAMED_UNIT(*)
SI_UNIT($,.STERADIAN.)
SOLID_ANGLE_UNIT()
);
#6776=SHAPE_DEFINITION_REPRESENTATION(#6777,#6778);
#6777=PRODUCT_DEFINITION_SHAPE('',$,#6780);
#6778=SHAPE_REPRESENTATION('',(#4059),#6770);
#6779=PRODUCT_DEFINITION_CONTEXT('part definition',#6784,'design');
#6780=PRODUCT_DEFINITION('2026-07-25-14-13-06-419','TallerHaCase2',#6781,
#6779);
#6781=PRODUCT_DEFINITION_FORMATION('',$,#6786);
#6782=PRODUCT_RELATED_PRODUCT_CATEGORY('TallerHaCase2','TallerHaCase2',
(#6786));
#6783=APPLICATION_PROTOCOL_DEFINITION('international standard',
'automotive_design',2009,#6784);
#6784=APPLICATION_CONTEXT(
'Core Data for Automotive Mechanical Design Process');
#6785=PRODUCT_CONTEXT('part definition',#6784,'mechanical');
#6786=PRODUCT('2026-07-25-14-13-06-419','TallerHaCase2',$,(#6785));
#6787=PRESENTATION_STYLE_ASSIGNMENT((#6789));
#6788=PRESENTATION_STYLE_ASSIGNMENT((#6790));
#6789=SURFACE_STYLE_USAGE(.BOTH.,#6791);
#6790=SURFACE_STYLE_USAGE(.BOTH.,#6792);
#6791=SURFACE_SIDE_STYLE('',(#6793));
#6792=SURFACE_SIDE_STYLE('',(#6794));
#6793=SURFACE_STYLE_FILL_AREA(#6795);
#6794=SURFACE_STYLE_FILL_AREA(#6796);
#6795=FILL_AREA_STYLE('Steel - Satin',(#6797));
#6796=FILL_AREA_STYLE('Paint - Enamel Glossy (Blue)',(#6798));
#6797=FILL_AREA_STYLE_COLOUR('Steel - Satin',#6799);
#6798=FILL_AREA_STYLE_COLOUR('Paint - Enamel Glossy (Blue)',#6800);
#6799=COLOUR_RGB('Steel - Satin',0.627450980392157,0.627450980392157,0.627450980392157);
#6800=COLOUR_RGB('Paint - Enamel Glossy (Blue)',0.188235294117647,0.231372549019608,
0.588235294117647);
ENDSEC;
END-ISO-10303-21;
